source_file,source_row_number,raw__source_object_id,source_object_id,raw__event_id,event_id,raw__incident_date,incident_date,raw__asset_type,asset_type,raw__road_closure,road_closure,raw__sidewalk_closure,sidewalk_closure,raw__estimated_repair_hours,estimated_repair_hours,raw__estimated_units_impacted,estimated_units_impacted,raw__cw_service_request_number,cw_service_request_number,raw__break_status,break_status,raw__status_updated_date,status_updated_date,raw__cw_workorder_number,cw_workorder_number,raw__normal_service_date,normal_service_date,raw__break_nature,break_nature,raw__break_cause,break_cause,raw__repair_type,repair_type,raw__planned_maintenance_type,planned_maintenance_type,raw__valves_closed,valves_closed,raw__valves_opened,valves_opened,raw__hydrants_called_out,hydrants_called_out,raw__hydrants_called_back_in,hydrants_called_back_in,raw__break_category,break_category,raw__road_segment_id,road_segment_id,raw__closest_civic_number,closest_civic_number,raw__street,street,raw__related_asset_id,related_asset_id,raw__asset_depth_m,asset_depth_m,raw__frost_depth_m,frost_depth_m,raw__asset_size_reported,asset_size_reported,raw__reported_installation_year,reported_installation_year,raw__asset_material,asset_material,raw__asset_exists,asset_exists,raw__global_id,global_id,raw__update_by,update_by,raw__update_date,update_date,raw__x,x,raw__y,y,invalid_primary_key,eligible_event,matched_asset,ambiguous_asset,unmatched_asset,placeholder_related_asset_id,matched_installation_date,event_before_install,reliable_event,event_disposition,incident_day,same_pipe_day_event_count,same_pipe_day_multiple_events,eligible_same_pipe_day_event_count,eligible_same_pipe_day_multiple_events
Water_Main_Breaks_-8394745777553033727.csv,26,8010,8010,73,73,12/19/2004 12:00:00 AM,2004-12-19T00:00:00,MAIN,MAIN,,,,,,,,,,,REPAIR COMPLETED,REPAIR COMPLETED,12/15/2011 3:38:26 PM,2011-12-15T15:38:26,,,,,UNKNOWN,UNKNOWN,OTHER,OTHER,,,,,,,,,,,,,CATEGORY 1,CATEGORY 1,11103,11103,17,17,BISMARK AVE,BISMARK AVE,76420,76420,,,,,150,150,2009,2009,PVC,PVC,N,N,1431fd09-add6-4eea-a265-f44f2fe78cb0,1431fd09-add6-4eea-a265-f44f2fe78cb0,DAVIDV,DAVIDV,12/15/2011 3:38:26 PM,2011-12-15T15:38:26,540361,540361,4811944,4811944,False,True,True,False,False,False,2009-11-27T00:00:00,True,False,event_before_install,2004-12-19T00:00:00,1,False,1,False
Water_Main_Breaks_-8394745777553033727.csv,31,8015,8015,1678,1678,12/15/2011 3:38:26 PM,2011-12-15T15:38:26,MAIN,MAIN,,,,,,,,,,,REPAIR COMPLETED,REPAIR COMPLETED,12/15/2011 3:38:26 PM,2011-12-15T15:38:26,,,,,UNKNOWN,UNKNOWN,OTHER,OTHER,,,,,,,,,,,,,CATEGORY 1,CATEGORY 1,6336,6336,131,131,GLEN RD,GLEN RD,136126,136126,,,,,150,150,2017,2017,PVCO,PVCO,N,N,fd99993e-cc6b-4ffc-8fdf-14006a471b71,fd99993e-cc6b-4ffc-8fdf-14006a471b71,DAVIDV,DAVIDV,12/15/2011 3:38:26 PM,2011-12-15T15:38:26,540675.8244,540675.8244,4809468.2608,4809468.2608,False,True,True,False,False,False,2017-08-28T00:00:00,True,False,event_before_install,2011-12-15T00:00:00,1,False,1,False
Water_Main_Breaks_-8394745777553033727.csv,35,8019,8019,70,70,2/25/2003 12:00:00 AM,2003-02-25T00:00:00,MAIN,MAIN,,,,,,,,,,,REPAIR COMPLETED,REPAIR COMPLETED,12/15/2011 3:38:26 PM,2011-12-15T15:38:26,,,,,UNKNOWN,UNKNOWN,OTHER,OTHER,,,,,,,,,,,,,CATEGORY 1,CATEGORY 1,11490,11490,164,164,MERNER AVE,MERNER AVE,98392,98392,,,,,150,150,2014,2014,PVCO,PVCO,N,N,b9cc8fdc-a06e-444c-b86f-b040fc5e7711,b9cc8fdc-a06e-444c-b86f-b040fc5e7711,DAVIDV,DAVIDV,12/15/2011 3:38:26 PM,2011-12-15T15:38:26,542639.5635,542639.5635,4811041.2121,4811041.2121,False,True,True,False,False,False,2014-12-12T00:00:00,True,False,event_before_install,2003-02-25T00:00:00,1,False,1,False
Water_Main_Breaks_-8394745777553033727.csv,39,8023,8023,92,92,9/22/2003 12:00:00 AM,2003-09-22T00:00:00,MAIN,MAIN,,,,,,,,,,,REPAIR COMPLETED,REPAIR COMPLETED,12/15/2011 3:38:26 PM,2011-12-15T15:38:26,,,,,UNKNOWN,UNKNOWN,OTHER,OTHER,,,,,,,,,,,,,CATEGORY 1,CATEGORY 1,1266,1266,210,210,GLASGOW ST,GLASGOW ST,79000,79000,,,,,300,300,2013,2013,PVCO,PVCO,N,N,87145d23-d418-4c40-bc7d-96f4f6455a58,87145d23-d418-4c40-bc7d-96f4f6455a58,DAVIDV,DAVIDV,12/15/2011 3:38:26 PM,2011-12-15T15:38:26,539020.664,539020.664,4811088.1728,4811088.1728,False,True,True,False,False,False,2013-12-11T00:00:00,True,False,event_before_install,2003-09-22T00:00:00,1,False,1,False
Water_Main_Breaks_-8394745777553033727.csv,40,8024,8024,1295,1295,1/29/2005 12:00:00 AM,2005-01-29T00:00:00,MAIN,MAIN,,,,,,,,,,,REPAIR COMPLETED,REPAIR COMPLETED,12/15/2011 3:38:27 PM,2011-12-15T15:38:27,,,,,UNKNOWN,UNKNOWN,OTHER,OTHER,,,,,,,,,,,,,CATEGORY 1,CATEGORY 1,5724,5724,17,17,RUBY ST,RUBY ST,72730,72730,,,,,150,150,2005,2005,PVC,PVC,N,N,65adfa46-fa5d-48d2-9c77-aaa9d1e71a88,65adfa46-fa5d-48d2-9c77-aaa9d1e71a88,DAVIDV,DAVIDV,12/15/2011 3:38:27 PM,2011-12-15T15:38:27,540760,540760,4809783,4809783,False,True,True,False,False,False,2005-10-01T00:00:00,True,False,event_before_install,2005-01-29T00:00:00,1,False,1,False
Water_Main_Breaks_-8394745777553033727.csv,42,8026,8026,305,305,3/13/2005 12:00:00 AM,2005-03-13T00:00:00,MAIN,MAIN,,,,,,,,,,,REPAIR COMPLETED,REPAIR COMPLETED,12/15/2011 3:38:26 PM,2011-12-15T15:38:26,,,,,UNKNOWN,UNKNOWN,OTHER,OTHER,,,,,,,,,,,,,CATEGORY 1,CATEGORY 1,13316,13316,119,119,PLYMOUTH RD,PLYMOUTH RD,76727,76727,,,,,150,150,2010,2010,PVC,PVC,N,N,ef4fe908-6aa2-44cd-8f4b-4cfc9c0a05f3,ef4fe908-6aa2-44cd-8f4b-4cfc9c0a05f3,DAVIDV,DAVIDV,12/15/2011 3:38:26 PM,2011-12-15T15:38:26,543643.6066,543643.6066,4809161.8411,4809161.8411,False,True,True,False,False,False,2010-09-02T00:00:00,True,False,event_before_install,2005-03-13T00:00:00,1,False,1,False
Water_Main_Breaks_-8394745777553033727.csv,60,8044,8044,1849,1849,2/20/2013 12:00:00 AM,2013-02-20T00:00:00,MAIN,MAIN,,,,,,,,,,,REPAIR COMPLETED,REPAIR COMPLETED,2/7/2014 12:00:00 AM,2014-02-07T00:00:00,77999,77999,,,FITTING/JOINT,FITTING/JOINT,COMBINATION,COMBINATION,,,,,,,,,,,,,CATEGORY 1,CATEGORY 1,11490,11490,160,160,MERNER AVE,MERNER AVE,98392,98392,,,,,150,150,2014,2014,PVCO,PVCO,N,N,e7a3c396-65b4-4ee1-9e90-8749df77c5e2,e7a3c396-65b4-4ee1-9e90-8749df77c5e2,DAVIDV,DAVIDV,2/7/2014 12:00:00 AM,2014-02-07T00:00:00,542635.8992,542635.8992,4811048.8368,4811048.8368,False,True,True,False,False,False,2014-12-12T00:00:00,True,False,event_before_install,2013-02-20T00:00:00,1,False,1,False
Water_Main_Breaks_-8394745777553033727.csv,64,8048,8048,1854,1854,2/15/2013 12:00:00 AM,2013-02-15T00:00:00,MAIN,MAIN,,,,,,,,,,,REPAIR COMPLETED,REPAIR COMPLETED,2/7/2014 12:00:00 AM,2014-02-07T00:00:00,77927,77927,,,CIRCUMFERENTIAL,CIRCUMFERENTIAL,COMBINATION,COMBINATION,,,,,,,,,,,,,CATEGORY 1,CATEGORY 1,8861,8861,88,88,ABERDEEN RD,ABERDEEN RD,136824,136824,,,,,150,150,,,PVC,PVC,N,N,bb455ad5-498e-4586-b70d-63bc402dab67,bb455ad5-498e-4586-b70d-63bc402dab67,DAVIDV,DAVIDV,2/7/2014 12:00:00 AM,2014-02-07T00:00:00,538144.6902,538144.6902,4810974.0492,4810974.0492,False,True,True,False,False,False,2018-06-01T00:00:00,True,False,event_before_install,2013-02-15T00:00:00,1,False,1,False
Water_Main_Breaks_-8394745777553033727.csv,76,8060,8060,48,48,9/21/2000 12:00:00 AM,2000-09-21T00:00:00,MAIN,MAIN,,,,,,,,,,,REPAIR COMPLETED,REPAIR COMPLETED,12/15/2011 3:38:26 PM,2011-12-15T15:38:26,,,,,UNKNOWN,UNKNOWN,OTHER,OTHER,,,,,,,,,,,,,CATEGORY 1,CATEGORY 1,1717,1717,465,465,VICTORIA ST S,VICTORIA ST S,73200,73200,,,,,600,600,2006,2006,CPP,CPP,N,N,f6a72576-ea9c-4f10-985f-b330cba4f523,f6a72576-ea9c-4f10-985f-b330cba4f523,DAVIDV,DAVIDV,12/15/2011 3:38:26 PM,2011-12-15T15:38:26,539394,539394,4810087,4810087,False,True,True,False,False,False,2006-06-01T00:00:00,True,False,event_before_install,2000-09-21T00:00:00,1,False,1,False
Water_Main_Breaks_-8394745777553033727.csv,85,8069,8069,1024,1024,7/21/1997 12:00:00 AM,1997-07-21T00:00:00,MAIN,MAIN,,,,,,,,,,,REPAIR COMPLETED,REPAIR COMPLETED,12/15/2011 3:38:27 PM,2011-12-15T15:38:27,,,,,UNKNOWN,UNKNOWN,OTHER,OTHER,,,,,,,,,,,,,CATEGORY 1,CATEGORY 1,40174,40174,150,150,VICTORIA ST N,VICTORIA ST N,81902,81902,,,,,600,600,2008,2008,PVC,PVC,N,N,e0ec6ced-be14-4b1e-acae-8bd67c9ba746,e0ec6ced-be14-4b1e-acae-8bd67c9ba746,DAVIDV,DAVIDV,12/15/2011 3:38:27 PM,2011-12-15T15:38:27,541112,541112,4811519,4811519,False,True,True,False,False,False,2008-02-01T00:00:00,True,False,event_before_install,1997-07-21T00:00:00,1,False,1,False
Water_Main_Breaks_-8394745777553033727.csv,87,8071,8071,61,61,1/23/2003 12:00:00 AM,2003-01-23T00:00:00,MAIN,MAIN,,,,,,,,,,,REPAIR COMPLETED,REPAIR COMPLETED,12/15/2011 3:38:26 PM,2011-12-15T15:38:26,,,,,UNKNOWN,UNKNOWN,OTHER,OTHER,,,,,,,,,,,,,CATEGORY 1,CATEGORY 1,6693,6693,61,61,HALLS LANE W,HALLS LANE W,77534,77534,,,,,300,300,2013,2013,PVC,PVC,N,N,b9f97cbc-b0a6-471a-bf53-d941a037c9ed,b9f97cbc-b0a6-471a-bf53-d941a037c9ed,DAVIDV,DAVIDV,12/15/2011 3:38:26 PM,2011-12-15T15:38:26,541104.3034,541104.3034,4810946.2788,4810946.2788,False,True,True,False,False,False,2013-04-11T00:00:00,True,False,event_before_install,2003-01-23T00:00:00,1,False,1,False
Water_Main_Breaks_-8394745777553033727.csv,88,8072,8072,462,462,12/24/2004 12:00:00 AM,2004-12-24T00:00:00,MAIN,MAIN,,,,,,,,,,,REPAIR COMPLETED,REPAIR COMPLETED,12/15/2011 3:38:26 PM,2011-12-15T15:38:26,,,,,UNKNOWN,UNKNOWN,OTHER,OTHER,,,,,,,,,,,,,CATEGORY 1,CATEGORY 1,11330,11330,319,319,SPADINA RD E,SPADINA RD E,77368,77368,,,,,150,150,2011,2011,PVCO,PVCO,N,N,26c392d8-87e1-495c-a801-d547b3634b08,26c392d8-87e1-495c-a801-d547b3634b08,DAVIDV,DAVIDV,12/15/2011 3:38:26 PM,2011-12-15T15:38:26,541277.1435,541277.1435,4809708.9718,4809708.9718,False,True,True,False,False,False,2011-08-04T00:00:00,True,False,event_before_install,2004-12-24T00:00:00,2,True,2,True
Water_Main_Breaks_-8394745777553033727.csv,91,8075,8075,15,15,12/1/2005 12:00:00 AM,2005-12-01T00:00:00,MAIN,MAIN,,,,,,,,,,,REPAIR COMPLETED,REPAIR COMPLETED,12/15/2011 3:38:26 PM,2011-12-15T15:38:26,,,,,UNKNOWN,UNKNOWN,OTHER,OTHER,,,,,,,,,,,,,CATEGORY 1,CATEGORY 1,9167,9167,15,15,SCHNEIDER AVE,SCHNEIDER AVE,76066,76066,,,,,150,150,2009,2009,PVC,PVC,N,N,57b9ec6a-f855-45d2-802c-fdb6a5deb31b,57b9ec6a-f855-45d2-802c-fdb6a5deb31b,DAVIDV,DAVIDV,12/15/2011 3:38:26 PM,2011-12-15T15:38:26,540849,540849,4810276,4810276,False,True,True,False,False,False,2009-05-11T00:00:00,True,False,event_before_install,2005-12-01T00:00:00,1,False,1,False
Water_Main_Breaks_-8394745777553033727.csv,92,8076,8076,45,45,6/3/2002 12:00:00 AM,2002-06-03T00:00:00,MAIN,MAIN,,,,,,,,,,,REPAIR COMPLETED,REPAIR COMPLETED,12/15/2011 3:38:26 PM,2011-12-15T15:38:26,,,,,UNKNOWN,UNKNOWN,OTHER,OTHER,,,,,,,,,,,,,CATEGORY 1,CATEGORY 1,10658,10658,46,46,MT HOPE ST,MT HOPE ST,76742,76742,,,,,300,300,2010,2010,PVC,PVC,N,N,bedae656-d082-496a-82c2-419a79a238b5,bedae656-d082-496a-82c2-419a79a238b5,DAVIDV,DAVIDV,12/15/2011 3:38:26 PM,2011-12-15T15:38:26,539296.2552,539296.2552,4811572.1944,4811572.1944,False,True,True,False,False,False,2010-08-05T00:00:00,True,False,event_before_install,2002-06-03T00:00:00,1,False,1,False
Water_Main_Breaks_-8394745777553033727.csv,97,8081,8081,28,28,7/3/2006 12:00:00 AM,2006-07-03T00:00:00,MAIN,MAIN,,,,,,,,,,,REPAIR COMPLETED,REPAIR COMPLETED,12/15/2011 3:38:26 PM,2011-12-15T15:38:26,,,,,UNKNOWN,UNKNOWN,OTHER,OTHER,,,,,,,,,,,,,CATEGORY 1,CATEGORY 1,11330,11330,310,310,SPADINA RD E,SPADINA RD E,77368,77368,,,,,150,150,2011,2011,PVCO,PVCO,N,N,4faf22a2-d2f2-477b-931f-c0e3155437f4,4faf22a2-d2f2-477b-931f-c0e3155437f4,DAVIDV,DAVIDV,12/15/2011 3:38:26 PM,2011-12-15T15:38:26,541258.3228,541258.3228,4809700.3641,4809700.3641,False,True,True,False,False,False,2011-08-04T00:00:00,True,False,event_before_install,2006-07-03T00:00:00,1,False,1,False
Water_Main_Breaks_-8394745777553033727.csv,99,8083,8083,218,218,3/4/1997 12:00:00 AM,1997-03-04T00:00:00,MAIN,MAIN,,,,,,,,,,,REPAIR COMPLETED,REPAIR COMPLETED,12/15/2011 3:38:26 PM,2011-12-15T15:38:26,,,,,UNKNOWN,UNKNOWN,OTHER,OTHER,,,,,,,,,,,,,CATEGORY 1,CATEGORY 1,9840,9840,15,15,LIBERTY AVE,LIBERTY AVE,77126,77126,,,,,150,150,2012,2012,PVCO,PVCO,N,N,ebfd934e-45e7-4c89-b9b3-5f5c379fec2b,ebfd934e-45e7-4c89-b9b3-5f5c379fec2b,DAVIDV,DAVIDV,12/15/2011 3:38:26 PM,2011-12-15T15:38:26,542929.0855,542929.0855,4810918.4142,4810918.4142,False,True,True,False,False,False,2012-02-07T00:00:00,True,False,event_before_install,1997-03-04T00:00:00,1,False,1,False
Water_Main_Breaks_-8394745777553033727.csv,100,8084,8084,1259,1259,12/1/2008 12:00:00 AM,2008-12-01T00:00:00,MAIN,MAIN,,,,,,,,,,,REPAIR COMPLETED,REPAIR COMPLETED,12/15/2011 3:38:27 PM,2011-12-15T15:38:27,2317,2317,,,UNKNOWN,UNKNOWN,OTHER,OTHER,,,,,,,,,,,,,CATEGORY 1,CATEGORY 1,20672,20672,99,99,VISTA CRES,VISTA CRES,133140,133140,,,,,150,150,2016,2016,PVC,PVC,N,N,3fe1aa04-9457-4cf2-a849-a4df0688d123,3fe1aa04-9457-4cf2-a849-a4df0688d123,DAVIDV,DAVIDV,12/15/2011 3:38:27 PM,2011-12-15T15:38:27,540013.9547,540013.9547,4809155.9942,4809155.9942,False,True,True,False,False,False,2016-06-10T00:00:00,True,False,event_before_install,2008-12-01T00:00:00,1,False,1,False
Water_Main_Breaks_-8394745777553033727.csv,106,8090,8090,588,588,11/11/1998 12:00:00 AM,1998-11-11T00:00:00,MAIN,MAIN,,,,,,,,,,,REPAIR COMPLETED,REPAIR COMPLETED,12/15/2011 3:38:27 PM,2011-12-15T15:38:27,,,,,UNKNOWN,UNKNOWN,OTHER,OTHER,,,,,,,,,,,,,CATEGORY 1,CATEGORY 1,6498,6498,336,336,GREENBROOK DR,GREENBROOK DR,76498,76498,,,,,200,200,2010,2010,HDPE,HDPE,N,N,53df844e-92de-45f4-b2c2-8dd22a3c640f,53df844e-92de-45f4-b2c2-8dd22a3c640f,DAVIDV,DAVIDV,12/15/2011 3:38:27 PM,2011-12-15T15:38:27,539706,539706,4808401,4808401,False,True,True,False,False,False,2010-06-14T00:00:00,True,False,event_before_install,1998-11-11T00:00:00,1,False,1,False
Water_Main_Breaks_-8394745777553033727.csv,113,8097,8097,146,146,3/1/2005 12:00:00 AM,2005-03-01T00:00:00,MAIN,MAIN,,,,,,,,,,,REPAIR COMPLETED,REPAIR COMPLETED,12/15/2011 3:38:26 PM,2011-12-15T15:38:26,,,,,UNKNOWN,UNKNOWN,OTHER,OTHER,,,,,,,,,,,,,CATEGORY 1,CATEGORY 1,9880,9880,245,245,MELROSE AVE,MELROSE AVE,76688,76688,,,,,150,150,2010,2010,PVC,PVC,N,N,5581db7d-0aab-4fe9-867f-5e3e7729381d,5581db7d-0aab-4fe9-867f-5e3e7729381d,DAVIDV,DAVIDV,12/15/2011 3:38:26 PM,2011-12-15T15:38:26,542979.8714,542979.8714,4811128.2884,4811128.2884,False,True,True,False,False,False,2010-09-01T00:00:00,True,False,event_before_install,2005-03-01T00:00:00,1,False,1,False
Water_Main_Breaks_-8394745777553033727.csv,117,8101,8101,390,390,1/14/2002 12:00:00 AM,2002-01-14T00:00:00,MAIN,MAIN,,,,,,,,,,,REPAIR COMPLETED,REPAIR COMPLETED,12/15/2011 3:38:26 PM,2011-12-15T15:38:26,,,,,UNKNOWN,UNKNOWN,OTHER,OTHER,,,,,,,,,,,,,CATEGORY 1,CATEGORY 1,13319,13319,211,211,DIXON ST,DIXON ST,76462,76462,,,,,150,150,2010,2010,PVC,PVC,N,N,b41985d3-e150-4ca2-9526-706f832ae5d1,b41985d3-e150-4ca2-9526-706f832ae5d1,DAVIDV,DAVIDV,12/15/2011 3:38:26 PM,2011-12-15T15:38:26,543538,543538,4808911,4808911,False,True,True,False,False,False,2010-12-15T00:00:00,True,False,event_before_install,2002-01-14T00:00:00,1,False,1,False
Water_Main_Breaks_-8394745777553033727.csv,118,8102,8102,247,247,4/3/1997 12:00:00 AM,1997-04-03T00:00:00,MAIN,MAIN,,,,,,,,,,,REPAIR COMPLETED,REPAIR COMPLETED,12/15/2011 3:38:26 PM,2011-12-15T15:38:26,,,,,UNKNOWN,UNKNOWN,OTHER,OTHER,,,,,,,,,,,,,CATEGORY 1,CATEGORY 1,9881,9881,410,410,DUMFRIES AVE,DUMFRIES AVE,133956,133956,,,,,150,150,2016,2016,PVC,PVC,N,N,7bd1f822-e18c-483d-af1a-2a91b07aca32,7bd1f822-e18c-483d-af1a-2a91b07aca32,DAVIDV,DAVIDV,12/15/2011 3:38:26 PM,2011-12-15T15:38:26,543116.7586,543116.7586,4811127.7397,4811127.7397,False,True,True,False,False,False,2016-05-09T00:00:00,True,False,event_before_install,1997-04-03T00:00:00,1,False,1,False
Water_Main_Breaks_-8394745777553033727.csv,119,8103,8103,1262,1262,12/1/2008 12:00:00 AM,2008-12-01T00:00:00,MAIN,MAIN,,,,,,,,,,,REPAIR COMPLETED,REPAIR COMPLETED,12/15/2011 3:38:27 PM,2011-12-15T15:38:27,2327,2327,,,UNKNOWN,UNKNOWN,OTHER,OTHER,,,,,,,,,,,,,CATEGORY 1,CATEGORY 1,10005,10005,70,70,FOURTH AVE,FOURTH AVE,133994,133994,,,,,150,150,2017,2017,PVC,PVC,N,N,4c98e97f-450e-44dc-b730-29c55da4e448,4c98e97f-450e-44dc-b730-29c55da4e448,DAVIDV,DAVIDV,12/15/2011 3:38:27 PM,2011-12-15T15:38:27,544222.1501,544222.1501,4809039.9938,4809039.9938,False,True,True,False,False,False,2017-10-04T00:00:00,True,False,event_before_install,2008-12-01T00:00:00,1,False,1,False
Water_Main_Breaks_-8394745777553033727.csv,121,8105,8105,20,20,5/16/2001 12:00:00 AM,2001-05-16T00:00:00,MAIN,MAIN,,,,,,,,,,,REPAIR COMPLETED,REPAIR COMPLETED,12/15/2011 3:38:26 PM,2011-12-15T15:38:26,,,,,UNKNOWN,UNKNOWN,OTHER,OTHER,,,,,,,,,,,,,CATEGORY 1,CATEGORY 1,11079,11079,123,123,VICTORIA ST N,VICTORIA ST N,98272,98272,,,,,600,600,2008,2008,PVC,PVC,N,N,01760f39-51cd-4aa2-b1aa-823cf6ed7682,01760f39-51cd-4aa2-b1aa-823cf6ed7682,DAVIDV,DAVIDV,12/15/2011 3:38:26 PM,2011-12-15T15:38:26,541034,541034,4811463,4811463,False,True,True,False,False,False,2008-02-01T00:00:00,True,False,event_before_install,2001-05-16T00:00:00,1,False,1,False
Water_Main_Breaks_-8394745777553033727.csv,151,8135,8135,1880,1880,1/5/2013 12:00:00 AM,2013-01-05T00:00:00,MAIN,MAIN,,,,,,,,,,,REPAIR COMPLETED,REPAIR COMPLETED,2/7/2014 12:00:00 AM,2014-02-07T00:00:00,75869,75869,,,CIRCUMFERENTIAL,CIRCUMFERENTIAL,CORROSION,CORROSION,,,,,,,,,,,,,CATEGORY 1,CATEGORY 1,20672,20672,29,29,VISTA CRES,VISTA CRES,133134,133134,,,,,150,150,2016,2016,PVC,PVC,N,N,477660df-e416-4434-9b84-cd567be2bbaa,477660df-e416-4434-9b84-cd567be2bbaa,DAVIDV,DAVIDV,2/7/2014 12:00:00 AM,2014-02-07T00:00:00,540093.9416,540093.9416,4809018.5948,4809018.5948,False,True,True,False,False,False,2016-06-20T00:00:00,True,False,event_before_install,2013-01-05T00:00:00,1,False,1,False
Water_Main_Breaks_-8394745777553033727.csv,163,8147,8147,1217,1217,4/3/2008 12:00:00 AM,2008-04-03T00:00:00,MAIN,MAIN,,,,,,,,,,,REPAIR COMPLETED,REPAIR COMPLETED,12/15/2011 3:38:27 PM,2011-12-15T15:38:27,190755,190755,,,UNKNOWN,UNKNOWN,OTHER,OTHER,,,,,,,,,,,,,CATEGORY 1,CATEGORY 1,6899,6899,390,390,COURTLAND AVE E,COURTLAND AVE E,8490,8490,,,,,300,300,2015,2015,DI,DI,N,N,8becf031-fdd3-4695-8a73-ca081c96009c,8becf031-fdd3-4695-8a73-ca081c96009c,DAVIDV,DAVIDV,12/15/2011 3:38:27 PM,2011-12-15T15:38:27,542163.9489,542163.9489,4809597.6302,4809597.6302,False,True,True,False,False,False,2015-10-09T00:00:00,True,False,event_before_install,2008-04-03T00:00:00,1,False,1,False
Water_Main_Breaks_-8394745777553033727.csv,168,8152,8152,202,202,3/2/2003 12:00:00 AM,2003-03-02T00:00:00,MAIN,MAIN,,,,,,,,,,,REPAIR COMPLETED,REPAIR COMPLETED,12/15/2011 3:38:26 PM,2011-12-15T15:38:26,,,,,UNKNOWN,UNKNOWN,OTHER,OTHER,,,,,,,,,,,,,CATEGORY 1,CATEGORY 1,10135,10135,28,28,CLIVE RD,CLIVE RD,69385,69385,,,,,150,150,2008,2008,PVC,PVC,N,N,9d838527-18e6-46a9-a20d-d648a6f7b81c,9d838527-18e6-46a9-a20d-d648a6f7b81c,DAVIDV,DAVIDV,12/15/2011 3:38:26 PM,2011-12-15T15:38:26,543562,543562,4810134,4810134,False,True,True,False,False,False,2008-08-30T00:00:00,True,False,event_before_install,2003-03-02T00:00:00,2,True,2,True
Water_Main_Breaks_-8394745777553033727.csv,171,8155,8155,598,598,10/26/2006 12:00:00 AM,2006-10-26T00:00:00,MAIN,MAIN,,,,,,,,,,,REPAIR COMPLETED,REPAIR COMPLETED,12/15/2011 3:38:27 PM,2011-12-15T15:38:27,,,,,UNKNOWN,UNKNOWN,OTHER,OTHER,,,,,,,,,,,,,CATEGORY 1,CATEGORY 1,6288,6288,455,455,GREENBROOK DR,GREENBROOK DR,76497,76497,,,,,200,200,2010,2010,HDPE,HDPE,N,N,aded76d4-2d11-4602-8d8b-b590fc240afa,aded76d4-2d11-4602-8d8b-b590fc240afa,DAVIDV,DAVIDV,12/15/2011 3:38:27 PM,2011-12-15T15:38:27,539481,539481,4808065,4808065,False,True,True,False,False,False,2010-06-14T00:00:00,True,False,event_before_install,2006-10-26T00:00:00,1,False,1,False
Water_Main_Breaks_-8394745777553033727.csv,176,8160,8160,1074,1074,1/29/2007 12:00:00 AM,2007-01-29T00:00:00,MAIN,MAIN,,,,,,,,,,,REPAIR COMPLETED,REPAIR COMPLETED,12/15/2011 3:38:27 PM,2011-12-15T15:38:27,169034,169034,,,CORROSION,CORROSION,OTHER,OTHER,,,,,,,,,,,,,CATEGORY 1,CATEGORY 1,13316,13316,53,53,PLYMOUTH RD,PLYMOUTH RD,86556,86556,,,,,150,150,2010,2010,PVC,PVC,N,N,a1f0255a-138e-40b9-bce8-15e2f65cfe9f,a1f0255a-138e-40b9-bce8-15e2f65cfe9f,DAVIDV,DAVIDV,12/15/2011 3:38:27 PM,2011-12-15T15:38:27,543624.2404,543624.2404,4809318.3661,4809318.3661,False,True,True,False,False,False,2010-09-02T00:00:00,True,False,event_before_install,2007-01-29T00:00:00,1,False,1,False
Water_Main_Breaks_-8394745777553033727.csv,181,8166,8166,1120,1120,3/18/2007 12:00:00 AM,2007-03-18T00:00:00,MAIN,MAIN,,,,,,,,,,,REPAIR COMPLETED,REPAIR COMPLETED,12/15/2011 3:38:27 PM,2011-12-15T15:38:27,170942,170942,,,FITTING/JOINT,FITTING/JOINT,OTHER,OTHER,,,,,,,,,,,,,CATEGORY 1,CATEGORY 1,9844,9844,293,293,MELROSE AVE,MELROSE AVE,76690,76690,,,,,150,150,2010,2010,PVC,PVC,N,N,7da31a01-52fa-4c91-b519-c1c618a71aea,7da31a01-52fa-4c91-b519-c1c618a71aea,DAVIDV,DAVIDV,12/15/2011 3:38:27 PM,2011-12-15T15:38:27,543076.6899,543076.6899,4811007.2493,4811007.2493,False,True,True,False,False,False,2010-09-01T00:00:00,True,False,event_before_install,2007-03-18T00:00:00,1,False,1,False
Water_Main_Breaks_-8394745777553033727.csv,197,8182,8182,1507,1507,10/19/2010 12:00:00 AM,2010-10-19T00:00:00,MAIN,MAIN,,,,,,,,,,,REPAIR COMPLETED,REPAIR COMPLETED,12/15/2011 3:38:28 PM,2011-12-15T15:38:28,35522,35522,,,CORROSION,CORROSION,COMBINATION,COMBINATION,,,,,,,,,,,,,CATEGORY 1,CATEGORY 1,6439,6439,72,72,PLEASANT AVE,PLEASANT AVE,136120,136120,,,,,150,150,2017,2017,PVCO,PVCO,N,N,8f6738d4-ab12-4b1a-8b78-3c87215dfd36,8f6738d4-ab12-4b1a-8b78-3c87215dfd36,DAVIDV,DAVIDV,12/15/2011 3:38:28 PM,2011-12-15T15:38:28,540609.4757,540609.4757,4809488.051,4809488.051,False,True,True,False,False,False,2017-08-28T00:00:00,True,False,event_before_install,2010-10-19T00:00:00,1,False,1,False
Water_Main_Breaks_-8394745777553033727.csv,202,8187,8187,139,139,12/23/2002 12:00:00 AM,2002-12-23T00:00:00,MAIN,MAIN,,,,,,,,,,,REPAIR COMPLETED,REPAIR COMPLETED,12/15/2011 3:38:26 PM,2011-12-15T15:38:26,,,,,UNKNOWN,UNKNOWN,OTHER,OTHER,,,,,,,,,,,,,CATEGORY 1,CATEGORY 1,9768,9768,42,42,GLENDALE RD,GLENDALE RD,133118,133118,,,,,150,150,2016,2016,PVC,PVC,N,N,947234da-42ba-43c2-abf1-4c1f65834e35,947234da-42ba-43c2-abf1-4c1f65834e35,DAVIDV,DAVIDV,12/15/2011 3:38:26 PM,2011-12-15T15:38:26,542816.2413,542816.2413,4811160.5069,4811160.5069,False,True,True,False,False,False,2016-08-01T00:00:00,True,False,event_before_install,2002-12-23T00:00:00,1,False,1,False
Water_Main_Breaks_-8394745777553033727.csv,209,8194,8194,489,489,5/16/2002 12:00:00 AM,2002-05-16T00:00:00,MAIN,MAIN,,,,,,,,,,,REPAIR COMPLETED,REPAIR COMPLETED,12/15/2011 3:38:27 PM,2011-12-15T15:38:27,,,,,UNKNOWN,UNKNOWN,OTHER,OTHER,,,,,,,,,,,,,CATEGORY 1,CATEGORY 1,10960,10960,98,98,DIXON ST,DIXON ST,76470,76470,,,,,150,150,2010,2010,PVC,PVC,N,N,bb849cd8-8954-44ea-8c58-2fde5c6b1609,bb849cd8-8954-44ea-8c58-2fde5c6b1609,DAVIDV,DAVIDV,12/15/2011 3:38:27 PM,2011-12-15T15:38:27,543719,543719,4809145,4809145,False,True,True,False,False,False,2010-12-15T00:00:00,True,False,event_before_install,2002-05-16T00:00:00,1,False,1,False
Water_Main_Breaks_-8394745777553033727.csv,221,8206,8206,1179,1179,1/8/2008 12:00:00 AM,2008-01-08T00:00:00,MAIN,MAIN,,,,,,,,,,,REPAIR COMPLETED,REPAIR COMPLETED,12/15/2011 3:38:27 PM,2011-12-15T15:38:27,187209,187209,,,UNKNOWN,UNKNOWN,OTHER,OTHER,,,,,,,,,,,,,CATEGORY 1,CATEGORY 1,20672,20672,89,89,VISTA CRES,VISTA CRES,133140,133140,,,,,150,150,2016,2016,PVC,PVC,N,N,76ecdc84-162b-440a-8228-e6a121263eac,76ecdc84-162b-440a-8228-e6a121263eac,DAVIDV,DAVIDV,12/15/2011 3:38:27 PM,2011-12-15T15:38:27,539984.2315,539984.2315,4809124.1319,4809124.1319,False,True,True,False,False,False,2016-06-10T00:00:00,True,False,event_before_install,2008-01-08T00:00:00,1,False,1,False
Water_Main_Breaks_-8394745777553033727.csv,223,8208,8208,140,140,3/10/2003 12:00:00 AM,2003-03-10T00:00:00,MAIN,MAIN,,,,,,,,,,,REPAIR COMPLETED,REPAIR COMPLETED,12/15/2011 3:38:26 PM,2011-12-15T15:38:26,,,,,UNKNOWN,UNKNOWN,OTHER,OTHER,,,,,,,,,,,,,CATEGORY 1,CATEGORY 1,9768,9768,28,28,GLENDALE RD,GLENDALE RD,133118,133118,,,,,150,150,2016,2016,PVC,PVC,N,N,df44137b-d486-4239-9b0c-3374575ef679,df44137b-d486-4239-9b0c-3374575ef679,DAVIDV,DAVIDV,12/15/2011 3:38:26 PM,2011-12-15T15:38:26,542773.2559,542773.2559,4811140.1356,4811140.1356,False,True,True,False,False,False,2016-08-01T00:00:00,True,False,event_before_install,2003-03-10T00:00:00,1,False,1,False
Water_Main_Breaks_-8394745777553033727.csv,224,8209,8209,1639,1639,1/1/1998 12:00:00 AM,1998-01-01T00:00:00,MAIN,MAIN,,,,,,,,,,,REPAIR COMPLETED,REPAIR COMPLETED,12/15/2011 3:38:26 PM,2011-12-15T15:38:26,,,,,UNKNOWN,UNKNOWN,OTHER,OTHER,,,,,,,,,,,,,CATEGORY 1,CATEGORY 1,20947,20947,956,956,QUEENS BLVD,QUEENS BLVD,81582,81582,,,,,150,150,2014,2014,PVC,PVC,N,N,8eb7db76-d964-4594-a61d-edd90bf1515e,8eb7db76-d964-4594-a61d-edd90bf1515e,DAVIDV,DAVIDV,12/15/2011 3:38:26 PM,2011-12-15T15:38:26,540270.5612,540270.5612,4809582.1276,4809582.1276,False,True,True,False,False,False,2014-07-01T00:00:00,True,False,event_before_install,1998-01-01T00:00:00,1,False,1,False
Water_Main_Breaks_-8394745777553033727.csv,225,8210,8210,26,26,7/31/1998 12:00:00 AM,1998-07-31T00:00:00,MAIN,MAIN,,,,,,,,,,,REPAIR COMPLETED,REPAIR COMPLETED,12/15/2011 3:38:26 PM,2011-12-15T15:38:26,,,,,UNKNOWN,UNKNOWN,OTHER,OTHER,,,,,,,,,,,,,CATEGORY 1,CATEGORY 1,1704,1704,195,195,HIGHLAND RD W,HIGHLAND RD W,97114,97114,,,,,300,300,2015,2015,PVCO,PVCO,N,N,3bd54c3e-aab8-4f57-ae58-11e556993829,3bd54c3e-aab8-4f57-ae58-11e556993829,DAVIDV,DAVIDV,12/15/2011 3:38:26 PM,2011-12-15T15:38:26,539995.1076,539995.1076,4809845.5836,4809845.5836,False,True,True,False,False,False,2015-08-01T00:00:00,True,False,event_before_install,1998-07-31T00:00:00,1,False,1,False
Water_Main_Breaks_-8394745777553033727.csv,248,8233,8233,444,444,2/6/2004 12:00:00 AM,2004-02-06T00:00:00,MAIN,MAIN,,,,,,,,,,,REPAIR COMPLETED,REPAIR COMPLETED,12/15/2011 3:38:26 PM,2011-12-15T15:38:26,,,,,UNKNOWN,UNKNOWN,OTHER,OTHER,,,,,,,,,,,,,CATEGORY 1,CATEGORY 1,10196,10196,107,107,CLIVE RD,CLIVE RD,83222,83222,,,,,150,150,2008,2008,PVC,PVC,N,N,c565a95b-a711-4599-8edc-7cf4a4ade289,c565a95b-a711-4599-8edc-7cf4a4ade289,DAVIDV,DAVIDV,12/15/2011 3:38:26 PM,2011-12-15T15:38:26,543833,543833,4810196,4810196,False,True,True,False,False,False,2008-08-30T00:00:00,True,False,event_before_install,2004-02-06T00:00:00,1,False,1,False
Water_Main_Breaks_-8394745777553033727.csv,265,8250,8250,1477,1477,4/29/2010 12:00:00 AM,2010-04-29T00:00:00,MAIN,MAIN,,,,,,,,,,,REPAIR COMPLETED,REPAIR COMPLETED,12/15/2011 3:38:28 PM,2011-12-15T15:38:28,26880,26880,,,CIRCUMFERENTIAL,CIRCUMFERENTIAL,AGE,AGE,,,,,,,,,,,,,CATEGORY 1,CATEGORY 1,8784,8784,20,20,LINDEN AVE,LINDEN AVE,76586,76586,,,,,200,200,2010,2010,PVC,PVC,N,N,961dd900-ac25-4544-a2e0-c8f2f890dce3,961dd900-ac25-4544-a2e0-c8f2f890dce3,DAVIDV,DAVIDV,12/15/2011 3:38:28 PM,2011-12-15T15:38:28,540581,540581,4810863,4810863,False,True,True,False,False,False,2010-11-12T00:00:00,True,False,event_before_install,2010-04-29T00:00:00,1,False,1,False
Water_Main_Breaks_-8394745777553033727.csv,269,8254,8254,1777,1777,12/30/2013 12:00:00 AM,2013-12-30T00:00:00,MAIN,MAIN,,,,,,,,,,,REPAIR COMPLETED,REPAIR COMPLETED,2/7/2014 12:00:00 AM,2014-02-07T00:00:00,94081,94081,,,FITTING/JOINT,FITTING/JOINT,AGE,AGE,,,,,,,,,,,,,CATEGORY 1,CATEGORY 1,6336,6336,,,GLEN RD,GLEN RD,136126,136126,,,,,150,150,2017,2017,PVCO,PVCO,N,N,6313fcfc-4c83-4718-ab6a-328a76722746,6313fcfc-4c83-4718-ab6a-328a76722746,DAVIDV,DAVIDV,2/7/2014 12:00:00 AM,2014-02-07T00:00:00,540704.2484,540704.2484,4809488.374,4809488.374,False,True,True,False,False,False,2017-08-28T00:00:00,True,False,event_before_install,2013-12-30T00:00:00,1,False,1,False
Water_Main_Breaks_-8394745777553033727.csv,283,8268,8268,1793,1793,12/10/2013 12:00:00 AM,2013-12-10T00:00:00,MAIN,MAIN,,,,,,,,,,,REPAIR COMPLETED,REPAIR COMPLETED,2/7/2014 12:00:00 AM,2014-02-07T00:00:00,92741,92741,,,LONGITUDINAL,LONGITUDINAL,OTHER,OTHER,,,,,,,,,,,,,CATEGORY 1,CATEGORY 1,6989,6989,1180,1180,UNION ST,UNION ST,97182,97182,,,,,150,150,2015,2015,PVC,PVC,N,N,8e1864d0-d23d-4b96-a12b-0503d3d9189b,8e1864d0-d23d-4b96-a12b-0503d3d9189b,DAVIDV,DAVIDV,2/7/2014 12:00:00 AM,2014-02-07T00:00:00,541868.234,541868.234,4813338.7076,4813338.7076,False,True,True,False,False,False,2015-10-31T00:00:00,True,False,event_before_install,2013-12-10T00:00:00,1,False,1,False
Water_Main_Breaks_-8394745777553033727.csv,299,8284,8284,138,138,2/2/2000 12:00:00 AM,2000-02-02T00:00:00,MAIN,MAIN,,,,,,,,,,,REPAIR COMPLETED,REPAIR COMPLETED,12/15/2011 3:38:26 PM,2011-12-15T15:38:26,,,,,UNKNOWN,UNKNOWN,OTHER,OTHER,,,,,,,,,,,,,CATEGORY 1,CATEGORY 1,9768,9768,54,54,GLENDALE RD,GLENDALE RD,133118,133118,,,,,150,150,2016,2016,PVC,PVC,N,N,81b7fa92-f40b-4180-a5cc-35afdfb1e8b2,81b7fa92-f40b-4180-a5cc-35afdfb1e8b2,DAVIDV,DAVIDV,12/15/2011 3:38:26 PM,2011-12-15T15:38:26,542852.7944,542852.7944,4811177.8303,4811177.8303,False,True,True,False,False,False,2016-08-01T00:00:00,True,False,event_before_install,2000-02-02T00:00:00,1,False,1,False
Water_Main_Breaks_-8394745777553033727.csv,301,8286,8286,23,23,8/30/2000 12:00:00 AM,2000-08-30T00:00:00,MAIN,MAIN,,,,,,,,,,,REPAIR COMPLETED,REPAIR COMPLETED,12/15/2011 3:38:26 PM,2011-12-15T15:38:26,,,,,UNKNOWN,UNKNOWN,OTHER,OTHER,,,,,,,,,,,,,CATEGORY 1,CATEGORY 1,11604,11604,122,122,MADISON AVE S,MADISON AVE S,69383,69383,,,,,150,150,2008,2008,PVC,PVC,N,N,007951f1-8e6e-4155-a9d5-0ef137352568,007951f1-8e6e-4155-a9d5-0ef137352568,DAVIDV,DAVIDV,12/15/2011 3:38:26 PM,2011-12-15T15:38:26,541673,541673,4810191,4810191,False,True,True,False,False,False,2008-10-04T00:00:00,True,False,event_before_install,2000-08-30T00:00:00,1,False,1,False
Water_Main_Breaks_-8394745777553033727.csv,306,8291,8291,1293,1293,9/18/1997 12:00:00 AM,1997-09-18T00:00:00,MAIN,MAIN,,,,,,,,,,,REPAIR COMPLETED,REPAIR COMPLETED,12/15/2011 3:38:27 PM,2011-12-15T15:38:27,,,,,UNKNOWN,UNKNOWN,OTHER,OTHER,,,,,,,,,,,,,CATEGORY 1,CATEGORY 1,9854,9854,89,89,PANDORA AVE N,PANDORA AVE N,78514,78514,,,,,150,150,2012,2012,PVC,PVC,N,N,70396429-e79e-463b-b2a7-6f45aeb07764,70396429-e79e-463b-b2a7-6f45aeb07764,DAVIDV,DAVIDV,12/15/2011 3:38:27 PM,2011-12-15T15:38:27,542353,542353,4810677,4810677,False,True,True,False,False,False,2012-05-01T00:00:00,True,False,event_before_install,1997-09-18T00:00:00,1,False,1,False
Water_Main_Breaks_-8394745777553033727.csv,313,8298,8298,184,184,2/13/1999 12:00:00 AM,1999-02-13T00:00:00,MAIN,MAIN,,,,,,,,,,,REPAIR COMPLETED,REPAIR COMPLETED,12/15/2011 3:38:26 PM,2011-12-15T15:38:26,,,,,UNKNOWN,UNKNOWN,OTHER,OTHER,,,,,,,,,,,,,CATEGORY 1,CATEGORY 1,22970,22970,88,88,BROADMOOR AVE,BROADMOOR AVE,4710,4710,,,,,150,150,2008,2008,PVC,PVC,N,N,114cd93e-51a2-4d25-8855-f4e4af697af7,114cd93e-51a2-4d25-8855-f4e4af697af7,DAVIDV,DAVIDV,12/15/2011 3:38:26 PM,2011-12-15T15:38:26,543900.4013,543900.4013,4808256.6489,4808256.6489,False,True,True,False,False,False,2008-08-13T00:00:00,True,False,event_before_install,1999-02-13T00:00:00,1,False,1,False
Water_Main_Breaks_-8394745777553033727.csv,323,8308,8308,1012,1012,11/27/2006 12:00:00 AM,2006-11-27T00:00:00,MAIN,MAIN,,,,,,,,,,,REPAIR COMPLETED,REPAIR COMPLETED,12/15/2011 3:38:27 PM,2011-12-15T15:38:27,,,,,UNKNOWN,UNKNOWN,OTHER,OTHER,,,,,,,,,,,,,CATEGORY 1,CATEGORY 1,13090,13090,44,44,BRIDGE ST E,BRIDGE ST E,97276,97276,,,,,150,150,2015,2015,PVC,PVC,N,N,25d9a287-954a-47ed-8bb2-bc23706515e2,25d9a287-954a-47ed-8bb2-bc23706515e2,DAVIDV,DAVIDV,12/15/2011 3:38:27 PM,2011-12-15T15:38:27,542237.0972,542237.0972,4814282.8464,4814282.8464,False,True,True,False,False,False,2015-02-09T00:00:00,True,False,event_before_install,2006-11-27T00:00:00,1,False,1,False
Water_Main_Breaks_-8394745777553033727.csv,324,8309,8309,25,25,7/30/1998 12:00:00 AM,1998-07-30T00:00:00,MAIN,MAIN,,,,,,,,,,,REPAIR COMPLETED,REPAIR COMPLETED,12/15/2011 3:38:26 PM,2011-12-15T15:38:26,,,,,UNKNOWN,UNKNOWN,OTHER,OTHER,,,,,,,,,,,,,CATEGORY 1,CATEGORY 1,1704,1704,187,187,HIGHLAND RD W,HIGHLAND RD W,97114,97114,,,,,300,300,2015,2015,PVCO,PVCO,N,N,42cc7859-d828-4ad7-82d7-ecd0be0c1075,42cc7859-d828-4ad7-82d7-ecd0be0c1075,DAVIDV,DAVIDV,12/15/2011 3:38:26 PM,2011-12-15T15:38:26,540023.4983,540023.4983,4809858.7816,4809858.7816,False,True,True,False,False,False,2015-08-01T00:00:00,True,False,event_before_install,1998-07-30T00:00:00,1,False,1,False
Water_Main_Breaks_-8394745777553033727.csv,327,8312,8312,387,387,3/6/2000 12:00:00 AM,2000-03-06T00:00:00,MAIN,MAIN,,,,,,,,,,,REPAIR COMPLETED,REPAIR COMPLETED,12/15/2011 3:38:26 PM,2011-12-15T15:38:26,,,,,UNKNOWN,UNKNOWN,OTHER,OTHER,,,,,,,,,,,,,CATEGORY 1,CATEGORY 1,13325,13325,306,306,DIXON ST,DIXON ST,76461,76461,,,,,150,150,2010,2010,PVC,PVC,N,N,ee0263ca-c230-48dd-8b0a-925d7dde2009,ee0263ca-c230-48dd-8b0a-925d7dde2009,DAVIDV,DAVIDV,12/15/2011 3:38:26 PM,2011-12-15T15:38:26,543238,543238,4808934,4808934,False,True,True,False,False,False,2010-12-15T00:00:00,True,False,event_before_install,2000-03-06T00:00:00,1,False,1,False
Water_Main_Breaks_-8394745777553033727.csv,333,8319,8319,211,211,2/13/2000 12:00:00 AM,2000-02-13T00:00:00,MAIN,MAIN,,,,,,,,,,,REPAIR COMPLETED,REPAIR COMPLETED,12/15/2011 3:38:26 PM,2011-12-15T15:38:26,,,,,UNKNOWN,UNKNOWN,OTHER,OTHER,,,,,,,,,,,,,CATEGORY 1,CATEGORY 1,9843,9843,30,30,GRIFFIN AVE,GRIFFIN AVE,77106,77106,,,,,150,150,2012,2012,PVC,PVC,N,N,da74f812-25d3-408e-bc76-7da4604dec5a,da74f812-25d3-408e-bc76-7da4604dec5a,DAVIDV,DAVIDV,12/15/2011 3:38:26 PM,2011-12-15T15:38:26,543031.9563,543031.9563,4810951.4191,4810951.4191,False,True,True,False,False,False,2012-02-06T00:00:00,True,False,event_before_install,2000-02-13T00:00:00,1,False,1,False
Water_Main_Breaks_-8394745777553033727.csv,340,8326,8326,1351,1351,1/22/2009 12:00:00 AM,2009-01-22T00:00:00,MAIN,MAIN,,,,,,,,,,,REPAIR COMPLETED,REPAIR COMPLETED,12/15/2011 3:38:28 PM,2011-12-15T15:38:28,3763,3763,,,UNKNOWN,UNKNOWN,OTHER,OTHER,,,,,,,,,,,,,CATEGORY 1,CATEGORY 1,9769,9769,200,200,MELROSE AVE,MELROSE AVE,76686,76686,,,,,150,150,2010,2010,PVC,PVC,N,N,149ecab4-aaab-4b73-849f-0f08600fea03,149ecab4-aaab-4b73-849f-0f08600fea03,DAVIDV,DAVIDV,12/15/2011 3:38:28 PM,2011-12-15T15:38:28,542900.5518,542900.5518,4811227.6977,4811227.6977,False,True,True,False,False,False,2010-09-01T00:00:00,True,False,event_before_install,2009-01-22T00:00:00,1,False,1,False
Water_Main_Breaks_-8394745777553033727.csv,343,8329,8329,537,537,1/3/1999 12:00:00 AM,1999-01-03T00:00:00,MAIN,MAIN,,,,,,,,,,,REPAIR COMPLETED,REPAIR COMPLETED,12/15/2011 3:38:27 PM,2011-12-15T15:38:27,,,,,UNKNOWN,UNKNOWN,OTHER,OTHER,,,,,,,,,,,,,CATEGORY 1,CATEGORY 1,22201,22201,3201,3201,KING ST E,KING ST E,65340,65340,,,,,300,300,2000,2000,PVC,PVC,N,N,71d1df6e-0ff4-4093-9f7c-57fcb27dfc70,71d1df6e-0ff4-4093-9f7c-57fcb27dfc70,DAVIDV,DAVIDV,12/15/2011 3:38:27 PM,2011-12-15T15:38:27,546455,546455,4808294,4808294,False,True,True,False,False,False,2000-06-01T00:00:00,True,False,event_before_install,1999-01-03T00:00:00,1,False,1,False
Water_Main_Breaks_-8394745777553033727.csv,357,8343,8343,1806,1806,11/23/2013 12:00:00 AM,2013-11-23T00:00:00,MAIN,MAIN,,,,,,,,,,,REPAIR COMPLETED,REPAIR COMPLETED,2/7/2014 12:00:00 AM,2014-02-07T00:00:00,91962,91962,,,CIRCUMFERENTIAL,CIRCUMFERENTIAL,SOILS,SOILS,,,,,,,,,,,,,CATEGORY 1,CATEGORY 1,13090,13090,47,47,BRIDGE ST E,BRIDGE ST E,97278,97278,,,,,150,150,2014,2014,PVC,PVC,N,N,a3bb1055-73be-4679-8829-6f5b1e2cb030,a3bb1055-73be-4679-8829-6f5b1e2cb030,DAVIDV,DAVIDV,2/7/2014 12:00:00 AM,2014-02-07T00:00:00,542265.1244,542265.1244,4814268.7496,4814268.7496,False,True,True,False,False,False,2014-04-15T00:00:00,True,False,event_before_install,2013-11-23T00:00:00,1,False,1,False
Water_Main_Breaks_-8394745777553033727.csv,358,8344,8344,1807,1807,11/20/2013 12:00:00 AM,2013-11-20T00:00:00,MAIN,MAIN,,,,,,,,,,,REPAIR COMPLETED,REPAIR COMPLETED,2/7/2014 12:00:00 AM,2014-02-07T00:00:00,91533,91533,,,FITTING/JOINT,FITTING/JOINT,FAULTY INSTALL,FAULTY INSTALL,,,,,,,,,,,,,CATEGORY 1,CATEGORY 1,21854,21854,34,34,MANITOU DR,MANITOU DR,133204,133204,,,,,450,450,2017,2017,PVCB,PVCB,N,N,74b22f83-76ac-4a00-be11-68e5a9aa44c0,74b22f83-76ac-4a00-be11-68e5a9aa44c0,DAVIDV,DAVIDV,2/7/2014 12:00:00 AM,2014-02-07T00:00:00,544610.2804,544610.2804,4807062.9536,4807062.9536,False,True,True,False,False,False,2017-07-01T00:00:00,True,False,event_before_install,2013-11-20T00:00:00,1,False,1,False
Water_Main_Breaks_-8394745777553033727.csv,390,8376,8376,194,194,2/1/2004 12:00:00 AM,2004-02-01T00:00:00,MAIN,MAIN,,,,,,,,,,,REPAIR COMPLETED,REPAIR COMPLETED,12/15/2011 3:38:26 PM,2011-12-15T15:38:26,,,,,UNKNOWN,UNKNOWN,OTHER,OTHER,,,,,,,,,,,,,CATEGORY 1,CATEGORY 1,10101,10101,111,111,CLARK AVE,CLARK AVE,7400,7400,,,,,150,150,2008,2008,PVC,PVC,N,N,1ba84700-e4eb-4c95-a8bb-299ddb605cd1,1ba84700-e4eb-4c95-a8bb-299ddb605cd1,DAVIDV,DAVIDV,12/15/2011 3:38:26 PM,2011-12-15T15:38:26,543836,543836,4808230,4808230,False,True,True,False,False,False,2008-08-13T00:00:00,True,False,event_before_install,2004-02-01T00:00:00,1,False,1,False
Water_Main_Breaks_-8394745777553033727.csv,399,8385,8385,632,632,11/25/2006 12:00:00 AM,2006-11-25T00:00:00,MAIN,MAIN,,,,,,,,,,,REPAIR COMPLETED,REPAIR COMPLETED,12/15/2011 3:38:27 PM,2011-12-15T15:38:27,,,,,UNKNOWN,UNKNOWN,OTHER,OTHER,,,,,,,,,,,,,CATEGORY 1,CATEGORY 1,6180,6180,226,226,FISCHER HALLMAN RD,FISCHER HALLMAN RD,68711,68711,,,,,150,150,2009,2009,PVC,PVC,N,N,fc2e41c0-adf6-41f3-b37b-b2188fc1c7e2,fc2e41c0-adf6-41f3-b37b-b2188fc1c7e2,DAVIDV,DAVIDV,12/15/2011 3:38:27 PM,2011-12-15T15:38:27,538728.8599,538728.8599,4808256.8368,4808256.8368,False,True,True,False,False,False,2009-04-15T00:00:00,True,False,event_before_install,2006-11-25T00:00:00,1,False,1,False
Water_Main_Breaks_-8394745777553033727.csv,413,8399,8399,91,91,3/19/1998 12:00:00 AM,1998-03-19T00:00:00,MAIN,MAIN,,,,,,,,,,,REPAIR COMPLETED,REPAIR COMPLETED,12/15/2011 3:38:26 PM,2011-12-15T15:38:26,,,,,UNKNOWN,UNKNOWN,OTHER,OTHER,,,,,,,,,,,,,CATEGORY 1,CATEGORY 1,11042,11042,27,27,PELTZ AVE,PELTZ AVE,133734,133734,,,,,150,150,2015,2015,PVCO,PVCO,N,N,ea98d7f9-9df9-40f9-b19a-28b5b8d49ccd,ea98d7f9-9df9-40f9-b19a-28b5b8d49ccd,DAVIDV,DAVIDV,12/15/2011 3:38:26 PM,2011-12-15T15:38:26,539919.5556,539919.5556,4812065.2404,4812065.2404,False,True,True,False,False,False,2015-05-01T00:00:00,True,False,event_before_install,1998-03-19T00:00:00,1,False,1,False
Water_Main_Breaks_-8394745777553033727.csv,423,8409,8409,427,427,12/4/1999 12:00:00 AM,1999-12-04T00:00:00,MAIN,MAIN,,,,,,,,,,,REPAIR COMPLETED,REPAIR COMPLETED,12/15/2011 3:38:26 PM,2011-12-15T15:38:26,,,,,UNKNOWN,UNKNOWN,OTHER,OTHER,,,,,,,,,,,,,CATEGORY 1,CATEGORY 1,13058,13058,44,44,WOOLWICH ST,WOOLWICH ST,98342,98342,,,,,200,200,2011,2011,PVCO,PVCO,N,N,be9bd635-e479-4943-bf8c-216585403507,be9bd635-e479-4943-bf8c-216585403507,DAVIDV,DAVIDV,12/15/2011 3:38:26 PM,2011-12-15T15:38:26,541679.2554,541679.2554,4814626.0593,4814626.0593,False,True,True,False,False,False,2011-09-06T00:00:00,True,False,event_before_install,1999-12-04T00:00:00,1,False,1,False
Water_Main_Breaks_-8394745777553033727.csv,427,8413,8413,342,342,7/29/2001 12:00:00 AM,2001-07-29T00:00:00,MAIN,MAIN,,,,,,,,,,,REPAIR COMPLETED,REPAIR COMPLETED,12/15/2011 3:38:26 PM,2011-12-15T15:38:26,,,,,UNKNOWN,UNKNOWN,OTHER,OTHER,,,,,,,,,,,,,CATEGORY 1,CATEGORY 1,13316,13316,58,58,PLYMOUTH RD,PLYMOUTH RD,86556,86556,,,,,150,150,2010,2010,PVC,PVC,N,N,737133d1-a907-4ef6-bcc5-003c13559701,737133d1-a907-4ef6-bcc5-003c13559701,DAVIDV,DAVIDV,12/15/2011 3:38:26 PM,2011-12-15T15:38:26,543644,543644,4809328,4809328,False,True,True,False,False,False,2010-09-02T00:00:00,True,False,event_before_install,2001-07-29T00:00:00,1,False,1,False
Water_Main_Breaks_-8394745777553033727.csv,429,8415,8415,222,222,1/29/2005 12:00:00 AM,2005-01-29T00:00:00,MAIN,MAIN,,,,,,,,,,,REPAIR COMPLETED,REPAIR COMPLETED,12/15/2011 3:38:26 PM,2011-12-15T15:38:26,,,,,UNKNOWN,UNKNOWN,OTHER,OTHER,,,,,,,,,,,,,CATEGORY 1,CATEGORY 1,9769,9769,191,191,MELROSE AVE,MELROSE AVE,76686,76686,,,,,150,150,2010,2010,PVC,PVC,N,N,13064a9e-8d3a-4913-93b2-f5edd48e624b,13064a9e-8d3a-4913-93b2-f5edd48e624b,DAVIDV,DAVIDV,12/15/2011 3:38:26 PM,2011-12-15T15:38:26,542887.3636,542887.3636,4811244.1881,4811244.1881,False,True,True,False,False,False,2010-09-01T00:00:00,True,False,event_before_install,2005-01-29T00:00:00,1,False,1,False
Water_Main_Breaks_-8394745777553033727.csv,433,8419,8419,1677,1677,1/1/1985 12:00:00 AM,1985-01-01T00:00:00,MAIN,MAIN,,,,,,,,,,,REPAIR COMPLETED,REPAIR COMPLETED,12/15/2011 3:38:26 PM,2011-12-15T15:38:26,,,,,UNKNOWN,UNKNOWN,OTHER,OTHER,,,,,,,,,,,,,CATEGORY 1,CATEGORY 1,6434,6434,5,5,BRANT CRES,BRANT CRES,136130,136130,,,,,150,150,2017,2017,PVCO,PVCO,N,N,8e55a4bc-938b-4fc7-9a61-cf87cb97b564,8e55a4bc-938b-4fc7-9a61-cf87cb97b564,DAVIDV,DAVIDV,12/15/2011 3:38:26 PM,2011-12-15T15:38:26,540738.8723,540738.8723,4809501.4304,4809501.4304,False,True,True,False,False,False,2017-08-28T00:00:00,True,False,event_before_install,1985-01-01T00:00:00,1,False,1,False
Water_Main_Breaks_-8394745777553033727.csv,446,8432,8432,193,193,12/19/2002 12:00:00 AM,2002-12-19T00:00:00,MAIN,MAIN,,,,,,,,,,,REPAIR COMPLETED,REPAIR COMPLETED,12/15/2011 3:38:26 PM,2011-12-15T15:38:26,,,,,UNKNOWN,UNKNOWN,OTHER,OTHER,,,,,,,,,,,,,CATEGORY 1,CATEGORY 1,10101,10101,110,110,CLARK AVE,CLARK AVE,7400,7400,,,,,150,150,2008,2008,PVC,PVC,N,N,2a04130f-26c8-4689-b488-41938968fab2,2a04130f-26c8-4689-b488-41938968fab2,DAVIDV,DAVIDV,12/15/2011 3:38:26 PM,2011-12-15T15:38:26,543858.7871,543858.7871,4808220.8639,4808220.8639,False,True,True,False,False,False,2008-08-13T00:00:00,True,False,event_before_install,2002-12-19T00:00:00,1,False,1,False
Water_Main_Breaks_-8394745777553033727.csv,447,8433,8433,210,210,2/12/1999 12:00:00 AM,1999-02-12T00:00:00,MAIN,MAIN,,,,,,,,,,,REPAIR COMPLETED,REPAIR COMPLETED,12/15/2011 3:38:26 PM,2011-12-15T15:38:26,,,,,UNKNOWN,UNKNOWN,OTHER,OTHER,,,,,,,,,,,,,CATEGORY 1,CATEGORY 1,9843,9843,20,20,GRIFFIN AVE,GRIFFIN AVE,77106,77106,,,,,150,150,2012,2012,PVC,PVC,N,N,17f4bef1-7cd8-4b7d-a162-b9474eea3c7b,17f4bef1-7cd8-4b7d-a162-b9474eea3c7b,DAVIDV,DAVIDV,12/15/2011 3:38:26 PM,2011-12-15T15:38:26,543000.3498,543000.3498,4810935.8177,4810935.8177,False,True,True,False,False,False,2012-02-06T00:00:00,True,False,event_before_install,1999-02-12T00:00:00,1,False,1,False
Water_Main_Breaks_-8394745777553033727.csv,452,8438,8438,391,391,12/17/2004 12:00:00 AM,2004-12-17T00:00:00,MAIN,MAIN,,,,,,,,,,,REPAIR COMPLETED,REPAIR COMPLETED,12/15/2011 3:38:26 PM,2011-12-15T15:38:26,,,,,UNKNOWN,UNKNOWN,OTHER,OTHER,,,,,,,,,,,,,CATEGORY 1,CATEGORY 1,13319,13319,206,206,DIXON ST,DIXON ST,76462,76462,,,,,150,150,2010,2010,PVC,PVC,N,N,635af336-98ea-4d22-9e96-dd0752b2091d,635af336-98ea-4d22-9e96-dd0752b2091d,DAVIDV,DAVIDV,12/15/2011 3:38:26 PM,2011-12-15T15:38:26,543556,543556,4808930,4808930,False,True,True,False,False,False,2010-12-15T00:00:00,True,False,event_before_install,2004-12-17T00:00:00,1,False,1,False
Water_Main_Breaks_-8394745777553033727.csv,460,8446,8446,223,223,3/3/2003 12:00:00 AM,2003-03-03T00:00:00,MAIN,MAIN,,,,,,,,,,,REPAIR COMPLETED,REPAIR COMPLETED,12/15/2011 3:38:26 PM,2011-12-15T15:38:26,,,,,UNKNOWN,UNKNOWN,OTHER,OTHER,,,,,,,,,,,,,CATEGORY 1,CATEGORY 1,9844,9844,293,293,MELROSE AVE,MELROSE AVE,76690,76690,,,,,150,150,2010,2010,PVC,PVC,N,N,eb998801-e1f5-4461-ad14-0854649b107b,eb998801-e1f5-4461-ad14-0854649b107b,DAVIDV,DAVIDV,12/15/2011 3:38:26 PM,2011-12-15T15:38:26,543070.613,543070.613,4811014.8483,4811014.8483,False,True,True,False,False,False,2010-09-01T00:00:00,True,False,event_before_install,2003-03-03T00:00:00,1,False,1,False
Water_Main_Breaks_-8394745777553033727.csv,467,8453,8453,21,21,2/10/2003 12:00:00 AM,2003-02-10T00:00:00,MAIN,MAIN,,,,,,,,,,,REPAIR COMPLETED,REPAIR COMPLETED,12/15/2011 3:38:26 PM,2011-12-15T15:38:26,,,,,UNKNOWN,UNKNOWN,OTHER,OTHER,,,,,,,,,,,,,CATEGORY 1,CATEGORY 1,5733,5733,49,49,WOODSIDE AVE,WOODSIDE AVE,76062,76062,,,,,150,150,2009,2009,PVC,PVC,N,N,341d634b-9738-4037-bc31-f6f55a16f514,341d634b-9738-4037-bc31-f6f55a16f514,DAVIDV,DAVIDV,12/15/2011 3:38:26 PM,2011-12-15T15:38:26,540808,540808,4809990,4809990,False,True,True,False,False,False,2009-07-15T00:00:00,True,False,event_before_install,2003-02-10T00:00:00,1,False,1,False
Water_Main_Breaks_-8394745777553033727.csv,501,8487,8487,1988,1988,5/22/2014 12:00:00 AM,2014-05-22T00:00:00,MAIN,MAIN,,,,,,,,,,,REPAIR COMPLETED,REPAIR COMPLETED,1/14/2015 12:00:00 AM,2015-01-14T00:00:00,101571,101571,,,UNKNOWN,UNKNOWN,OTHER,OTHER,,,,,,,,,,,,,CATEGORY 1,CATEGORY 1,6330,6330,159,159,BINSCARTH RD,BINSCARTH RD,136122,136122,,,,,150,150,2017,2017,PVCO,PVCO,N,N,1b289fe0-5995-4235-bc6e-ade89413bd04,1b289fe0-5995-4235-bc6e-ade89413bd04,DAVIDV,DAVIDV,1/14/2015 12:00:00 AM,2015-01-14T00:00:00,540480.2347,540480.2347,4809467.2493,4809467.2493,False,True,True,False,False,False,2017-08-28T00:00:00,True,False,event_before_install,2014-05-22T00:00:00,1,False,1,False
Water_Main_Breaks_-8394745777553033727.csv,502,8488,8488,1989,1989,5/21/2014 12:00:00 AM,2014-05-21T00:00:00,MAIN,MAIN,,,,,,,,,,,REPAIR COMPLETED,REPAIR COMPLETED,1/14/2015 12:00:00 AM,2015-01-14T00:00:00,101571,101571,,,UNKNOWN,UNKNOWN,OTHER,OTHER,,,,,,,,,,,,,CATEGORY 1,CATEGORY 1,6330,6330,159,159,BINSCARTH RD,BINSCARTH RD,136122,136122,,,,,150,150,2017,2017,PVCO,PVCO,N,N,04cb3213-a6e2-47fc-afc8-694b62ff3824,04cb3213-a6e2-47fc-afc8-694b62ff3824,DAVIDV,DAVIDV,1/14/2015 12:00:00 AM,2015-01-14T00:00:00,540482.3232,540482.3232,4809468.2789,4809468.2789,False,True,True,False,False,False,2017-08-28T00:00:00,True,False,event_before_install,2014-05-21T00:00:00,1,False,1,False
Water_Main_Breaks_-8394745777553033727.csv,519,8505,8505,105,105,1/20/1998 12:00:00 AM,1998-01-20T00:00:00,MAIN,MAIN,,,,,,,,,,,REPAIR COMPLETED,REPAIR COMPLETED,12/15/2011 3:38:26 PM,2011-12-15T15:38:26,,,,,UNKNOWN,UNKNOWN,OTHER,OTHER,,,,,,,,,,,,,CATEGORY 1,CATEGORY 1,11698,11698,,,PRESTON ST,PRESTON ST,94754,94754,,,,,300,300,2001,2001,PVC,PVC,N,N,ad7b6c86-e33c-4a4e-9c0f-2e9f0062ca46,ad7b6c86-e33c-4a4e-9c0f-2e9f0062ca46,DAVIDV,DAVIDV,12/15/2011 3:38:26 PM,2011-12-15T15:38:26,543085.8803,543085.8803,4809821.9641,4809821.9641,False,True,True,False,False,False,2001-06-01T00:00:00,True,False,event_before_install,1998-01-20T00:00:00,1,False,1,False
Water_Main_Breaks_-8394745777553033727.csv,520,8506,8506,922,922,7/27/1997 12:00:00 AM,1997-07-27T00:00:00,MAIN,MAIN,,,,,,,,,,,REPAIR COMPLETED,REPAIR COMPLETED,12/15/2011 3:38:27 PM,2011-12-15T15:38:27,,,,,UNKNOWN,UNKNOWN,OTHER,OTHER,,,,,,,,,,,,,CATEGORY 1,CATEGORY 1,7020,7020,242,242,BREITHAUPT ST,BREITHAUPT ST,76156,76156,,,,,300,300,2008,2008,PVC,PVC,N,N,b776bdcb-693f-4393-9031-56f30d89cf15,b776bdcb-693f-4393-9031-56f30d89cf15,DAVIDV,DAVIDV,12/15/2011 3:38:27 PM,2011-12-15T15:38:27,541337,541337,4811764,4811764,False,True,True,False,False,False,2008-09-01T00:00:00,True,False,event_before_install,1997-07-27T00:00:00,1,False,1,False
Water_Main_Breaks_-8394745777553033727.csv,534,8520,8520,137,137,7/11/2001 12:00:00 AM,2001-07-11T00:00:00,MAIN,MAIN,,,,,,,,,,,REPAIR COMPLETED,REPAIR COMPLETED,12/15/2011 3:38:26 PM,2011-12-15T15:38:26,,,,,UNKNOWN,UNKNOWN,OTHER,OTHER,,,,,,,,,,,,,CATEGORY 1,CATEGORY 1,7020,7020,242,242,BREITHAUPT ST,BREITHAUPT ST,76156,76156,,,,,300,300,2008,2008,PVC,PVC,N,N,fd6e0dce-be59-4fce-b34b-defba84b0f93,fd6e0dce-be59-4fce-b34b-defba84b0f93,DAVIDV,DAVIDV,12/15/2011 3:38:26 PM,2011-12-15T15:38:26,541337,541337,4811764,4811764,False,True,True,False,False,False,2008-09-01T00:00:00,True,False,event_before_install,2001-07-11T00:00:00,1,False,1,False
Water_Main_Breaks_-8394745777553033727.csv,535,8521,8521,500,500,1/27/2004 12:00:00 AM,2004-01-27T00:00:00,MAIN,MAIN,,,,,,,,,,,REPAIR COMPLETED,REPAIR COMPLETED,12/15/2011 3:38:27 PM,2011-12-15T15:38:27,,,,,UNKNOWN,UNKNOWN,OTHER,OTHER,,,,,,,,,,,,,CATEGORY 1,CATEGORY 1,10005,10005,34,34,FOURTH AVE,FOURTH AVE,133988,133988,,,,,150,150,2017,2017,PVC,PVC,N,N,e9d47bbe-5ac2-4388-b493-5a8d28967129,e9d47bbe-5ac2-4388-b493-5a8d28967129,DAVIDV,DAVIDV,12/15/2011 3:38:27 PM,2011-12-15T15:38:27,544264.0841,544264.0841,4809137.6942,4809137.6942,False,True,True,False,False,False,2017-10-04T00:00:00,True,False,event_before_install,2004-01-27T00:00:00,1,False,1,False
Water_Main_Breaks_-8394745777553033727.csv,536,8522,8522,237,237,2/2/2000 12:00:00 AM,2000-02-02T00:00:00,MAIN,MAIN,,,,,,,,,,,REPAIR COMPLETED,REPAIR COMPLETED,12/15/2011 3:38:26 PM,2011-12-15T15:38:26,,,,,UNKNOWN,UNKNOWN,OTHER,OTHER,,,,,,,,,,,,,CATEGORY 1,CATEGORY 1,10104,10104,314,314,VANIER DR,VANIER DR,69123,69123,,,,,150,150,2009,2009,PVC,PVC,N,N,2ba00b8a-6961-42d7-8ca1-4e8bd7fefe31,2ba00b8a-6961-42d7-8ca1-4e8bd7fefe31,DAVIDV,DAVIDV,12/15/2011 3:38:26 PM,2011-12-15T15:38:26,543824,543824,4808008,4808008,False,True,True,False,False,False,2009-01-14T00:00:00,True,False,event_before_install,2000-02-02T00:00:00,1,False,1,False
Water_Main_Breaks_-8394745777553033727.csv,538,8524,8524,1395,1395,12/15/2011 12:00:00 AM,2011-12-15T00:00:00,MAIN,MAIN,,,,,,,,,,,REPAIR COMPLETED,REPAIR COMPLETED,12/15/2011 3:38:28 PM,2011-12-15T15:38:28,13509,13509,,,UNKNOWN,UNKNOWN,OTHER,OTHER,,,,,,,,,,,,,CATEGORY 1,CATEGORY 1,1266,1266,220,220,GLASGOW ST,GLASGOW ST,79000,79000,,,,,300,300,2013,2013,PVCO,PVCO,N,N,f941e78e-4522-4c0a-8efe-b8b8ff3a4dd4,f941e78e-4522-4c0a-8efe-b8b8ff3a4dd4,DAVIDV,DAVIDV,12/15/2011 3:38:28 PM,2011-12-15T15:38:28,538997.0364,538997.0364,4811078.1296,4811078.1296,False,True,True,False,False,False,2013-12-11T00:00:00,True,False,event_before_install,2011-12-15T00:00:00,1,False,1,False
Water_Main_Breaks_-8394745777553033727.csv,561,8547,8547,1948,1948,2/2/2014 12:00:00 AM,2014-02-02T00:00:00,MAIN,MAIN,,,,,,,,,,,REPAIR COMPLETED,REPAIR COMPLETED,8/8/2014 12:00:00 AM,2014-08-08T00:00:00,95727,95727,,,UNKNOWN,UNKNOWN,OTHER,OTHER,,,,,,,,,,,,,CATEGORY 1,CATEGORY 1,20775,20775,585,585,GLASGOW ST,GLASGOW ST,96914,96914,,,,,450,450,2014,2014,PVC,PVC,N,N,ca1633cb-7492-4e79-8dc8-4c7b58fefead,ca1633cb-7492-4e79-8dc8-4c7b58fefead,DAVIDV,DAVIDV,8/8/2014 12:00:00 AM,2014-08-08T00:00:00,537995.2595,537995.2595,4810576.8967,4810576.8967,False,True,True,False,False,False,2014-12-15T00:00:00,True,False,event_before_install,2014-02-02T00:00:00,1,False,1,False
Water_Main_Breaks_-8394745777553033727.csv,586,8572,8572,429,429,11/23/1999 12:00:00 AM,1999-11-23T00:00:00,MAIN,MAIN,,,,,,,,,,,REPAIR COMPLETED,REPAIR COMPLETED,12/15/2011 3:38:26 PM,2011-12-15T15:38:26,,,,,UNKNOWN,UNKNOWN,OTHER,OTHER,,,,,,,,,,,,,CATEGORY 1,CATEGORY 1,13057,13057,64,64,WOOLWICH ST,WOOLWICH ST,98350,98350,,,,,200,200,2011,2011,PVCO,PVCO,N,N,79eb085a-bdf5-4c48-a07a-8795e57c04a8,79eb085a-bdf5-4c48-a07a-8795e57c04a8,DAVIDV,DAVIDV,12/15/2011 3:38:26 PM,2011-12-15T15:38:26,541694.2592,541694.2592,4814749.6753,4814749.6753,False,True,True,False,False,False,2011-09-06T00:00:00,True,False,event_before_install,1999-11-23T00:00:00,1,False,1,False
Water_Main_Breaks_-8394745777553033727.csv,605,8591,8591,280,280,3/14/2003 12:00:00 AM,2003-03-14T00:00:00,MAIN,MAIN,,,,,,,,,,,REPAIR COMPLETED,REPAIR COMPLETED,12/15/2011 3:38:26 PM,2011-12-15T15:38:26,,,,,UNKNOWN,UNKNOWN,OTHER,OTHER,,,,,,,,,,,,,CATEGORY 1,CATEGORY 1,11482,11482,200,200,STIRLING AVE N,STIRLING AVE N,133420,133420,,,,,150,150,2014,2014,PVCO,PVCO,N,N,1d21fcca-4e3c-4dc4-80e0-e51ca9c30f33,1d21fcca-4e3c-4dc4-80e0-e51ca9c30f33,DAVIDV,DAVIDV,12/15/2011 3:38:26 PM,2011-12-15T15:38:26,542815.3793,542815.3793,4810761.9925,4810761.9925,False,True,True,False,False,False,2014-09-01T00:00:00,True,False,event_before_install,2003-03-14T00:00:00,1,False,1,False
Water_Main_Breaks_-8394745777553033727.csv,608,8594,8594,66,66,8/28/2001 12:00:00 AM,2001-08-28T00:00:00,MAIN,MAIN,,,,,,,,,,,REPAIR COMPLETED,REPAIR COMPLETED,12/15/2011 3:38:26 PM,2011-12-15T15:38:26,,,,,UNKNOWN,UNKNOWN,OTHER,OTHER,,,,,,,,,,,,,CATEGORY 1,CATEGORY 1,11343,11343,217,217,MILL ST,MILL ST,97950,97950,,,,,300,300,2012,2012,PVC,PVC,N,N,e47fb5ab-21f0-4585-8b85-ceb0401e105a,e47fb5ab-21f0-4585-8b85-ceb0401e105a,DAVIDV,DAVIDV,12/15/2011 3:38:26 PM,2011-12-15T15:38:26,541440.8375,541440.8375,4809566.4928,4809566.4928,False,True,True,False,False,False,2012-11-28T00:00:00,True,False,event_before_install,2001-08-28T00:00:00,1,False,1,False
Water_Main_Breaks_-8394745777553033727.csv,611,8597,8597,622,622,12/3/2002 12:00:00 AM,2002-12-03T00:00:00,MAIN,MAIN,,,,,,,,,,,REPAIR COMPLETED,REPAIR COMPLETED,12/15/2011 3:38:27 PM,2011-12-15T15:38:27,,,,,UNKNOWN,UNKNOWN,OTHER,OTHER,,,,,,,,,,,,,CATEGORY 1,CATEGORY 1,6980,6980,,,UNION ST,UNION ST,97196,97196,,,,,300,300,2015,2015,PVC,PVC,N,N,e06fd8eb-f758-454c-95e3-9104d81a0f23,e06fd8eb-f758-454c-95e3-9104d81a0f23,DAVIDV,DAVIDV,12/15/2011 3:38:27 PM,2011-12-15T15:38:27,541743.022,541743.022,4813289.3804,4813289.3804,False,True,True,False,False,False,2015-10-31T00:00:00,True,False,event_before_install,2002-12-03T00:00:00,1,False,1,False
Water_Main_Breaks_-8394745777553033727.csv,649,8635,8635,2044,2044,3/15/2015 12:00:00 AM,2015-03-15T00:00:00,MAIN,MAIN,,,,,,,,,,,REPAIR COMPLETED,REPAIR COMPLETED,4/15/2015 12:00:00 AM,2015-04-15T00:00:00,128203,128203,,,UNKNOWN,UNKNOWN,OTHER,OTHER,,,,,,,,,,,,,CATEGORY 1,CATEGORY 1,10005,10005,62,62,FOURTH AVE,FOURTH AVE,133994,133994,,,,,150,150,2017,2017,PVC,PVC,N,N,0c4db36e-8c24-4e32-a1fb-c178994a51ff,0c4db36e-8c24-4e32-a1fb-c178994a51ff,DAVIDV,DAVIDV,4/15/2015 12:00:00 AM,2015-04-15T00:00:00,544231.9077,544231.9077,4809062.7276,4809062.7276,False,True,True,False,False,False,2017-10-04T00:00:00,True,False,event_before_install,2015-03-15T00:00:00,1,False,1,False
Water_Main_Breaks_-8394745777553033727.csv,650,8636,8636,2063,2063,2/26/2015 12:00:00 AM,2015-02-26T00:00:00,MAIN,MAIN,,,,,,,,,,,REPAIR COMPLETED,REPAIR COMPLETED,4/15/2015 12:00:00 AM,2015-04-15T00:00:00,127261,127261,,,UNKNOWN,UNKNOWN,OTHER,OTHER,,,,,,,,,,,,,CATEGORY 1,CATEGORY 1,9881,9881,436,436,DUMFRIES AVE,DUMFRIES AVE,133956,133956,,,,,150,150,2016,2016,PVC,PVC,N,N,1443eaae-af82-4e93-abb2-8300235d011f,1443eaae-af82-4e93-abb2-8300235d011f,DAVIDV,DAVIDV,4/15/2015 12:00:00 AM,2015-04-15T00:00:00,543166.6886,543166.6886,4811065.3648,4811065.3648,False,True,True,False,False,False,2016-05-09T00:00:00,True,False,event_before_install,2015-02-26T00:00:00,1,False,1,False
Water_Main_Breaks_-8394745777553033727.csv,652,8638,8638,30,30,2/14/2000 12:00:00 AM,2000-02-14T00:00:00,MAIN,MAIN,,,,,,,,,,,REPAIR COMPLETED,REPAIR COMPLETED,12/15/2011 3:38:26 PM,2011-12-15T15:38:26,,,,,UNKNOWN,UNKNOWN,OTHER,OTHER,,,,,,,,,,,,,CATEGORY 1,CATEGORY 1,5889,5889,69,69,WATER ST S,WATER ST S,76027,76027,,,,,300,300,2007,2007,PVC,PVC,N,N,b4916a3a-3eea-416a-b567-1192a29955a2,b4916a3a-3eea-416a-b567-1192a29955a2,DAVIDV,DAVIDV,12/15/2011 3:38:26 PM,2011-12-15T15:38:26,540815,540815,4810857,4810857,False,True,True,False,False,False,2007-02-01T00:00:00,True,False,event_before_install,2000-02-14T00:00:00,1,False,1,False
Water_Main_Breaks_-8394745777553033727.csv,653,8639,8639,185,185,1/6/2001 12:00:00 AM,2001-01-06T00:00:00,MAIN,MAIN,,,,,,,,,,,REPAIR COMPLETED,REPAIR COMPLETED,12/15/2011 3:38:26 PM,2011-12-15T15:38:26,,,,,UNKNOWN,UNKNOWN,OTHER,OTHER,,,,,,,,,,,,,CATEGORY 1,CATEGORY 1,22970,22970,88,88,BROADMOOR AVE,BROADMOOR AVE,4710,4710,,,,,150,150,2008,2008,PVC,PVC,N,N,f401746e-ea48-4899-8b43-5805b49b237f,f401746e-ea48-4899-8b43-5805b49b237f,DAVIDV,DAVIDV,12/15/2011 3:38:26 PM,2011-12-15T15:38:26,543905.1059,543905.1059,4808253.2122,4808253.2122,False,True,True,False,False,False,2008-08-13T00:00:00,True,False,event_before_install,2001-01-06T00:00:00,1,False,1,False
Water_Main_Breaks_-8394745777553033727.csv,654,8640,8640,84,84,3/24/1999 12:00:00 AM,1999-03-24T00:00:00,MAIN,MAIN,,,,,,,,,,,REPAIR COMPLETED,REPAIR COMPLETED,12/15/2011 3:38:26 PM,2011-12-15T15:38:26,,,,,UNKNOWN,UNKNOWN,OTHER,OTHER,,,,,,,,,,,,,CATEGORY 1,CATEGORY 1,11482,11482,184,184,STIRLING AVE N,STIRLING AVE N,133420,133420,,,,,150,150,2014,2014,PVCO,PVCO,N,N,3ad4b4ed-c013-4b05-8340-f3d2f7bfbe26,3ad4b4ed-c013-4b05-8340-f3d2f7bfbe26,DAVIDV,DAVIDV,12/15/2011 3:38:26 PM,2011-12-15T15:38:26,542760.3696,542760.3696,4810735.476,4810735.476,False,True,True,False,False,False,2014-09-01T00:00:00,True,False,event_before_install,1999-03-24T00:00:00,1,False,1,False
Water_Main_Breaks_-8394745777553033727.csv,656,8642,8642,1047,1047,10/17/2006 12:00:00 AM,2006-10-17T00:00:00,MAIN,MAIN,,,,,,,,,,,REPAIR COMPLETED,REPAIR COMPLETED,12/15/2011 3:38:27 PM,2011-12-15T15:38:27,,,,,UNKNOWN,UNKNOWN,OTHER,OTHER,,,,,,,,,,,,,CATEGORY 1,CATEGORY 1,8742,8742,,,CHERRY ST,CHERRY ST,98196,98196,,,,,150,150,2016,2016,HDPE,HDPE,N,N,e2b10e10-affa-4657-b9e9-c091c91f99ba,e2b10e10-affa-4657-b9e9-c091c91f99ba,DAVIDV,DAVIDV,12/15/2011 3:38:27 PM,2011-12-15T15:38:27,539765,539765,4810573,4810573,False,True,True,False,False,False,2016-10-13T00:00:00,True,False,event_before_install,2006-10-17T00:00:00,1,False,1,False
Water_Main_Breaks_-8394745777553033727.csv,662,8648,8648,2130,2130,4/23/2015 12:00:00 AM,2015-04-23T00:00:00,MAIN,MAIN,,,,,,,,,,,REPAIR COMPLETED,REPAIR COMPLETED,1/22/2016 12:00:00 AM,2016-01-22T00:00:00,131021,131021,,,UNKNOWN,UNKNOWN,OTHER,OTHER,,,,,,,,,,,,,CATEGORY 1,CATEGORY 1,1704,1704,169,169,HIGHLAND RD W,HIGHLAND RD W,97132,97132,,,,,300,300,2015,2015,PVCO,PVCO,N,N,e3d72be0-51d6-4fa4-b8df-7b012d84190b,e3d72be0-51d6-4fa4-b8df-7b012d84190b,DAVIDV,DAVIDV,11/27/2018 12:00:00 AM,2018-11-27T00:00:00,540077.85,540077.85,4809872.5601,4809872.5601,False,True,True,False,False,False,2015-08-01T00:00:00,True,False,event_before_install,2015-04-23T00:00:00,1,False,1,False
Water_Main_Breaks_-8394745777553033727.csv,664,8650,8650,2132,2132,5/19/2015 12:00:00 AM,2015-05-19T00:00:00,MAIN,MAIN,,,,,,,,,,,REPAIR COMPLETED,REPAIR COMPLETED,1/22/2016 12:00:00 AM,2016-01-22T00:00:00,132769,132769,,,UNKNOWN,UNKNOWN,OTHER,OTHER,,,,,,,,,,,,,CATEGORY 1,CATEGORY 1,9845,9845,295,295,PANDORA AVE N,PANDORA AVE N,133122,133122,,,,,150,150,2016,2016,PVC,PVC,N,N,d06bd451-6a25-47d5-b343-ae0a6f7fffe3,d06bd451-6a25-47d5-b343-ae0a6f7fffe3,DAVIDV,DAVIDV,11/27/2018 12:00:00 AM,2018-11-27T00:00:00,542954.1328,542954.1328,4811001.1896,4811001.1896,False,True,True,False,False,False,2016-08-01T00:00:00,True,False,event_before_install,2015-05-19T00:00:00,1,False,1,False
Water_Main_Breaks_-8394745777553033727.csv,668,8654,8654,2136,2136,7/23/2015 12:00:00 AM,2015-07-23T00:00:00,MAIN,MAIN,,,,,,,,,,,REPAIR COMPLETED,REPAIR COMPLETED,1/22/2016 12:00:00 AM,2016-01-22T00:00:00,137764,137764,,,UNKNOWN,UNKNOWN,OTHER,OTHER,,,,,,,,,,,,,CATEGORY 1,CATEGORY 1,10407,10407,250,250,SHIRLEY AVE,SHIRLEY AVE,81288,81288,,,,,300,300,2016,2016,DI,DI,N,N,b8859b8a-b53a-4ef2-a238-60744c503348,b8859b8a-b53a-4ef2-a238-60744c503348,DAVIDV,DAVIDV,11/27/2018 12:00:00 AM,2018-11-27T00:00:00,543792.4901,543792.4901,4813064.4476,4813064.4476,False,True,True,False,False,False,2016-05-25T00:00:00,True,False,event_before_install,2015-07-23T00:00:00,1,False,1,False
Water_Main_Breaks_-8394745777553033727.csv,690,8676,8676,85,85,4/1/1997 12:00:00 AM,1997-04-01T00:00:00,MAIN,MAIN,,,,,,,,,,,REPAIR COMPLETED,REPAIR COMPLETED,12/15/2011 3:38:26 PM,2011-12-15T15:38:26,,,,,UNKNOWN,UNKNOWN,OTHER,OTHER,,,,,,,,,,,,,CATEGORY 1,CATEGORY 1,9838,9838,210,210,STIRLING AVE N,STIRLING AVE N,97012,97012,,,,,150,150,2013,2013,PVC,PVC,N,N,e2523542-09da-458b-b354-47d3a070bc32,e2523542-09da-458b-b354-47d3a070bc32,DAVIDV,DAVIDV,12/15/2011 3:38:26 PM,2011-12-15T15:38:26,542916.2667,542916.2667,4810808.6804,4810808.6804,False,True,True,False,False,False,2013-09-01T00:00:00,True,False,event_before_install,1997-04-01T00:00:00,1,False,1,False
Water_Main_Breaks_-8394745777553033727.csv,691,8677,8677,1014,1014,8/28/1998 12:00:00 AM,1998-08-28T00:00:00,MAIN,MAIN,,,,,,,,,,,REPAIR COMPLETED,REPAIR COMPLETED,12/15/2011 3:38:27 PM,2011-12-15T15:38:27,,,,,UNKNOWN,UNKNOWN,OTHER,OTHER,,,,,,,,,,,,,CATEGORY 1,CATEGORY 1,6687,6687,24,24,CHARLES ST W,CHARLES ST W,77534,77534,,,,,300,300,2013,2013,PVC,PVC,N,N,7381f61b-b2d5-4ff2-91dd-789f0556af62,7381f61b-b2d5-4ff2-91dd-789f0556af62,DAVIDV,DAVIDV,12/15/2011 3:38:27 PM,2011-12-15T15:38:27,541094.4278,541094.4278,4810883.7408,4810883.7408,False,True,True,False,False,False,2013-04-11T00:00:00,True,False,event_before_install,1998-08-28T00:00:00,1,False,1,False
Water_Main_Breaks_-8394745777553033727.csv,693,8679,8679,1653,1653,12/15/2011 3:38:26 PM,2011-12-15T15:38:26,MAIN,MAIN,,,,,,,,,,,REPAIR COMPLETED,REPAIR COMPLETED,12/15/2011 3:38:26 PM,2011-12-15T15:38:26,,,,,UNKNOWN,UNKNOWN,OTHER,OTHER,,,,,,,,,,,,,CATEGORY 1,CATEGORY 1,6714,6714,37,37,MILL ST,MILL ST,98008,98008,,,,,300,300,2012,2012,PVC,PVC,N,N,290d4b5f-d58c-4502-94a0-93ddd8327145,290d4b5f-d58c-4502-94a0-93ddd8327145,DAVIDV,DAVIDV,12/15/2011 3:38:26 PM,2011-12-15T15:38:26,540967.8359,540967.8359,4810155.2764,4810155.2764,False,True,True,False,False,False,2012-11-28T00:00:00,True,False,event_before_install,2011-12-15T00:00:00,1,False,1,False
Water_Main_Breaks_-8394745777553033727.csv,701,8687,8687,718,718,2/17/2005 12:00:00 AM,2005-02-17T00:00:00,MAIN,MAIN,,,,,,,,,,,REPAIR COMPLETED,REPAIR COMPLETED,12/15/2011 3:38:27 PM,2011-12-15T15:38:27,,,,,UNKNOWN,UNKNOWN,OTHER,OTHER,,,,,,,,,,,,,CATEGORY 1,CATEGORY 1,6729,6729,262,262,QUEEN ST S,QUEEN ST S,82512,82512,,,,,300,300,2013,2013,PVC,PVC,N,N,6998b75c-8190-44a3-8e6c-ebf5a777d1ab,6998b75c-8190-44a3-8e6c-ebf5a777d1ab,DAVIDV,DAVIDV,12/15/2011 3:38:27 PM,2011-12-15T15:38:27,541087.5731,541087.5731,4810570.3078,4810570.3078,False,True,True,False,False,False,2013-11-11T00:00:00,True,False,event_before_install,2005-02-17T00:00:00,1,False,1,False
Water_Main_Breaks_-8394745777553033727.csv,705,8691,8691,1305,1305,5/22/2003 12:00:00 AM,2003-05-22T00:00:00,MAIN,MAIN,,,,,,,,,,,REPAIR COMPLETED,REPAIR COMPLETED,12/15/2011 3:38:28 PM,2011-12-15T15:38:28,,,,,UNKNOWN,UNKNOWN,OTHER,OTHER,,,,,,,,,,,,,CATEGORY 1,CATEGORY 1,6479,6479,41,41,WEBER ST W,WEBER ST W,69530,69530,,,,,300,300,2003,2003,PVC,PVC,N,N,12365359-ad7c-493e-81bc-a25bd0182c2d,12365359-ad7c-493e-81bc-a25bd0182c2d,DAVIDV,DAVIDV,12/15/2011 3:38:28 PM,2011-12-15T15:38:28,541264,541264,4811213,4811213,False,True,True,False,False,False,2003-06-01T00:00:00,True,False,event_before_install,2003-05-22T00:00:00,1,False,1,False
Water_Main_Breaks_-8394745777553033727.csv,706,8692,8692,1270,1270,9/21/2000 12:00:00 AM,2000-09-21T00:00:00,MAIN,MAIN,,,,,,,,,,,REPAIR COMPLETED,REPAIR COMPLETED,12/15/2011 3:38:27 PM,2011-12-15T15:38:27,,,,,UNKNOWN,UNKNOWN,OTHER,OTHER,,,,,,,,,,,,,CATEGORY 1,CATEGORY 1,11299,11299,151,151,CHURCH ST,CHURCH ST,66570,66570,,,,,150,150,2001,2001,PVC,PVC,N,N,24d35cb0-fedc-4c56-ba5a-cab7ce320057,24d35cb0-fedc-4c56-ba5a-cab7ce320057,DAVIDV,DAVIDV,12/15/2011 3:38:27 PM,2011-12-15T15:38:27,541718,541718,4810363,4810363,False,True,True,False,False,False,2001-07-26T00:00:00,True,False,event_before_install,2000-09-21T00:00:00,1,False,1,False
Water_Main_Breaks_-8394745777553033727.csv,708,8694,8694,337,337,1/29/2005 12:00:00 AM,2005-01-29T00:00:00,MAIN,MAIN,,,,,,,,,,,REPAIR COMPLETED,REPAIR COMPLETED,12/15/2011 3:38:26 PM,2011-12-15T15:38:26,,,,,UNKNOWN,UNKNOWN,OTHER,OTHER,,,,,,,,,,,,,CATEGORY 1,CATEGORY 1,20673,20673,62,62,LAKESIDE DR,LAKESIDE DR,133156,133156,,,,,150,150,2016,2016,PVC,PVC,N,N,f0661ce3-7b03-444c-aa8c-c7be963539a4,f0661ce3-7b03-444c-aa8c-c7be963539a4,DAVIDV,DAVIDV,12/15/2011 3:38:26 PM,2011-12-15T15:38:26,540105.241,540105.241,4809115.9086,4809115.9086,False,True,True,False,False,False,2016-04-29T00:00:00,True,False,event_before_install,2005-01-29T00:00:00,1,False,1,False
Water_Main_Breaks_-8394745777553033727.csv,709,8695,8695,1388,1388,5/27/2009 12:00:00 AM,2009-05-27T00:00:00,MAIN,MAIN,,,,,,,,,,,REPAIR COMPLETED,REPAIR COMPLETED,12/15/2011 3:38:28 PM,2011-12-15T15:38:28,10726,10726,,,UNKNOWN,UNKNOWN,OTHER,OTHER,,,,,,,,,,,,,CATEGORY 1,CATEGORY 1,9387,9387,533,533,COURTLAND AVE E,COURTLAND AVE E,78180,78180,,,,,150,150,2015,2015,PVC,PVC,N,N,af3608ff-73c3-4ebd-9fa0-590ecf8fb322,af3608ff-73c3-4ebd-9fa0-590ecf8fb322,DAVIDV,DAVIDV,12/15/2011 3:38:28 PM,2011-12-15T15:38:28,542509.9276,542509.9276,4809271.4276,4809271.4276,False,True,True,False,False,False,2015-10-09T00:00:00,True,False,event_before_install,2009-05-27T00:00:00,1,False,1,False
Water_Main_Breaks_-8394745777553033727.csv,725,8711,8711,1063,1063,1/24/2007 12:00:00 AM,2007-01-24T00:00:00,MAIN,MAIN,,,,,,,,,,,REPAIR COMPLETED,REPAIR COMPLETED,12/15/2011 3:38:27 PM,2011-12-15T15:38:27,168869,168869,,,UNKNOWN,UNKNOWN,AGE,AGE,,,,,,,,,,,,,CATEGORY 1,CATEGORY 1,11659,11659,6,6,KENNEDY AVE,KENNEDY AVE,96852,96852,,,,,150,150,2015,2015,PVCO,PVCO,N,N,63c7f395-efb5-4ceb-a549-03dc00d89dbc,63c7f395-efb5-4ceb-a549-03dc00d89dbc,DAVIDV,DAVIDV,12/15/2011 3:38:27 PM,2011-12-15T15:38:27,541976.954,541976.954,4809848.6639,4809848.6639,False,True,True,False,False,False,2015-11-04T00:00:00,True,False,event_before_install,2007-01-24T00:00:00,1,False,1,False
Water_Main_Breaks_-8394745777553033727.csv,733,8719,8719,495,495,2/5/1997 12:00:00 AM,1997-02-05T00:00:00,MAIN,MAIN,,,,,,,,,,,REPAIR COMPLETED,REPAIR COMPLETED,12/15/2011 3:38:27 PM,2011-12-15T15:38:27,,,,,UNKNOWN,UNKNOWN,OTHER,OTHER,,,,,,,,,,,,,CATEGORY 1,CATEGORY 1,10005,10005,120,120,FOURTH AVE,FOURTH AVE,133994,133994,,,,,150,150,2017,2017,PVC,PVC,N,N,15317861-9d32-461b-b97e-cf80b8fb3449,15317861-9d32-461b-b97e-cf80b8fb3449,DAVIDV,DAVIDV,12/15/2011 3:38:27 PM,2011-12-15T15:38:27,544165.6098,544165.6098,4808908.2616,4808908.2616,False,True,True,False,False,False,2017-10-04T00:00:00,True,False,event_before_install,1997-02-05T00:00:00,1,False,1,False
Water_Main_Breaks_-8394745777553033727.csv,746,8732,8732,216,216,6/30/2000 12:00:00 AM,2000-06-30T00:00:00,MAIN,MAIN,,,,,,,,,,,REPAIR COMPLETED,REPAIR COMPLETED,12/15/2011 3:38:26 PM,2011-12-15T15:38:26,,,,,UNKNOWN,UNKNOWN,OTHER,OTHER,,,,,,,,,,,,,CATEGORY 1,CATEGORY 1,11274,11274,237,237,KRUG ST,KRUG ST,134498,134498,,,,,300,300,2017,2017,PVC,PVC,N,N,b9b29f8f-f48d-4522-92b9-24baa6a4c8c6,b9b29f8f-f48d-4522-92b9-24baa6a4c8c6,DAVIDV,DAVIDV,11/27/2018 12:00:00 AM,2018-11-27T00:00:00,542757.4445,542757.4445,4811241.068,4811241.068,False,True,True,False,False,False,2017-11-27T00:00:00,True,False,event_before_install,2000-06-30T00:00:00,1,False,1,False
Water_Main_Breaks_-8394745777553033727.csv,757,8743,8743,479,479,1/30/2006 12:00:00 AM,2006-01-30T00:00:00,MAIN,MAIN,,,,,,,,,,,REPAIR COMPLETED,REPAIR COMPLETED,12/15/2011 3:38:26 PM,2011-12-15T15:38:26,,,,,UNKNOWN,UNKNOWN,OTHER,OTHER,,,,,,,,,,,,,CATEGORY 1,CATEGORY 1,10005,10005,120,120,FOURTH AVE,FOURTH AVE,133982,133982,,,,,150,150,2017,2017,PVC,PVC,N,N,732d6672-8aed-4609-945e-0541c56fa5fb,732d6672-8aed-4609-945e-0541c56fa5fb,DAVIDV,DAVIDV,12/15/2011 3:38:26 PM,2011-12-15T15:38:26,544163.4968,544163.4968,4808903.3431,4808903.3431,False,True,True,False,False,False,2017-10-04T00:00:00,True,False,event_before_install,2006-01-30T00:00:00,1,False,1,False
Water_Main_Breaks_-8394745777553033727.csv,786,8772,8772,1687,1687,1/1/1992 12:00:00 AM,1992-01-01T00:00:00,MAIN,MAIN,,,,,,,,,,,REPAIR COMPLETED,REPAIR COMPLETED,12/15/2011 3:38:26 PM,2011-12-15T15:38:26,,,,,UNKNOWN,UNKNOWN,OTHER,OTHER,,,,,,,,,,,,,CATEGORY 1,CATEGORY 1,40181,40181,651,651,BELMONT AVE W,BELMONT AVE W,79022,79022,,,,,300,300,2013,2013,PVCO,PVCO,N,N,b74fed70-63ed-4ec0-89cc-aaa2f63f7b6c,b74fed70-63ed-4ec0-89cc-aaa2f63f7b6c,DAVIDV,DAVIDV,12/15/2011 3:38:26 PM,2011-12-15T15:38:26,539068.3363,539068.3363,4811115.5896,4811115.5896,False,True,True,False,False,False,2013-12-11T00:00:00,True,False,event_before_install,1992-01-01T00:00:00,1,False,1,False
Water_Main_Breaks_-8394745777553033727.csv,787,8773,8773,426,426,1/19/1997 12:00:00 AM,1997-01-19T00:00:00,MAIN,MAIN,,,,,,,,,,,REPAIR COMPLETED,REPAIR COMPLETED,12/15/2011 3:38:26 PM,2011-12-15T15:38:26,,,,,UNKNOWN,UNKNOWN,OTHER,OTHER,,,,,,,,,,,,,CATEGORY 1,CATEGORY 1,13058,13058,33,33,WOOLWICH ST,WOOLWICH ST,98342,98342,,,,,200,200,2011,2011,PVCO,PVCO,N,N,bdb35ac0-5068-46c7-9bae-05e87cc80f1f,bdb35ac0-5068-46c7-9bae-05e87cc80f1f,DAVIDV,DAVIDV,12/15/2011 3:38:26 PM,2011-12-15T15:38:26,541680.6621,541680.6621,4814638.645,4814638.645,False,True,True,False,False,False,2011-09-06T00:00:00,True,False,event_before_install,1997-01-19T00:00:00,1,False,1,False
Water_Main_Breaks_-8394745777553033727.csv,789,8775,8775,1371,1371,2/22/2009 12:00:00 AM,2009-02-22T00:00:00,MAIN,MAIN,,,,,,,,,,,REPAIR COMPLETED,REPAIR COMPLETED,12/15/2011 3:38:28 PM,2011-12-15T15:38:28,5273,5273,,,UNKNOWN,UNKNOWN,OTHER,OTHER,,,,,,,,,,,,,CATEGORY 1,CATEGORY 1,20672,20672,95,95,VISTA CRES,VISTA CRES,133140,133140,,,,,150,150,2016,2016,PVC,PVC,N,N,ff98cdaf-5d05-476a-a90d-4d7394c244e7,ff98cdaf-5d05-476a-a90d-4d7394c244e7,DAVIDV,DAVIDV,12/15/2011 3:38:28 PM,2011-12-15T15:38:28,540004.1254,540004.1254,4809146.4418,4809146.4418,False,True,True,False,False,False,2016-06-10T00:00:00,True,False,event_before_install,2009-02-22T00:00:00,1,False,1,False
Water_Main_Breaks_-8394745777553033727.csv,792,8778,8778,93,93,12/12/1997 12:00:00 AM,1997-12-12T00:00:00,MAIN,MAIN,,,,,,,,,,,REPAIR COMPLETED,REPAIR COMPLETED,12/15/2011 3:38:26 PM,2011-12-15T15:38:26,,,,,UNKNOWN,UNKNOWN,OTHER,OTHER,,,,,,,,,,,,,CATEGORY 1,CATEGORY 1,11490,11490,168,168,MERNER AVE,MERNER AVE,98392,98392,,,,,150,150,2014,2014,PVCO,PVCO,N,N,27f44353-16d6-44bc-88fb-05e336eca690,27f44353-16d6-44bc-88fb-05e336eca690,DAVIDV,DAVIDV,12/15/2011 3:38:26 PM,2011-12-15T15:38:26,542648.7259,542648.7259,4811022.2276,4811022.2276,False,True,True,False,False,False,2014-12-12T00:00:00,True,False,event_before_install,1997-12-12T00:00:00,1,False,1,False
Water_Main_Breaks_-8394745777553033727.csv,793,8779,8779,428,428,12/26/2005 12:00:00 AM,2005-12-26T00:00:00,MAIN,MAIN,,,,,,,,,,,REPAIR COMPLETED,REPAIR COMPLETED,12/15/2011 3:38:26 PM,2011-12-15T15:38:26,,,,,UNKNOWN,UNKNOWN,OTHER,OTHER,,,,,,,,,,,,,CATEGORY 1,CATEGORY 1,13057,13057,53,53,WOOLWICH ST,WOOLWICH ST,98344,98344,,,,,200,200,2011,2011,PVCO,PVCO,N,N,044dab5a-8dd2-46c7-ad26-6de7d2689b6d,044dab5a-8dd2-46c7-ad26-6de7d2689b6d,DAVIDV,DAVIDV,12/15/2011 3:38:26 PM,2011-12-15T15:38:26,541688.5123,541688.5123,4814708.8918,4814708.8918,False,True,True,False,False,False,2011-09-06T00:00:00,True,False,event_before_install,2005-12-26T00:00:00,1,False,1,False
Water_Main_Breaks_-8394745777553033727.csv,798,8784,8784,1686,1686,12/15/2011 3:38:26 PM,2011-12-15T15:38:26,MAIN,MAIN,,,,,,,,,,,REPAIR COMPLETED,REPAIR COMPLETED,12/15/2011 3:38:26 PM,2011-12-15T15:38:26,,,,,UNKNOWN,UNKNOWN,OTHER,OTHER,,,,,,,,,,,,,CATEGORY 1,CATEGORY 1,11387,11387,363,363,STIRLING AVE S,STIRLING AVE S,97938,97938,,,,,300,300,2012,2012,PVC,PVC,N,N,b6b5a9af-ac1f-4c06-928a-f97df7354bbd,b6b5a9af-ac1f-4c06-928a-f97df7354bbd,DAVIDV,DAVIDV,12/15/2011 3:38:26 PM,2011-12-15T15:38:26,541487.9963,541487.9963,4809552.3856,4809552.3856,False,True,True,False,False,False,2012-11-28T00:00:00,True,False,event_before_install,2011-12-15T00:00:00,1,False,1,False
Water_Main_Breaks_-8394745777553033727.csv,814,8800,8800,181,181,12/15/1997 12:00:00 AM,1997-12-15T00:00:00,MAIN,MAIN,,,,,,,,,,,REPAIR COMPLETED,REPAIR COMPLETED,12/15/2011 3:38:26 PM,2011-12-15T15:38:26,,,,,UNKNOWN,UNKNOWN,OTHER,OTHER,,,,,,,,,,,,,CATEGORY 1,CATEGORY 1,22970,22970,78,78,BROADMOOR AVE,BROADMOOR AVE,62530,62530,,,,,150,150,1999,1999,PVC,PVC,N,N,5444c0e2-0b25-4f0a-b5fd-a72ae4ae9cc5,5444c0e2-0b25-4f0a-b5fd-a72ae4ae9cc5,DAVIDV,DAVIDV,12/15/2011 3:38:26 PM,2011-12-15T15:38:26,543941,543941,4808257,4808257,False,True,True,False,False,False,1999-06-01T00:00:00,True,False,event_before_install,1997-12-15T00:00:00,1,False,1,False
Water_Main_Breaks_-8394745777553033727.csv,825,8811,8811,125,125,11/7/2004 12:00:00 AM,2004-11-07T00:00:00,MAIN,MAIN,,,,,,,,,,,REPAIR COMPLETED,REPAIR COMPLETED,12/15/2011 3:38:26 PM,2011-12-15T15:38:26,,,,,UNKNOWN,UNKNOWN,OTHER,OTHER,,,,,,,,,,,,,CATEGORY 1,CATEGORY 1,10394,10394,400,400,MAPLE AVE,MAPLE AVE,97188,97188,,,,,300,300,2015,2015,PVC,PVC,N,N,f6204e20-7182-4a66-b682-ebfa1494dd39,f6204e20-7182-4a66-b682-ebfa1494dd39,DAVIDV,DAVIDV,12/15/2011 3:38:26 PM,2011-12-15T15:38:26,541928.8381,541928.8381,4813189.3028,4813189.3028,False,True,True,False,False,False,2015-10-31T00:00:00,True,False,event_before_install,2004-11-07T00:00:00,1,False,1,False
Water_Main_Breaks_-8394745777553033727.csv,829,8815,8815,1611,1611,2/21/2011 12:00:00 AM,2011-02-21T00:00:00,MAIN,MAIN,,,,,,,,,,,REPAIR COMPLETED,REPAIR COMPLETED,12/15/2011 3:38:26 PM,2011-12-15T15:38:26,40761,40761,,,FITTING/JOINT,FITTING/JOINT,AGE,AGE,,,,,,,,,,,,,CATEGORY 1,CATEGORY 1,9845,9845,301,301,PANDORA AVE N,PANDORA AVE N,133122,133122,,,,,150,150,2016,2016,PVC,PVC,N,N,805c8af9-18d7-456e-a295-cca99048e34a,805c8af9-18d7-456e-a295-cca99048e34a,DAVIDV,DAVIDV,12/15/2011 3:38:26 PM,2011-12-15T15:38:26,542967.3648,542967.3648,4811008.8161,4811008.8161,False,True,True,False,False,False,2016-08-01T00:00:00,True,False,event_before_install,2011-02-21T00:00:00,1,False,1,False
Water_Main_Breaks_-8394745777553033727.csv,842,8828,8828,1299,1299,10/17/2002 12:00:00 AM,2002-10-17T00:00:00,MAIN,MAIN,,,,,,,,,,,REPAIR COMPLETED,REPAIR COMPLETED,12/15/2011 3:38:28 PM,2011-12-15T15:38:28,,,,,UNKNOWN,UNKNOWN,OTHER,OTHER,,,,,,,,,,,,,CATEGORY 1,CATEGORY 1,8774,8774,154,154,VICTORIA ST S,VICTORIA ST S,81796,81796,,,,,600,600,2004,2004,CPP,CPP,N,N,40ab37c7-6a15-41fd-8e4a-865f147e970c,40ab37c7-6a15-41fd-8e4a-865f147e970c,DAVIDV,DAVIDV,12/15/2011 3:38:28 PM,2011-12-15T15:38:28,540273,540273,4810785,4810785,False,True,True,False,False,False,2004-06-01T00:00:00,True,False,event_before_install,2002-10-17T00:00:00,1,False,1,False
Water_Main_Breaks_-8394745777553033727.csv,846,8832,8832,1671,1671,12/15/2011 3:38:26 PM,2011-12-15T15:38:26,MAIN,MAIN,,,,,,,,,,,REPAIR COMPLETED,REPAIR COMPLETED,12/15/2011 3:38:26 PM,2011-12-15T15:38:26,,,,,UNKNOWN,UNKNOWN,OTHER,OTHER,,,,,,,,,,,,,CATEGORY 1,CATEGORY 1,8654,8654,904,904,QUEENS BLVD,QUEENS BLVD,82324,82324,,,,,150,150,2014,2014,PVC,PVC,N,N,03db97af-61a0-40a3-979a-efd34f4b0853,03db97af-61a0-40a3-979a-efd34f4b0853,DAVIDV,DAVIDV,12/15/2011 3:38:26 PM,2011-12-15T15:38:26,540406.802,540406.802,4809650.966,4809650.966,False,True,True,False,False,False,2014-07-01T00:00:00,True,False,event_before_install,2011-12-15T00:00:00,1,False,1,False
Water_Main_Breaks_-8394745777553033727.csv,855,8841,8841,95,95,3/6/2005 12:00:00 AM,2005-03-06T00:00:00,MAIN,MAIN,,,,,,,,,,,REPAIR COMPLETED,REPAIR COMPLETED,12/15/2011 3:38:26 PM,2011-12-15T15:38:26,,,,,UNKNOWN,UNKNOWN,OTHER,OTHER,,,,,,,,,,,,,CATEGORY 1,CATEGORY 1,11167,11167,110,110,ELLIS AVE,ELLIS AVE,77192,77192,,,,,150,150,2011,2011,PVC,PVC,N,N,692c1898-0ee2-46d3-9eb5-df068d420e4b,692c1898-0ee2-46d3-9eb5-df068d420e4b,DAVIDV,DAVIDV,12/15/2011 3:38:26 PM,2011-12-15T15:38:26,540454.1867,540454.1867,4812437.2678,4812437.2678,False,True,True,False,False,False,2011-11-11T00:00:00,True,False,event_before_install,2005-03-06T00:00:00,1,False,1,False
Water_Main_Breaks_-8394745777553033727.csv,860,8846,8846,813,813,11/29/2000 12:00:00 AM,2000-11-29T00:00:00,MAIN,MAIN,,,,,,,,,,,REPAIR COMPLETED,REPAIR COMPLETED,12/15/2011 3:38:27 PM,2011-12-15T15:38:27,,,,,UNKNOWN,UNKNOWN,OTHER,OTHER,,,,,,,,,,,,,CATEGORY 1,CATEGORY 1,6667,6667,110,110,WATER ST N,WATER ST N,69315,69315,,,,,300,300,2008,2008,PVC,PVC,N,N,9bdb15a5-80c5-4e4b-aae6-2d2febc9038d,9bdb15a5-80c5-4e4b-aae6-2d2febc9038d,DAVIDV,DAVIDV,12/15/2011 3:38:27 PM,2011-12-15T15:38:27,541068,541068,4811450,4811450,False,True,True,False,False,False,2009-02-01T00:00:00,True,False,event_before_install,2000-11-29T00:00:00,1,False,1,False
Water_Main_Breaks_-8394745777553033727.csv,876,8862,8862,1910,1910,2/25/2014 12:00:00 AM,2014-02-25T00:00:00,MAIN,MAIN,,,,,,,,,,,REPAIR COMPLETED,REPAIR COMPLETED,8/8/2014 12:00:00 AM,2014-08-08T00:00:00,97023,97023,,,UNKNOWN,UNKNOWN,OTHER,OTHER,,,,,,,,,,,,,CATEGORY 1,CATEGORY 1,12634,12634,116,116,BRIDGE ST E,BRIDGE ST E,97312,97312,,,,,150,150,2015,2015,PVC,PVC,N,N,b74bf56f-d096-4704-9266-a003f98389c2,b74bf56f-d096-4704-9266-a003f98389c2,DAVIDV,DAVIDV,8/8/2014 12:00:00 AM,2014-08-08T00:00:00,542662.0568,542662.0568,4814071.8876,4814071.8876,False,True,True,False,False,False,2015-02-09T00:00:00,True,False,event_before_install,2014-02-25T00:00:00,1,False,1,False
Water_Main_Breaks_-8394745777553033727.csv,886,8872,8872,1922,1922,2/18/2014 12:00:00 AM,2014-02-18T00:00:00,MAIN,MAIN,,,,,,,,,,,REPAIR COMPLETED,REPAIR COMPLETED,8/8/2014 12:00:00 AM,2014-08-08T00:00:00,96679,96679,,,UNKNOWN,UNKNOWN,OTHER,OTHER,,,,,,,,,,,,,CATEGORY 1,CATEGORY 1,9845,9845,291,291,PANDORA AVE N,PANDORA AVE N,133122,133122,,,,,150,150,2016,2016,PVC,PVC,N,N,452f2b98-9099-4de4-9195-ea7ac9bed39e,452f2b98-9099-4de4-9195-ea7ac9bed39e,DAVIDV,DAVIDV,8/8/2014 12:00:00 AM,2014-08-08T00:00:00,542934.342,542934.342,4810989.7828,4810989.7828,False,True,True,False,False,False,2016-08-01T00:00:00,True,False,event_before_install,2014-02-18T00:00:00,1,False,1,False
Water_Main_Breaks_-8394745777553033727.csv,899,8885,8885,248,248,7/3/2006 12:00:00 AM,2006-07-03T00:00:00,MAIN,MAIN,,,,,,,,,,,REPAIR COMPLETED,REPAIR COMPLETED,12/15/2011 3:38:26 PM,2011-12-15T15:38:26,,,,,UNKNOWN,UNKNOWN,OTHER,OTHER,,,,,,,,,,,,,CATEGORY 1,CATEGORY 1,9840,9840,15,15,LIBERTY AVE,LIBERTY AVE,77126,77126,,,,,150,150,2012,2012,PVCO,PVCO,N,N,592a0950-ae4d-42f2-9543-a0bd8cabc175,592a0950-ae4d-42f2-9543-a0bd8cabc175,DAVIDV,DAVIDV,12/15/2011 3:38:26 PM,2011-12-15T15:38:26,542921.7888,542921.7888,4810933.2972,4810933.2972,False,True,True,False,False,False,2012-02-07T00:00:00,True,False,event_before_install,2006-07-03T00:00:00,1,False,1,False
Water_Main_Breaks_-8394745777553033727.csv,901,8887,8887,46,46,6/18/2004 12:00:00 AM,2004-06-18T00:00:00,MAIN,MAIN,,,,,,,,,,,REPAIR COMPLETED,REPAIR COMPLETED,12/15/2011 3:38:26 PM,2011-12-15T15:38:26,,,,,UNKNOWN,UNKNOWN,OTHER,OTHER,,,,,,,,,,,,,CATEGORY 1,CATEGORY 1,8854,8854,316,316,PARK ST,PARK ST,88946,88946,,,,,200,200,2010,2010,PVC,PVC,N,N,d26c6509-6a84-43aa-8600-1f94c01b7dcb,d26c6509-6a84-43aa-8600-1f94c01b7dcb,DAVIDV,DAVIDV,12/15/2011 3:38:26 PM,2011-12-15T15:38:26,539738.1803,539738.1803,4811251.9844,4811251.9844,False,True,True,False,False,False,2010-08-05T00:00:00,True,False,event_before_install,2004-06-18T00:00:00,1,False,1,False
Water_Main_Breaks_-8394745777553033727.csv,905,8891,8891,149,149,2/26/2003 12:00:00 AM,2003-02-26T00:00:00,MAIN,MAIN,,,,,,,,,,,REPAIR COMPLETED,REPAIR COMPLETED,12/15/2011 3:38:26 PM,2011-12-15T15:38:26,,,,,UNKNOWN,UNKNOWN,OTHER,OTHER,,,,,,,,,,,,,CATEGORY 1,CATEGORY 1,9845,9845,312,312,PANDORA AVE N,PANDORA AVE N,133122,133122,,,,,150,150,2016,2016,PVC,PVC,N,N,68afc983-c1fe-4e17-8782-b7d88bc52fbb,68afc983-c1fe-4e17-8782-b7d88bc52fbb,DAVIDV,DAVIDV,12/15/2011 3:38:26 PM,2011-12-15T15:38:26,543001.6708,543001.6708,4811028.589,4811028.589,False,True,True,False,False,False,2016-08-01T00:00:00,True,False,event_before_install,2003-02-26T00:00:00,1,False,1,False
Water_Main_Breaks_-8394745777553033727.csv,915,8901,8901,196,196,2/27/2003 12:00:00 AM,2003-02-27T00:00:00,MAIN,MAIN,,,,,,,,,,,REPAIR COMPLETED,REPAIR COMPLETED,12/15/2011 3:38:26 PM,2011-12-15T15:38:26,,,,,UNKNOWN,UNKNOWN,OTHER,OTHER,,,,,,,,,,,,,CATEGORY 1,CATEGORY 1,22973,22973,191,191,CLARK AVE,CLARK AVE,76011,76011,,,,,150,150,2008,2008,PVC,PVC,N,N,b719a47f-cb90-44fe-a0b5-5ee591547806,b719a47f-cb90-44fe-a0b5-5ee591547806,DAVIDV,DAVIDV,12/15/2011 3:38:26 PM,2011-12-15T15:38:26,543899,543899,4807964,4807964,False,True,True,False,False,False,2008-08-13T00:00:00,True,False,event_before_install,2003-02-27T00:00:00,1,False,1,False
Water_Main_Breaks_-8394745777553033727.csv,952,8938,8938,182,182,2/4/1999 12:00:00 AM,1999-02-04T00:00:00,MAIN,MAIN,,,,,,,,,,,REPAIR COMPLETED,REPAIR COMPLETED,12/15/2011 3:38:26 PM,2011-12-15T15:38:26,,,,,UNKNOWN,UNKNOWN,OTHER,OTHER,,,,,,,,,,,,,CATEGORY 1,CATEGORY 1,22970,22970,38,38,BROADMOOR AVE,BROADMOOR AVE,62530,62530,,,,,150,150,1999,1999,PVC,PVC,N,N,d5a77511-796c-4162-a62f-59beb0b1894c,d5a77511-796c-4162-a62f-59beb0b1894c,DAVIDV,DAVIDV,12/15/2011 3:38:26 PM,2011-12-15T15:38:26,543992,543992,4808314,4808314,False,True,True,False,False,False,1999-06-01T00:00:00,True,False,event_before_install,1999-02-04T00:00:00,2,True,2,True
Water_Main_Breaks_-8394745777553033727.csv,954,8940,8940,198,198,10/1/2001 12:00:00 AM,2001-10-01T00:00:00,MAIN,MAIN,,,,,,,,,,,REPAIR COMPLETED,REPAIR COMPLETED,12/15/2011 3:38:26 PM,2011-12-15T15:38:26,,,,,UNKNOWN,UNKNOWN,OTHER,OTHER,,,,,,,,,,,,,CATEGORY 1,CATEGORY 1,22969,22969,61,61,CLARK AVE,CLARK AVE,76012,76012,,,,,150,150,2008,2008,PVC,PVC,N,N,c292b74b-3766-4fb6-900f-87af680db308,c292b74b-3766-4fb6-900f-87af680db308,DAVIDV,DAVIDV,12/15/2011 3:38:26 PM,2011-12-15T15:38:26,543951,543951,4808353,4808353,False,True,True,False,False,False,2008-08-13T00:00:00,True,False,event_before_install,2001-10-01T00:00:00,1,False,1,False
Water_Main_Breaks_-8394745777553033727.csv,955,8941,8941,1664,1664,12/15/2011 3:38:26 PM,2011-12-15T15:38:26,MAIN,MAIN,,,,,,,,,,,REPAIR COMPLETED,REPAIR COMPLETED,12/15/2011 3:38:26 PM,2011-12-15T15:38:26,,,,,UNKNOWN,UNKNOWN,OTHER,OTHER,,,,,,,,,,,,,CATEGORY 1,CATEGORY 1,6980,6980,,,UNION ST,UNION ST,97196,97196,,,,,300,300,2015,2015,PVC,PVC,N,N,70c8d328-ed4a-4519-8000-a08209d33b4c,70c8d328-ed4a-4519-8000-a08209d33b4c,DAVIDV,DAVIDV,12/15/2011 3:38:26 PM,2011-12-15T15:38:26,541729.9815,541729.9815,4813289.0416,4813289.0416,False,True,True,False,False,False,2015-10-31T00:00:00,True,False,event_before_install,2011-12-15T00:00:00,1,False,1,False
Water_Main_Breaks_-8394745777553033727.csv,958,8944,8944,44,44,5/30/2002 12:00:00 AM,2002-05-30T00:00:00,MAIN,MAIN,,,,,,,,,,,REPAIR COMPLETED,REPAIR COMPLETED,12/15/2011 3:38:26 PM,2011-12-15T15:38:26,,,,,UNKNOWN,UNKNOWN,OTHER,OTHER,,,,,,,,,,,,,CATEGORY 1,CATEGORY 1,10658,10658,46,46,MT HOPE ST,MT HOPE ST,76741,76741,,,,,300,300,2010,2010,PVC,PVC,N,N,eb6423ab-678e-4896-ac61-c7d4fb1020d9,eb6423ab-678e-4896-ac61-c7d4fb1020d9,DAVIDV,DAVIDV,12/15/2011 3:38:26 PM,2011-12-15T15:38:26,539293.8487,539293.8487,4811572.9048,4811572.9048,False,True,True,False,False,False,2010-08-05T00:00:00,True,False,event_before_install,2002-05-30T00:00:00,1,False,1,False
Water_Main_Breaks_-8394745777553033727.csv,959,8945,8945,1075,1075,1/29/2007 12:00:00 AM,2007-01-29T00:00:00,MAIN,MAIN,,,,,,,,,,,REPAIR COMPLETED,REPAIR COMPLETED,12/15/2011 3:38:27 PM,2011-12-15T15:38:27,169075,169075,,,UNKNOWN,UNKNOWN,OTHER,OTHER,,,,,,,,,,,,,CATEGORY 1,CATEGORY 1,9769,9769,191,191,MELROSE AVE,MELROSE AVE,76686,76686,,,,,150,150,2010,2010,PVC,PVC,N,N,0f5def21-b31a-476a-b854-3386b2e8ce65,0f5def21-b31a-476a-b854-3386b2e8ce65,DAVIDV,DAVIDV,12/15/2011 3:38:27 PM,2011-12-15T15:38:27,542847,542847,4811269,4811269,False,True,True,False,False,False,2010-09-01T00:00:00,True,False,event_before_install,2007-01-29T00:00:00,1,False,1,False
Water_Main_Breaks_-8394745777553033727.csv,964,8950,8950,541,541,12/19/2005 12:00:00 AM,2005-12-19T00:00:00,MAIN,MAIN,,,,,,,,,,,REPAIR COMPLETED,REPAIR COMPLETED,12/15/2011 3:38:27 PM,2011-12-15T15:38:27,,,,,UNKNOWN,UNKNOWN,OTHER,OTHER,,,,,,,,,,,,,CATEGORY 1,CATEGORY 1,21854,21854,35,35,MANITOU DR,MANITOU DR,133202,133202,,,,,450,450,2017,2017,PVCB,PVCB,N,N,60f103d2-61aa-4de2-a70d-5f67d232d408,60f103d2-61aa-4de2-a70d-5f67d232d408,DAVIDV,DAVIDV,12/15/2011 3:38:27 PM,2011-12-15T15:38:27,544593.1038,544593.1038,4807050.2197,4807050.2197,False,True,True,False,False,False,2017-07-01T00:00:00,True,False,event_before_install,2005-12-19T00:00:00,1,False,1,False
Water_Main_Breaks_-8394745777553033727.csv,970,8956,8956,224,224,3/7/2005 12:00:00 AM,2005-03-07T00:00:00,MAIN,MAIN,,,,,,,,,,,REPAIR COMPLETED,REPAIR COMPLETED,12/15/2011 3:38:26 PM,2011-12-15T15:38:26,,,,,UNKNOWN,UNKNOWN,OTHER,OTHER,,,,,,,,,,,,,CATEGORY 1,CATEGORY 1,9844,9844,287,287,MELROSE AVE,MELROSE AVE,76690,76690,,,,,150,150,2010,2010,PVC,PVC,N,N,9dc27cbf-b8aa-488b-b98a-ed9cf88bd7e5,9dc27cbf-b8aa-488b-b98a-ed9cf88bd7e5,DAVIDV,DAVIDV,12/15/2011 3:38:26 PM,2011-12-15T15:38:26,543063.405,543063.405,4811023.8618,4811023.8618,False,True,True,False,False,False,2010-09-01T00:00:00,True,False,event_before_install,2005-03-07T00:00:00,1,False,1,False
Water_Main_Breaks_-8394745777553033727.csv,972,8958,8958,1301,1301,12/19/1997 12:00:00 AM,1997-12-19T00:00:00,MAIN,MAIN,,,,,,,,,,,REPAIR COMPLETED,REPAIR COMPLETED,12/15/2011 3:38:28 PM,2011-12-15T15:38:28,,,,,UNKNOWN,UNKNOWN,OTHER,OTHER,,,,,,,,,,,,,CATEGORY 1,CATEGORY 1,8814,8814,222,222,WATERLOO ST,WATERLOO ST,80448,80448,,,,,150,150,2004,2004,PVC,PVC,N,N,ab14266a-c6bc-447d-878d-f20ab050bab3,ab14266a-c6bc-447d-878d-f20ab050bab3,DAVIDV,DAVIDV,12/15/2011 3:38:28 PM,2011-12-15T15:38:28,540125,540125,4812128,4812128,False,True,True,False,False,False,2004-07-20T00:00:00,True,False,event_before_install,1997-12-19T00:00:00,1,False,1,False
Water_Main_Breaks_-8394745777553033727.csv,975,8961,8961,213,213,3/12/2003 12:00:00 AM,2003-03-12T00:00:00,MAIN,MAIN,,,,,,,,,,,REPAIR COMPLETED,REPAIR COMPLETED,12/15/2011 3:38:26 PM,2011-12-15T15:38:26,,,,,UNKNOWN,UNKNOWN,OTHER,OTHER,,,,,,,,,,,,,CATEGORY 1,CATEGORY 1,9843,9843,20,20,GRIFFIN AVE,GRIFFIN AVE,77106,77106,,,,,150,150,2012,2012,PVC,PVC,N,N,5e97c1d0-48e3-4234-aa98-eb50df5c6fa1,5e97c1d0-48e3-4234-aa98-eb50df5c6fa1,DAVIDV,DAVIDV,12/15/2011 3:38:26 PM,2011-12-15T15:38:26,543002.947,543002.947,4810937.0997,4810937.0997,False,True,True,False,False,False,2012-02-06T00:00:00,True,False,event_before_install,2003-03-12T00:00:00,2,True,2,True
Water_Main_Breaks_-8394745777553033727.csv,977,8963,8963,1685,1685,12/15/2011 3:38:26 PM,2011-12-15T15:38:26,MAIN,MAIN,,,,,,,,,,,REPAIR COMPLETED,REPAIR COMPLETED,12/15/2011 3:38:26 PM,2011-12-15T15:38:26,,,,,UNKNOWN,UNKNOWN,OTHER,OTHER,,,,,,,,,,,,,CATEGORY 1,CATEGORY 1,6440,6440,17,17,REX DR,REX DR,81580,81580,,,,,150,150,2014,2014,PVC,PVC,N,N,3741a99c-27d3-4588-9aef-3a484b224253,3741a99c-27d3-4588-9aef-3a484b224253,DAVIDV,DAVIDV,12/15/2011 3:38:26 PM,2011-12-15T15:38:26,540441.0712,540441.0712,4809651.1752,4809651.1752,False,True,True,False,False,False,2014-10-01T00:00:00,True,False,event_before_install,2011-12-15T00:00:00,1,False,1,False
Water_Main_Breaks_-8394745777553033727.csv,979,8965,8965,1023,1023,11/21/2001 12:00:00 AM,2001-11-21T00:00:00,MAIN,MAIN,,,,,,,,,,,REPAIR COMPLETED,REPAIR COMPLETED,12/15/2011 3:38:27 PM,2011-12-15T15:38:27,,,,,UNKNOWN,UNKNOWN,OTHER,OTHER,,,,,,,,,,,,,CATEGORY 1,CATEGORY 1,11079,11079,110,110,VICTORIA ST N,VICTORIA ST N,81084,81084,,,,,300,300,2008,2008,PVC,PVC,N,N,7c841a12-2477-4f83-b3d5-0de4fead9ad5,7c841a12-2477-4f83-b3d5-0de4fead9ad5,DAVIDV,DAVIDV,12/15/2011 3:38:27 PM,2011-12-15T15:38:27,540966,540966,4811479,4811479,False,True,True,False,False,False,2008-02-01T00:00:00,True,False,event_before_install,2001-11-21T00:00:00,1,False,1,False
Water_Main_Breaks_-8394745777553033727.csv,992,8978,8978,2114,2114,1/4/2015 12:00:00 AM,2015-01-04T00:00:00,MAIN,MAIN,,,,,,,,,,,REPAIR COMPLETED,REPAIR COMPLETED,4/15/2015 12:00:00 AM,2015-04-15T00:00:00,124171,124171,,,UNKNOWN,UNKNOWN,OTHER,OTHER,,,,,,,,,,,,,CATEGORY 1,CATEGORY 1,40264,40264,1197,1197,UNION ST,UNION ST,97190,97190,,,,,300,300,2015,2015,PVC,PVC,N,N,7af412e3-8729-4fa8-b5cd-c182bafca0de,7af412e3-8729-4fa8-b5cd-c182bafca0de,DAVIDV,DAVIDV,4/15/2015 12:00:00 AM,2015-04-15T00:00:00,541967.4387,541967.4387,4813387.2697,4813387.2697,False,True,True,False,False,False,2015-10-31T00:00:00,True,False,event_before_install,2015-01-04T00:00:00,1,False,1,False
Water_Main_Breaks_-8394745777553033727.csv,1021,9007,9007,2045,2045,3/14/2015 12:00:00 AM,2015-03-14T00:00:00,MAIN,MAIN,,,,,,,,,,,REPAIR COMPLETED,REPAIR COMPLETED,4/15/2015 12:00:00 AM,2015-04-15T00:00:00,128195,128195,,,UNKNOWN,UNKNOWN,OTHER,OTHER,,,,,,,,,,,,,CATEGORY 1,CATEGORY 1,10407,10407,250,250,SHIRLEY AVE,SHIRLEY AVE,81288,81288,,,,,300,300,2016,2016,DI,DI,N,N,6592810b-852f-4a90-adc6-9fc0a323c1f1,6592810b-852f-4a90-adc6-9fc0a323c1f1,DAVIDV,DAVIDV,4/15/2015 12:00:00 AM,2015-04-15T00:00:00,543812.4279,543812.4279,4813073.6754,4813073.6754,False,True,True,False,False,False,2016-05-25T00:00:00,True,False,event_before_install,2015-03-14T00:00:00,1,False,1,False
Water_Main_Breaks_-8394745777553033727.csv,1023,9009,9009,2049,2049,3/7/2015 12:00:00 AM,2015-03-07T00:00:00,MAIN,MAIN,,,,,,,,,,,REPAIR COMPLETED,REPAIR COMPLETED,4/15/2015 12:00:00 AM,2015-04-15T00:00:00,127763,127763,,,UNKNOWN,UNKNOWN,OTHER,OTHER,,,,,,,,,,,,,CATEGORY 1,CATEGORY 1,9768,9768,22,22,GLENDALE RD,GLENDALE RD,133118,133118,,,,,150,150,2016,2016,PVC,PVC,N,N,8beecb8b-44c3-4800-947f-a9e2e6671823,8beecb8b-44c3-4800-947f-a9e2e6671823,DAVIDV,DAVIDV,4/15/2015 12:00:00 AM,2015-04-15T00:00:00,542758.1782,542758.1782,4811132.9415,4811132.9415,False,True,True,False,False,False,2016-08-01T00:00:00,True,False,event_before_install,2015-03-07T00:00:00,1,False,1,False
Water_Main_Breaks_-8394745777553033727.csv,1041,9027,9027,1009,1009,8/16/2005 12:00:00 AM,2005-08-16T00:00:00,MAIN,MAIN,,,,,,,,,,,REPAIR COMPLETED,REPAIR COMPLETED,12/15/2011 3:38:27 PM,2011-12-15T15:38:27,,,,,UNKNOWN,UNKNOWN,OTHER,OTHER,,,,,,,,,,,,,CATEGORY 1,CATEGORY 1,13090,13090,46,46,BRIDGE ST E,BRIDGE ST E,97276,97276,,,,,150,150,2015,2015,PVC,PVC,N,N,f1a2fdb2-bbf9-4f64-a776-66f515ee2fcc,f1a2fdb2-bbf9-4f64-a776-66f515ee2fcc,DAVIDV,DAVIDV,12/15/2011 3:38:27 PM,2011-12-15T15:38:27,542251.1803,542251.1803,4814275.7629,4814275.7629,False,True,True,False,False,False,2015-02-09T00:00:00,True,False,event_before_install,2005-08-16T00:00:00,1,False,1,False
Water_Main_Breaks_-8394745777553033727.csv,1042,9028,9028,263,263,12/30/2004 12:00:00 AM,2004-12-30T00:00:00,MAIN,MAIN,,,,,,,,,,,REPAIR COMPLETED,REPAIR COMPLETED,12/15/2011 3:38:26 PM,2011-12-15T15:38:26,,,,,UNKNOWN,UNKNOWN,OTHER,OTHER,,,,,,,,,,,,,CATEGORY 1,CATEGORY 1,20994,20994,370,370,HIGHLAND RD W,HIGHLAND RD W,97124,97124,,,,,300,300,2015,2015,PVCO,PVCO,N,N,7a2df6b7-4cb5-4e1c-8fda-ed99aaf707c6,7a2df6b7-4cb5-4e1c-8fda-ed99aaf707c6,DAVIDV,DAVIDV,12/15/2011 3:38:26 PM,2011-12-15T15:38:26,539510.6219,539510.6219,4809487.2138,4809487.2138,False,True,True,False,False,False,2015-08-01T00:00:00,True,False,event_before_install,2004-12-30T00:00:00,1,False,1,False
Water_Main_Breaks_-8394745777553033727.csv,1044,9030,9030,49,49,2/4/2001 12:00:00 AM,2001-02-04T00:00:00,MAIN,MAIN,,,,,,,,,,,REPAIR COMPLETED,REPAIR COMPLETED,12/15/2011 3:38:26 PM,2011-12-15T15:38:26,,,,,UNKNOWN,UNKNOWN,OTHER,OTHER,,,,,,,,,,,,,CATEGORY 1,CATEGORY 1,8684,8684,379,379,VICTORIA ST S,VICTORIA ST S,73200,73200,,,,,600,600,2006,2006,CPP,CPP,N,N,80944d49-2071-48c1-adf2-d9abf65becf7,80944d49-2071-48c1-adf2-d9abf65becf7,DAVIDV,DAVIDV,12/15/2011 3:38:26 PM,2011-12-15T15:38:26,539627,539627,4810202,4810202,False,True,True,False,False,False,2006-06-01T00:00:00,True,False,event_before_install,2001-02-04T00:00:00,1,False,1,False
Water_Main_Breaks_-8394745777553033727.csv,1051,9037,9037,1018,1018,7/12/2003 12:00:00 AM,2003-07-12T00:00:00,MAIN,MAIN,,,,,,,,,,,REPAIR COMPLETED,REPAIR COMPLETED,12/15/2011 3:38:27 PM,2011-12-15T15:38:27,,,,,UNKNOWN,UNKNOWN,OTHER,OTHER,,,,,,,,,,,,,CATEGORY 1,CATEGORY 1,8690,8690,1,1,HILDA PL,HILDA PL,76454,76454,,,,,300,300,2010,2010,PVC,PVC,N,N,295b8ea2-56f3-4faa-9dac-2d732d4bdd18,295b8ea2-56f3-4faa-9dac-2d732d4bdd18,DAVIDV,DAVIDV,12/15/2011 3:38:27 PM,2011-12-15T15:38:27,540971,540971,4810449,4810449,False,True,True,False,False,False,2010-01-25T00:00:00,True,False,event_before_install,2003-07-12T00:00:00,1,False,1,False
Water_Main_Breaks_-8394745777553033727.csv,1060,9046,9046,24,24,10/2/2001 12:00:00 AM,2001-10-02T00:00:00,MAIN,MAIN,,,,,,,,,,,REPAIR COMPLETED,REPAIR COMPLETED,12/15/2011 3:38:26 PM,2011-12-15T15:38:26,,,,,UNKNOWN,UNKNOWN,OTHER,OTHER,,,,,,,,,,,,,CATEGORY 1,CATEGORY 1,6693,6693,61,61,HALLS LANE W,HALLS LANE W,77534,77534,,,,,300,300,2013,2013,PVC,PVC,N,N,154b7f87-3cb5-48cb-a228-5500f8f21d35,154b7f87-3cb5-48cb-a228-5500f8f21d35,DAVIDV,DAVIDV,12/15/2011 3:38:26 PM,2011-12-15T15:38:26,541113.7375,541113.7375,4810941.8536,4810941.8536,False,True,True,False,False,False,2013-04-11T00:00:00,True,False,event_before_install,2001-10-02T00:00:00,1,False,1,False
Water_Main_Breaks_-8394745777553033727.csv,1131,9117,9117,1288,1288,11/26/2002 12:00:00 AM,2002-11-26T00:00:00,MAIN,MAIN,,,,,,,,,,,REPAIR COMPLETED,REPAIR COMPLETED,12/15/2011 3:38:27 PM,2011-12-15T15:38:27,,,,,UNKNOWN,UNKNOWN,OTHER,OTHER,,,,,,,,,,,,,CATEGORY 1,CATEGORY 1,11664,11664,98,98,KENT AVE,KENT AVE,80284,80284,,,,,150,150,2011,2011,PVC,PVC,N,N,5785a72d-348a-4324-8b9c-fa6895695d35,5785a72d-348a-4324-8b9c-fa6895695d35,DAVIDV,DAVIDV,12/15/2011 3:38:27 PM,2011-12-15T15:38:27,542174.8174,542174.8174,4809963.2694,4809963.2694,False,True,True,False,False,False,2011-09-20T00:00:00,True,False,event_before_install,2002-11-26T00:00:00,1,False,1,False
Water_Main_Breaks_-8394745777553033727.csv,1133,9119,9119,1215,1215,3/22/2008 12:00:00 AM,2008-03-22T00:00:00,MAIN,MAIN,,,,,,,,,,,REPAIR COMPLETED,REPAIR COMPLETED,12/15/2011 3:38:27 PM,2011-12-15T15:38:27,190321,190321,,,UNKNOWN,UNKNOWN,OTHER,OTHER,,,,,,,,,,,,,CATEGORY 1,CATEGORY 1,10196,10196,110,110,CLIVE RD,CLIVE RD,83222,83222,,,,,150,150,2008,2008,PVC,PVC,N,N,00d0bcb1-251c-4e72-86e7-8d2c3f12b731,00d0bcb1-251c-4e72-86e7-8d2c3f12b731,DAVIDV,DAVIDV,12/15/2011 3:38:27 PM,2011-12-15T15:38:27,543790,543790,4810233,4810233,False,True,True,False,False,False,2008-08-30T00:00:00,True,False,event_before_install,2008-03-22T00:00:00,1,False,1,False
Water_Main_Breaks_-8394745777553033727.csv,1138,9124,9124,240,240,2/28/2003 12:00:00 AM,2003-02-28T00:00:00,MAIN,MAIN,,,,,,,,,,,REPAIR COMPLETED,REPAIR COMPLETED,12/15/2011 3:38:26 PM,2011-12-15T15:38:26,,,,,UNKNOWN,UNKNOWN,OTHER,OTHER,,,,,,,,,,,,,CATEGORY 1,CATEGORY 1,10104,10104,335,335,VANIER DR,VANIER DR,69124,69124,,,,,200,200,2008,2008,PVC,PVC,N,N,eaee85c2-0b90-4561-a385-8a8130655577,eaee85c2-0b90-4561-a385-8a8130655577,DAVIDV,DAVIDV,12/15/2011 3:38:26 PM,2011-12-15T15:38:26,543860,543860,4807936,4807936,False,True,True,False,False,False,2008-08-01T00:00:00,True,False,event_before_install,2003-02-28T00:00:00,1,False,1,False
Water_Main_Breaks_-8394745777553033727.csv,1154,9140,9140,301,301,1/20/1998 12:00:00 AM,1998-01-20T00:00:00,MAIN,MAIN,,,,,,,,,,,REPAIR COMPLETED,REPAIR COMPLETED,12/15/2011 3:38:26 PM,2011-12-15T15:38:26,,,,,UNKNOWN,UNKNOWN,OTHER,OTHER,,,,,,,,,,,,,CATEGORY 1,CATEGORY 1,13316,13316,59,59,PLYMOUTH RD,PLYMOUTH RD,86556,86556,,,,,150,150,2010,2010,PVC,PVC,N,N,f98193b2-2db0-4cc2-bf14-a88bfed6863f,f98193b2-2db0-4cc2-bf14-a88bfed6863f,DAVIDV,DAVIDV,12/15/2011 3:38:26 PM,2011-12-15T15:38:26,543638.6606,543638.6606,4809311.22,4809311.22,False,True,True,False,False,False,2010-09-02T00:00:00,True,False,event_before_install,1998-01-20T00:00:00,1,False,1,False
Water_Main_Breaks_-8394745777553033727.csv,1158,9144,9144,180,180,1/27/1997 12:00:00 AM,1997-01-27T00:00:00,MAIN,MAIN,,,,,,,,,,,REPAIR COMPLETED,REPAIR COMPLETED,12/15/2011 3:38:26 PM,2011-12-15T15:38:26,,,,,UNKNOWN,UNKNOWN,OTHER,OTHER,,,,,,,,,,,,,CATEGORY 1,CATEGORY 1,22970,22970,88,88,BROADMOOR AVE,BROADMOOR AVE,4710,4710,,,,,150,150,2008,2008,PVC,PVC,N,N,e9005f53-3aea-4dc4-b5e8-e9b73edf8e9d,e9005f53-3aea-4dc4-b5e8-e9b73edf8e9d,DAVIDV,DAVIDV,12/15/2011 3:38:26 PM,2011-12-15T15:38:26,543902.7465,543902.7465,4808254.9357,4808254.9357,False,True,True,False,False,False,2008-08-13T00:00:00,True,False,event_before_install,1997-01-27T00:00:00,1,False,1,False
Water_Main_Breaks_-8394745777553033727.csv,1161,9147,9147,201,201,2/10/2003 12:00:00 AM,2003-02-10T00:00:00,MAIN,MAIN,,,,,,,,,,,REPAIR COMPLETED,REPAIR COMPLETED,12/15/2011 3:38:26 PM,2011-12-15T15:38:26,,,,,UNKNOWN,UNKNOWN,OTHER,OTHER,,,,,,,,,,,,,CATEGORY 1,CATEGORY 1,10135,10135,28,28,CLIVE RD,CLIVE RD,69385,69385,,,,,150,150,2008,2008,PVC,PVC,N,N,10ff44ae-e766-45f5-a581-6c308352b6a3,10ff44ae-e766-45f5-a581-6c308352b6a3,DAVIDV,DAVIDV,12/15/2011 3:38:26 PM,2011-12-15T15:38:26,543582,543582,4810095,4810095,False,True,True,False,False,False,2008-08-30T00:00:00,True,False,event_before_install,2003-02-10T00:00:00,1,False,1,False
Water_Main_Breaks_-8394745777553033727.csv,1170,9156,9156,2204,2204,3/11/2016 12:00:00 AM,2016-03-11T00:00:00,MAIN,MAIN,,,,,,,,,,,REPAIR COMPLETED,REPAIR COMPLETED,6/7/2016 12:00:00 AM,2016-06-07T00:00:00,155043,155043,,,UNKNOWN,UNKNOWN,OTHER,OTHER,,,,,,,,,,,,,CATEGORY 1,CATEGORY 1,9845,9845,312,312,PANDORA AVE N,PANDORA AVE N,133122,133122,,,,,150,150,2016,2016,PVC,PVC,N,N,c94519c4-c95e-4bf2-9a75-cba6e427c500,c94519c4-c95e-4bf2-9a75-cba6e427c500,DAVIDV,DAVIDV,11/27/2018 12:00:00 AM,2018-11-27T00:00:00,543007.5803,543007.5803,4811031.9966,4811031.9966,False,True,True,False,False,False,2016-08-01T00:00:00,True,False,event_before_install,2016-03-11T00:00:00,1,False,1,False
Water_Main_Breaks_-8394745777553033727.csv,1195,9181,9181,1601,1601,2/15/2011 12:00:00 AM,2011-02-15T00:00:00,MAIN,MAIN,,,,,,,,,,,REPAIR COMPLETED,REPAIR COMPLETED,12/15/2011 3:38:26 PM,2011-12-15T15:38:26,40574,40574,,,CIRCUMFERENTIAL,CIRCUMFERENTIAL,PRESSURE,PRESSURE,,,,,,,,,,,,,CATEGORY 1,CATEGORY 1,6330,6330,131,131,BINSCARTH RD,BINSCARTH RD,136122,136122,,,,,150,150,2017,2017,PVCO,PVCO,N,N,f997ce85-4e44-4226-b0c0-5465a3b10a20,f997ce85-4e44-4226-b0c0-5465a3b10a20,DAVIDV,DAVIDV,12/15/2011 3:38:26 PM,2011-12-15T15:38:26,540559.2035,540559.2035,4809506.1768,4809506.1768,False,True,True,False,False,False,2017-08-28T00:00:00,True,False,event_before_install,2011-02-15T00:00:00,1,False,1,False
Water_Main_Breaks_-8394745777553033727.csv,1196,9182,9182,47,47,7/23/2002 12:00:00 AM,2002-07-23T00:00:00,MAIN,MAIN,,,,,,,,,,,REPAIR COMPLETED,REPAIR COMPLETED,12/15/2011 3:38:26 PM,2011-12-15T15:38:26,,,,,UNKNOWN,UNKNOWN,OTHER,OTHER,,,,,,,,,,,,,CATEGORY 1,CATEGORY 1,10663,10663,529,529,PARK ST,PARK ST,76734,76734,,,,,300,300,2010,2010,PVC,PVC,N,N,ec1788e5-0563-496a-b84a-029683bca26e,ec1788e5-0563-496a-b84a-029683bca26e,DAVIDV,DAVIDV,12/15/2011 3:38:26 PM,2011-12-15T15:38:26,539216.014,539216.014,4811607.1992,4811607.1992,False,True,True,False,False,False,2010-08-05T00:00:00,True,False,event_before_install,2002-07-23T00:00:00,1,False,1,False
Water_Main_Breaks_-8394745777553033727.csv,1203,9189,9189,75,75,6/16/2006 12:00:00 AM,2006-06-16T00:00:00,MAIN,MAIN,,,,,,,,,,,REPAIR COMPLETED,REPAIR COMPLETED,12/15/2011 3:38:26 PM,2011-12-15T15:38:26,,,,,UNKNOWN,UNKNOWN,OTHER,OTHER,,,,,,,,,,,,,CATEGORY 1,CATEGORY 1,6330,6330,143,143,BINSCARTH RD,BINSCARTH RD,136122,136122,,,,,150,150,2017,2017,PVCO,PVCO,N,N,dd6c697b-05a5-4c08-ba48-a6acf24e8e2f,dd6c697b-05a5-4c08-ba48-a6acf24e8e2f,DAVIDV,DAVIDV,12/15/2011 3:38:26 PM,2011-12-15T15:38:26,540523.826,540523.826,4809488.7368,4809488.7368,False,True,True,False,False,False,2017-08-28T00:00:00,True,False,event_before_install,2006-06-16T00:00:00,1,False,1,False
Water_Main_Breaks_-8394745777553033727.csv,1204,9190,9190,65,65,2/22/2005 12:00:00 AM,2005-02-22T00:00:00,MAIN,MAIN,,,,,,,,,,,REPAIR COMPLETED,REPAIR COMPLETED,12/15/2011 3:38:26 PM,2011-12-15T15:38:26,,,,,UNKNOWN,UNKNOWN,OTHER,OTHER,,,,,,,,,,,,,CATEGORY 1,CATEGORY 1,9798,9798,236,236,LYDIA ST,LYDIA ST,98394,98394,,,,,150,150,2014,2014,PVCO,PVCO,N,N,8e2e02af-471c-4ed1-b26d-6fc9e45c25f1,8e2e02af-471c-4ed1-b26d-6fc9e45c25f1,DAVIDV,DAVIDV,12/15/2011 3:38:26 PM,2011-12-15T15:38:26,542662.9356,542662.9356,4810775.5972,4810775.5972,False,True,True,False,False,False,2014-12-12T00:00:00,True,False,event_before_install,2005-02-22T00:00:00,1,False,1,False
Water_Main_Breaks_-8394745777553033727.csv,1206,9192,9192,229,229,2/20/2005 12:00:00 AM,2005-02-20T00:00:00,MAIN,MAIN,,,,,,,,,,,REPAIR COMPLETED,REPAIR COMPLETED,12/15/2011 3:38:26 PM,2011-12-15T15:38:26,,,,,UNKNOWN,UNKNOWN,OTHER,OTHER,,,,,,,,,,,,,CATEGORY 1,CATEGORY 1,22976,22976,56,56,SIEBERT AVE,SIEBERT AVE,133708,133708,,,,,200,200,2015,2015,PVC,PVC,N,N,478075b8-ce6d-4f88-a857-37d89353e421,478075b8-ce6d-4f88-a857-37d89353e421,DAVIDV,DAVIDV,12/15/2011 3:38:26 PM,2011-12-15T15:38:26,543964.6895,543964.6895,4808089.6029,4808089.6029,False,True,True,False,False,False,2015-10-01T00:00:00,True,False,event_before_install,2005-02-20T00:00:00,1,False,1,False
Water_Main_Breaks_-8394745777553033727.csv,1209,9195,9195,1410,1410,11/10/2009 12:00:00 AM,2009-11-10T00:00:00,MAIN,MAIN,,,,,,,,,,,REPAIR COMPLETED,REPAIR COMPLETED,12/15/2011 3:38:28 PM,2011-12-15T15:38:28,19663,19663,,,UNKNOWN,UNKNOWN,OTHER,OTHER,,,,,,,,,,,,,CATEGORY 1,CATEGORY 1,6676,6676,181,181,WELLINGTON ST N,WELLINGTON ST N,80986,80986,,,,,150,150,2010,2010,PVC,PVC,N,N,828744a2-c23b-45f6-9519-648e832a7cbb,828744a2-c23b-45f6-9519-648e832a7cbb,DAVIDV,DAVIDV,12/15/2011 3:38:28 PM,2011-12-15T15:38:28,540919.2468,540919.2468,4811730.539,4811730.539,False,True,True,False,False,False,2010-11-22T00:00:00,True,False,event_before_install,2009-11-10T00:00:00,1,False,1,False
Water_Main_Breaks_-8394745777553033727.csv,1217,9203,9203,142,142,10/24/1997 12:00:00 AM,1997-10-24T00:00:00,MAIN,MAIN,,,,,,,,,,,REPAIR COMPLETED,REPAIR COMPLETED,12/15/2011 3:38:26 PM,2011-12-15T15:38:26,,,,,UNKNOWN,UNKNOWN,OTHER,OTHER,,,,,,,,,,,,,CATEGORY 1,CATEGORY 1,20988,20988,359,359,HIGHLAND RD W,HIGHLAND RD W,97148,97148,,,,,300,300,2015,2015,PVCO,PVCO,N,N,06e45ce1-9ebe-46dc-8859-6fad6be3b245,06e45ce1-9ebe-46dc-8859-6fad6be3b245,DAVIDV,DAVIDV,12/15/2011 3:38:26 PM,2011-12-15T15:38:26,539640.2488,539640.2488,4809596.6893,4809596.6893,False,True,True,False,False,False,2015-08-01T00:00:00,True,False,event_before_install,1997-10-24T00:00:00,1,False,1,False
Water_Main_Breaks_-8394745777553033727.csv,1230,9216,9216,1555,1555,12/24/2010 12:00:00 AM,2010-12-24T00:00:00,MAIN,MAIN,,,,,,,,,,,REPAIR COMPLETED,REPAIR COMPLETED,12/15/2011 3:38:27 PM,2011-12-15T15:38:27,38614,38614,,,CIRCUMFERENTIAL,CIRCUMFERENTIAL,AGE,AGE,,,,,,,,,,,,,CATEGORY 1,CATEGORY 1,20964,20964,367,367,HIGHLAND RD W,HIGHLAND RD W,97148,97148,,,,,300,300,2015,2015,PVCO,PVCO,N,N,05d3bd20-45b9-48ae-91a1-4d0ae58ec3ff,05d3bd20-45b9-48ae-91a1-4d0ae58ec3ff,DAVIDV,DAVIDV,12/15/2011 3:38:27 PM,2011-12-15T15:38:27,539568.9543,539568.9543,4809527.8696,4809527.8696,False,True,True,False,False,False,2015-08-01T00:00:00,True,False,event_before_install,2010-12-24T00:00:00,1,False,1,False
Water_Main_Breaks_-8394745777553033727.csv,1243,9230,9230,1612,1612,2/22/2011 12:00:00 AM,2011-02-22T00:00:00,MAIN,MAIN,,,,,,,,,,,REPAIR COMPLETED,REPAIR COMPLETED,12/15/2011 3:38:26 PM,2011-12-15T15:38:26,40870,40870,,,FITTING/JOINT,FITTING/JOINT,COMBINATION,COMBINATION,,,,,,,,,,,,,CATEGORY 1,CATEGORY 1,10748,10748,176,176,HAYWARD AVE,HAYWARD AVE,79054,79054,,,,,300,300,2012,2012,HDPE,HDPE,N,N,576103e6-d1f2-43e4-a2f4-38cc92476622,576103e6-d1f2-43e4-a2f4-38cc92476622,DAVIDV,DAVIDV,12/15/2011 3:38:26 PM,2011-12-15T15:38:26,542905.2921,542905.2921,4808169.5818,4808169.5818,False,True,True,False,False,False,2012-03-22T00:00:00,True,False,event_before_install,2011-02-22T00:00:00,1,False,1,False
Water_Main_Breaks_-8394745777553033727.csv,1257,9245,9245,96,96,1/19/2004 12:00:00 AM,2004-01-19T00:00:00,MAIN,MAIN,,,,,,,,,,,REPAIR COMPLETED,REPAIR COMPLETED,12/15/2011 3:38:26 PM,2011-12-15T15:38:26,,,,,UNKNOWN,UNKNOWN,OTHER,OTHER,,,,,,,,,,,,,CATEGORY 1,CATEGORY 1,6722,6722,50,50,RUSSEL ST,RUSSEL ST,98328,98328,,,,,150,150,2016,2016,PVCO,PVCO,N,N,fb381537-5077-4eba-8103-2c4aad8401e5,fb381537-5077-4eba-8103-2c4aad8401e5,DAVIDV,DAVIDV,12/15/2011 3:38:26 PM,2011-12-15T15:38:26,541163.2923,541163.2923,4809613.8136,4809613.8136,False,True,True,False,False,False,2016-07-22T00:00:00,True,False,event_before_install,2004-01-19T00:00:00,1,False,1,False
Water_Main_Breaks_-8394745777553033727.csv,1260,9248,9248,118,118,1/26/2003 12:00:00 AM,2003-01-26T00:00:00,MAIN,MAIN,,,,,,,,,,,REPAIR COMPLETED,REPAIR COMPLETED,12/15/2011 3:38:26 PM,2011-12-15T15:38:26,,,,,UNKNOWN,UNKNOWN,OTHER,OTHER,,,,,,,,,,,,,CATEGORY 1,CATEGORY 1,40264,40264,,,UNION ST,UNION ST,97190,97190,,,,,300,300,2015,2015,PVC,PVC,N,N,9b234de8-f590-4310-9055-a94a13da5080,9b234de8-f590-4310-9055-a94a13da5080,DAVIDV,DAVIDV,12/15/2011 3:38:26 PM,2011-12-15T15:38:26,541996.5857,541996.5857,4813400.7547,4813400.7547,False,True,True,False,False,False,2015-10-31T00:00:00,True,False,event_before_install,2003-01-26T00:00:00,1,False,1,False
Water_Main_Breaks_-8394745777553033727.csv,1261,9249,9249,1298,1298,7/26/1999 12:00:00 AM,1999-07-26T00:00:00,MAIN,MAIN,,,,,,,,,,,REPAIR COMPLETED,REPAIR COMPLETED,12/15/2011 3:38:28 PM,2011-12-15T15:38:28,,,,,UNKNOWN,UNKNOWN,OTHER,OTHER,,,,,,,,,,,,,CATEGORY 1,CATEGORY 1,8787,8787,69,69,VICTORIA ST S,VICTORIA ST S,69571,69571,,,,,600,600,2004,2004,CPP,CPP,N,N,8f0f7191-4903-4dbc-a728-77f9b7b95f46,8f0f7191-4903-4dbc-a728-77f9b7b95f46,DAVIDV,DAVIDV,12/15/2011 3:38:28 PM,2011-12-15T15:38:28,540521,540521,4811069,4811069,False,True,True,False,False,False,2004-06-01T00:00:00,True,False,event_before_install,1999-07-26T00:00:00,1,False,1,False
Water_Main_Breaks_-8394745777553033727.csv,1267,9255,9255,1271,1271,8/30/2000 12:00:00 AM,2000-08-30T00:00:00,MAIN,MAIN,,,,,,,,,,,REPAIR COMPLETED,REPAIR COMPLETED,12/15/2011 3:38:27 PM,2011-12-15T15:38:27,,,,,UNKNOWN,UNKNOWN,OTHER,OTHER,,,,,,,,,,,,,CATEGORY 1,CATEGORY 1,6491,6491,102,102,COLLEGE ST,COLLEGE ST,66220,66220,,,,,300,300,2001,2001,PVC,PVC,N,N,8fc1dbe3-3ec7-4f53-950d-c0092bac1a15,8fc1dbe3-3ec7-4f53-950d-c0092bac1a15,DAVIDV,DAVIDV,12/15/2011 3:38:27 PM,2011-12-15T15:38:27,541154,541154,4811392,4811392,False,True,True,False,False,False,2001-09-01T00:00:00,True,False,event_before_install,2000-08-30T00:00:00,1,False,1,False
Water_Main_Breaks_-8394745777553033727.csv,1268,9256,9256,304,304,1/20/2003 12:00:00 AM,2003-01-20T00:00:00,MAIN,MAIN,,,,,,,,,,,REPAIR COMPLETED,REPAIR COMPLETED,12/15/2011 3:38:26 PM,2011-12-15T15:38:26,,,,,UNKNOWN,UNKNOWN,OTHER,OTHER,,,,,,,,,,,,,CATEGORY 1,CATEGORY 1,13316,13316,93,93,PLYMOUTH RD,PLYMOUTH RD,86558,86558,,,,,150,150,2010,2010,PVC,PVC,N,N,9f81418c-2bb9-4825-8611-4d5c07ca2b03,9f81418c-2bb9-4825-8611-4d5c07ca2b03,DAVIDV,DAVIDV,12/15/2011 3:38:26 PM,2011-12-15T15:38:26,543662.2219,543662.2219,4809231.1794,4809231.1794,False,True,True,False,False,False,2010-09-02T00:00:00,True,False,event_before_install,2003-01-20T00:00:00,1,False,1,False
Water_Main_Breaks_-8394745777553033727.csv,1269,9257,9257,1297,1297,1/28/2000 12:00:00 AM,2000-01-28T00:00:00,MAIN,MAIN,,,,,,,,,,,REPAIR COMPLETED,REPAIR COMPLETED,12/15/2011 3:38:28 PM,2011-12-15T15:38:28,,,,,UNKNOWN,UNKNOWN,OTHER,OTHER,,,,,,,,,,,,,CATEGORY 1,CATEGORY 1,6429,6429,108,108,SPADINA RD E,SPADINA RD E,83320,83320,,,,,150,150,2005,2005,PVC,PVC,N,N,9b1c6f31-c29b-430f-bd80-a460eaf21156,9b1c6f31-c29b-430f-bd80-a460eaf21156,DAVIDV,DAVIDV,12/15/2011 3:38:28 PM,2011-12-15T15:38:28,540800,540800,4809698,4809698,False,True,True,False,False,False,2005-10-01T00:00:00,True,False,event_before_install,2000-01-28T00:00:00,1,False,1,False
Water_Main_Breaks_-8394745777553033727.csv,1279,9267,9267,1296,1296,12/26/1998 12:00:00 AM,1998-12-26T00:00:00,MAIN,MAIN,,,,,,,,,,,REPAIR COMPLETED,REPAIR COMPLETED,12/15/2011 3:38:27 PM,2011-12-15T15:38:27,,,,,UNKNOWN,UNKNOWN,OTHER,OTHER,,,,,,,,,,,,,CATEGORY 1,CATEGORY 1,6429,6429,118,118,SPADINA RD E,SPADINA RD E,72660,72660,,,,,150,150,2005,2005,PVC,PVC,N,N,8dc84e74-0793-4dc4-93e6-94d684de6ad2,8dc84e74-0793-4dc4-93e6-94d684de6ad2,DAVIDV,DAVIDV,12/15/2011 3:38:27 PM,2011-12-15T15:38:27,540821,540821,4809678,4809678,False,True,True,False,False,False,2005-10-01T00:00:00,True,False,event_before_install,1998-12-26T00:00:00,1,False,1,False
Water_Main_Breaks_-8394745777553033727.csv,1301,9289,9289,1286,1286,2/12/2001 12:00:00 AM,2001-02-12T00:00:00,MAIN,MAIN,,,,,,,,,,,REPAIR COMPLETED,REPAIR COMPLETED,12/15/2011 3:38:27 PM,2011-12-15T15:38:27,,,,,UNKNOWN,UNKNOWN,OTHER,OTHER,,,,,,,,,,,,,CATEGORY 1,CATEGORY 1,6810,6810,27,27,IRVIN ST,IRVIN ST,72650,72650,,,,,150,150,2005,2005,PVC,PVC,N,N,9f5ae182-3383-4e0f-90f7-964f2f6910e4,9f5ae182-3383-4e0f-90f7-964f2f6910e4,DAVIDV,DAVIDV,12/15/2011 3:38:27 PM,2011-12-15T15:38:27,541835,541835,4811085,4811085,False,True,True,False,False,False,2005-06-01T00:00:00,True,False,event_before_install,2001-02-12T00:00:00,1,False,1,False
Water_Main_Breaks_-8394745777553033727.csv,1320,9308,9308,269,269,3/13/2005 12:00:00 AM,2005-03-13T00:00:00,MAIN,MAIN,,,,,,,,,,,REPAIR COMPLETED,REPAIR COMPLETED,12/15/2011 3:38:26 PM,2011-12-15T15:38:26,,,,,UNKNOWN,UNKNOWN,OTHER,OTHER,,,,,,,,,,,,,CATEGORY 1,CATEGORY 1,13292,13292,21,21,PLYMOUTH RD,PLYMOUTH RD,76854,76854,,,,,150,150,2010,2010,PVC,PVC,N,N,770ad571-b014-4a97-8883-712278f1b330,770ad571-b014-4a97-8883-712278f1b330,DAVIDV,DAVIDV,12/15/2011 3:38:26 PM,2011-12-15T15:38:26,543536.2551,543536.2551,4809361.6694,4809361.6694,False,True,True,False,False,False,2010-09-02T00:00:00,True,False,event_before_install,2005-03-13T00:00:00,1,False,1,False
Water_Main_Breaks_-8394745777553033727.csv,1322,9310,9310,203,203,3/2/2003 12:00:00 AM,2003-03-02T00:00:00,MAIN,MAIN,,,,,,,,,,,REPAIR COMPLETED,REPAIR COMPLETED,12/15/2011 3:38:26 PM,2011-12-15T15:38:26,,,,,UNKNOWN,UNKNOWN,OTHER,OTHER,,,,,,,,,,,,,CATEGORY 1,CATEGORY 1,10135,10135,28,28,CLIVE RD,CLIVE RD,69385,69385,,,,,150,150,2008,2008,PVC,PVC,N,N,2bc2b236-925c-40be-9789-90740a9b1312,2bc2b236-925c-40be-9789-90740a9b1312,DAVIDV,DAVIDV,12/15/2011 3:38:26 PM,2011-12-15T15:38:26,543582,543582,4810095,4810095,False,True,True,False,False,False,2008-08-30T00:00:00,True,False,event_before_install,2003-03-02T00:00:00,2,True,2,True
Water_Main_Breaks_-8394745777553033727.csv,1332,9320,9320,490,490,12/12/2002 12:00:00 AM,2002-12-12T00:00:00,MAIN,MAIN,,,,,,,,,,,REPAIR COMPLETED,REPAIR COMPLETED,12/15/2011 3:38:27 PM,2011-12-15T15:38:27,,,,,UNKNOWN,UNKNOWN,OTHER,OTHER,,,,,,,,,,,,,CATEGORY 1,CATEGORY 1,10960,10960,98,98,DIXON ST,DIXON ST,76470,76470,,,,,150,150,2010,2010,PVC,PVC,N,N,9f9233db-3b0d-405e-b6be-3a7619f244b7,9f9233db-3b0d-405e-b6be-3a7619f244b7,DAVIDV,DAVIDV,12/15/2011 3:38:27 PM,2011-12-15T15:38:27,543719,543719,4809145,4809145,False,True,True,False,False,False,2010-12-15T00:00:00,True,False,event_before_install,2002-12-12T00:00:00,1,False,1,False
Water_Main_Breaks_-8394745777553033727.csv,1342,9330,9330,1737,1737,2/20/2012 12:00:00 AM,2012-02-20T00:00:00,MAIN,MAIN,,,,,,,,,,,REPAIR COMPLETED,REPAIR COMPLETED,3/7/2013 12:00:00 AM,2013-03-07T00:00:00,61291,61291,,,UNKNOWN,UNKNOWN,AGE,AGE,,,,,,,,,,,,,CATEGORY 1,CATEGORY 1,9829,9829,324,324,STIRLING AVE N,STIRLING AVE N,97080,97080,,,,,150,150,2013,2013,PVC,PVC,N,N,8ac744d7-2002-4b14-86ec-081f64389d68,8ac744d7-2002-4b14-86ec-081f64389d68,DAVIDV,DAVIDV,3/7/2013 12:00:00 AM,2013-03-07T00:00:00,543189.4272,543189.4272,4810927.7284,4810927.7284,False,True,True,False,False,False,2013-09-01T00:00:00,True,False,event_before_install,2012-02-20T00:00:00,1,False,1,False
Water_Main_Breaks_-8394745777553033727.csv,1358,9346,9346,39,39,8/17/2004 12:00:00 AM,2004-08-17T00:00:00,MAIN,MAIN,,,,,,,,,,,REPAIR COMPLETED,REPAIR COMPLETED,12/15/2011 3:38:26 PM,2011-12-15T15:38:26,,,,,UNKNOWN,UNKNOWN,OTHER,OTHER,,,,,,,,,,,,,CATEGORY 1,CATEGORY 1,8794,8794,37,37,MICHAEL ST,MICHAEL ST,86588,86588,,,,,150,150,2010,2010,PVC,PVC,N,N,6ae1bc40-946c-4e3d-854d-5dbdc012ffbd,6ae1bc40-946c-4e3d-854d-5dbdc012ffbd,DAVIDV,DAVIDV,12/15/2011 3:38:26 PM,2011-12-15T15:38:26,540413,540413,4810808,4810808,False,True,True,False,False,False,2010-11-12T00:00:00,True,False,event_before_install,2004-08-17T00:00:00,1,False,1,False
Water_Main_Breaks_-8394745777553033727.csv,1367,9355,9355,491,491,12/13/2002 12:00:00 AM,2002-12-13T00:00:00,MAIN,MAIN,,,,,,,,,,,REPAIR COMPLETED,REPAIR COMPLETED,12/15/2011 3:38:27 PM,2011-12-15T15:38:27,,,,,UNKNOWN,UNKNOWN,OTHER,OTHER,,,,,,,,,,,,,CATEGORY 1,CATEGORY 1,10960,10960,130,130,DIXON ST,DIXON ST,76470,76470,,,,,150,150,2010,2010,PVC,PVC,N,N,7580d050-d6dc-4270-9d24-6509fe75a4da,7580d050-d6dc-4270-9d24-6509fe75a4da,DAVIDV,DAVIDV,12/15/2011 3:38:27 PM,2011-12-15T15:38:27,543698,543698,4809051,4809051,False,True,True,False,False,False,2010-12-15T00:00:00,True,False,event_before_install,2002-12-13T00:00:00,1,False,1,False
Water_Main_Breaks_-8394745777553033727.csv,1389,9377,9377,50,50,1/11/1997 12:00:00 AM,1997-01-11T00:00:00,MAIN,MAIN,,,,,,,,,,,REPAIR COMPLETED,REPAIR COMPLETED,12/15/2011 3:38:26 PM,2011-12-15T15:38:26,,,,,UNKNOWN,UNKNOWN,OTHER,OTHER,,,,,,,,,,,,,CATEGORY 1,CATEGORY 1,8689,8689,280,280,VICTORIA ST S,VICTORIA ST S,73300,73300,,,,,600,600,2006,2006,CPP,CPP,N,N,0e9ab90a-054c-4038-8fb4-5e3ef14d225a,0e9ab90a-054c-4038-8fb4-5e3ef14d225a,DAVIDV,DAVIDV,12/15/2011 3:38:26 PM,2011-12-15T15:38:26,539889,539889,4810385,4810385,False,True,True,False,False,False,2006-06-01T00:00:00,True,False,event_before_install,1997-01-11T00:00:00,1,False,1,False
Water_Main_Breaks_-8394745777553033727.csv,1390,9378,9378,321,321,11/6/2002 12:00:00 AM,2002-11-06T00:00:00,MAIN,MAIN,,,,,,,,,,,REPAIR COMPLETED,REPAIR COMPLETED,12/15/2011 3:38:26 PM,2011-12-15T15:38:26,,,,,UNKNOWN,UNKNOWN,OTHER,OTHER,,,,,,,,,,,,,CATEGORY 1,CATEGORY 1,22973,22973,146,146,CLARK AVE,CLARK AVE,7390,7390,,,,,150,150,2008,2008,PVC,PVC,N,N,d910d940-bf0f-409a-82c6-5a7ea50130b4,d910d940-bf0f-409a-82c6-5a7ea50130b4,DAVIDV,DAVIDV,12/15/2011 3:38:26 PM,2011-12-15T15:38:26,543843.2546,543843.2546,4808119.5718,4808119.5718,False,True,True,False,False,False,2008-05-13T00:00:00,True,False,event_before_install,2002-11-06T00:00:00,1,False,1,False
Water_Main_Breaks_-8394745777553033727.csv,1394,9382,9382,668,668,9/2/2005 12:00:00 AM,2005-09-02T00:00:00,MAIN,MAIN,,,,,,,,,,,REPAIR COMPLETED,REPAIR COMPLETED,12/15/2011 3:38:27 PM,2011-12-15T15:38:27,,,,,UNKNOWN,UNKNOWN,OTHER,OTHER,,,,,,,,,,,,,CATEGORY 1,CATEGORY 1,8736,8736,103,103,GAGE AVE,GAGE AVE,76485,76485,,,,,600,600,2009,2009,HDPE,HDPE,N,N,37b73db0-29bc-4904-862d-fde58a9923fe,37b73db0-29bc-4904-862d-fde58a9923fe,DAVIDV,DAVIDV,12/15/2011 3:38:27 PM,2011-12-15T15:38:27,539439,539439,4810753,4810753,False,True,True,False,False,False,2009-12-01T00:00:00,True,False,event_before_install,2005-09-02T00:00:00,1,False,1,False
Water_Main_Breaks_-8394745777553033727.csv,1434,9422,9422,667,667,10/20/2001 12:00:00 AM,2001-10-20T00:00:00,MAIN,MAIN,,,,,,,,,,,REPAIR COMPLETED,REPAIR COMPLETED,12/15/2011 3:38:27 PM,2011-12-15T15:38:27,,,,,UNKNOWN,UNKNOWN,OTHER,OTHER,,,,,,,,,,,,,CATEGORY 1,CATEGORY 1,8736,8736,103,103,GAGE AVE,GAGE AVE,76485,76485,,,,,600,600,2009,2009,HDPE,HDPE,N,N,55fcdd33-04a9-4e41-b23d-d6698797df66,55fcdd33-04a9-4e41-b23d-d6698797df66,DAVIDV,DAVIDV,12/15/2011 3:38:27 PM,2011-12-15T15:38:27,539439,539439,4810753,4810753,False,True,True,False,False,False,2009-12-01T00:00:00,True,False,event_before_install,2001-10-20T00:00:00,1,False,1,False
Water_Main_Breaks_-8394745777553033727.csv,1457,9445,9445,1140,1140,7/16/2007 12:00:00 AM,2007-07-16T00:00:00,MAIN,MAIN,,,,,,,,,,,REPAIR COMPLETED,REPAIR COMPLETED,12/15/2011 3:38:27 PM,2011-12-15T15:38:27,178454,178454,,,UNKNOWN,UNKNOWN,OTHER,OTHER,,,,,,,,,,,,,CATEGORY 1,CATEGORY 1,10390,10390,,,SEREDA RD,SEREDA RD,97172,97172,,,,,300,300,2015,2015,PVC,PVC,N,N,6d6bf459-f5b9-40ad-8143-f7e989fcf81e,6d6bf459-f5b9-40ad-8143-f7e989fcf81e,DAVIDV,DAVIDV,12/15/2011 3:38:27 PM,2011-12-15T15:38:27,542100.396,542100.396,4813351.873,4813351.873,False,True,True,False,False,False,2015-10-31T00:00:00,True,False,event_before_install,2007-07-16T00:00:00,1,False,1,False
Water_Main_Breaks_-8394745777553033727.csv,1460,9448,9448,1269,1269,12/3/1998 12:00:00 AM,1998-12-03T00:00:00,MAIN,MAIN,,,,,,,,,,,REPAIR COMPLETED,REPAIR COMPLETED,12/15/2011 3:38:27 PM,2011-12-15T15:38:27,,,,,UNKNOWN,UNKNOWN,OTHER,OTHER,,,,,,,,,,,,,CATEGORY 1,CATEGORY 1,11317,11317,67,67,CEDAR ST N,CEDAR ST N,68664,68664,,,,,300,300,2000,2000,PVC,PVC,N,N,93862135-07f3-47dd-8080-bac89ffec282,93862135-07f3-47dd-8080-bac89ffec282,DAVIDV,DAVIDV,12/15/2011 3:38:27 PM,2011-12-15T15:38:27,541920,541920,4810814,4810814,False,True,True,False,False,False,2000-08-11T00:00:00,True,False,event_before_install,1998-12-03T00:00:00,1,False,1,False
Water_Main_Breaks_-8394745777553033727.csv,1462,9450,9450,12,12,5/24/2001 12:00:00 AM,2001-05-24T00:00:00,MAIN,MAIN,,,,,,,,,,,REPAIR COMPLETED,REPAIR COMPLETED,12/15/2011 3:38:26 PM,2011-12-15T15:38:26,,,,,UNKNOWN,UNKNOWN,OTHER,OTHER,,,,,,,,,,,,,CATEGORY 1,CATEGORY 1,11145,11145,7,7,HERMIE PL,HERMIE PL,66280,66280,,,,,50,50,2001,2001,PVC,PVC,N,N,4f6fed0c-a9a7-4e52-86ec-5d7bcde37be2,4f6fed0c-a9a7-4e52-86ec-5d7bcde37be2,DAVIDV,DAVIDV,12/15/2011 3:38:26 PM,2011-12-15T15:38:26,541670,541670,4811573,4811573,False,True,True,False,False,False,2001-06-01T00:00:00,True,False,event_before_install,2001-05-24T00:00:00,1,False,1,False
Water_Main_Breaks_-8394745777553033727.csv,1466,9454,9454,302,302,2/4/1999 12:00:00 AM,1999-02-04T00:00:00,MAIN,MAIN,,,,,,,,,,,REPAIR COMPLETED,REPAIR COMPLETED,12/15/2011 3:38:26 PM,2011-12-15T15:38:26,,,,,UNKNOWN,UNKNOWN,OTHER,OTHER,,,,,,,,,,,,,CATEGORY 1,CATEGORY 1,13316,13316,159,159,PLYMOUTH RD,PLYMOUTH RD,76727,76727,,,,,150,150,2010,2010,PVC,PVC,N,N,e7279719-da6f-49b1-9b26-902a52d3410d,e7279719-da6f-49b1-9b26-902a52d3410d,DAVIDV,DAVIDV,12/15/2011 3:38:26 PM,2011-12-15T15:38:26,543632.8608,543632.8608,4809067.275,4809067.275,False,True,True,False,False,False,2010-09-02T00:00:00,True,False,event_before_install,1999-02-04T00:00:00,1,False,1,False
Water_Main_Breaks_-8394745777553033727.csv,1487,9475,9475,63,63,12/29/2005 12:00:00 AM,2005-12-29T00:00:00,MAIN,MAIN,,,,,,,,,,,REPAIR COMPLETED,REPAIR COMPLETED,12/15/2011 3:38:26 PM,2011-12-15T15:38:26,,,,,UNKNOWN,UNKNOWN,OTHER,OTHER,,,,,,,,,,,,,CATEGORY 1,CATEGORY 1,11727,11727,311,311,SIMEON ST,SIMEON ST,133934,133934,,,,,300,300,2015,2015,PVCO,PVCO,N,N,87d7ff4f-1103-48a5-aaf3-8001e94614ad,87d7ff4f-1103-48a5-aaf3-8001e94614ad,DAVIDV,DAVIDV,12/15/2011 3:38:26 PM,2011-12-15T15:38:26,542618.4199,542618.4199,4810556.504,4810556.504,False,True,True,False,False,False,2015-12-04T00:00:00,True,False,event_before_install,2005-12-29T00:00:00,1,False,1,False
Water_Main_Breaks_-8394745777553033727.csv,1489,9477,9477,322,322,2/17/2003 12:00:00 AM,2003-02-17T00:00:00,MAIN,MAIN,,,,,,,,,,,REPAIR COMPLETED,REPAIR COMPLETED,12/15/2011 3:38:26 PM,2011-12-15T15:38:26,,,,,UNKNOWN,UNKNOWN,OTHER,OTHER,,,,,,,,,,,,,CATEGORY 1,CATEGORY 1,22973,22973,171,171,CLARK AVE,CLARK AVE,7390,7390,,,,,150,150,2008,2008,PVC,PVC,N,N,73ef7a16-883e-4998-933a-c65fb6d7d927,73ef7a16-883e-4998-933a-c65fb6d7d927,DAVIDV,DAVIDV,12/15/2011 3:38:26 PM,2011-12-15T15:38:26,543877.0645,543877.0645,4808050.9747,4808050.9747,False,True,True,False,False,False,2008-05-13T00:00:00,True,False,event_before_install,2003-02-17T00:00:00,1,False,1,False
Water_Main_Breaks_-8394745777553033727.csv,1494,9482,9482,212,212,1/30/2003 12:00:00 AM,2003-01-30T00:00:00,MAIN,MAIN,,,,,,,,,,,REPAIR COMPLETED,REPAIR COMPLETED,12/15/2011 3:38:26 PM,2011-12-15T15:38:26,,,,,UNKNOWN,UNKNOWN,OTHER,OTHER,,,,,,,,,,,,,CATEGORY 1,CATEGORY 1,9843,9843,26,26,GRIFFIN AVE,GRIFFIN AVE,77106,77106,,,,,150,150,2012,2012,PVC,PVC,N,N,96caa6d2-c316-4140-9b1d-06d8efadcfa5,96caa6d2-c316-4140-9b1d-06d8efadcfa5,DAVIDV,DAVIDV,12/15/2011 3:38:26 PM,2011-12-15T15:38:26,543021.3232,543021.3232,4810946.1703,4810946.1703,False,True,True,False,False,False,2012-02-06T00:00:00,True,False,event_before_install,2003-01-30T00:00:00,1,False,1,False
Water_Main_Breaks_-8394745777553033727.csv,1495,9483,9483,1272,1272,5/22/2002 12:00:00 AM,2002-05-22T00:00:00,MAIN,MAIN,,,,,,,,,,,REPAIR COMPLETED,REPAIR COMPLETED,12/15/2011 3:38:27 PM,2011-12-15T15:38:27,,,,,UNKNOWN,UNKNOWN,OTHER,OTHER,,,,,,,,,,,,,CATEGORY 1,CATEGORY 1,6666,6666,85,85,WEBER ST W,WEBER ST W,69510,69510,,,,,300,300,2003,2003,PVC,PVC,N,N,08e04ca3-1da3-4b3d-be4e-262b349085b9,08e04ca3-1da3-4b3d-be4e-262b349085b9,DAVIDV,DAVIDV,12/15/2011 3:38:27 PM,2011-12-15T15:38:27,541079,541079,4811355,4811355,False,True,True,False,False,False,2003-06-01T00:00:00,True,False,event_before_install,2002-05-22T00:00:00,1,False,1,False
Water_Main_Breaks_-8394745777553033727.csv,1497,9485,9485,496,496,2/7/1997 12:00:00 AM,1997-02-07T00:00:00,MAIN,MAIN,,,,,,,,,,,REPAIR COMPLETED,REPAIR COMPLETED,12/15/2011 3:38:27 PM,2011-12-15T15:38:27,,,,,UNKNOWN,UNKNOWN,OTHER,OTHER,,,,,,,,,,,,,CATEGORY 1,CATEGORY 1,10005,10005,46,46,FOURTH AVE,FOURTH AVE,133988,133988,,,,,150,150,2017,2017,PVC,PVC,N,N,3c1ef484-8bb9-475c-95a7-943853210bdd,3c1ef484-8bb9-475c-95a7-943853210bdd,DAVIDV,DAVIDV,12/15/2011 3:38:27 PM,2011-12-15T15:38:27,544247.4484,544247.4484,4809098.9353,4809098.9353,False,True,True,False,False,False,2017-10-04T00:00:00,True,False,event_before_install,1997-02-07T00:00:00,1,False,1,False
Water_Main_Breaks_-8394745777553033727.csv,1506,9494,9494,1205,1205,3/1/2008 12:00:00 AM,2008-03-01T00:00:00,MAIN,MAIN,,,,,,,,,,,REPAIR COMPLETED,REPAIR COMPLETED,12/15/2011 3:38:27 PM,2011-12-15T15:38:27,189750,189750,,,UNKNOWN,UNKNOWN,OTHER,OTHER,,,,,,,,,,,,,CATEGORY 1,CATEGORY 1,9845,9845,285,285,PANDORA AVE N,PANDORA AVE N,133122,133122,,,,,150,150,2016,2016,PVC,PVC,N,N,9d7bfcfd-66c6-49d9-a2bc-bf97f2fca096,9d7bfcfd-66c6-49d9-a2bc-bf97f2fca096,DAVIDV,DAVIDV,12/15/2011 3:38:27 PM,2011-12-15T15:38:27,542918.4393,542918.4393,4810980.6169,4810980.6169,False,True,True,False,False,False,2016-08-01T00:00:00,True,False,event_before_install,2008-03-01T00:00:00,1,False,1,False
Water_Main_Breaks_-8394745777553033727.csv,1507,9495,9495,575,575,1/8/1998 12:00:00 AM,1998-01-08T00:00:00,MAIN,MAIN,,,,,,,,,,,REPAIR COMPLETED,REPAIR COMPLETED,12/15/2011 3:38:27 PM,2011-12-15T15:38:27,,,,,UNKNOWN,UNKNOWN,OTHER,OTHER,,,,,,,,,,,,,CATEGORY 1,CATEGORY 1,21651,21651,,,FISCHER HALLMAN RD,FISCHER HALLMAN RD,71140,71140,,,,,450,450,2004,2004,PVC,PVC,N,N,639700fa-cfff-4fce-9e4b-1afce446d8aa,639700fa-cfff-4fce-9e4b-1afce446d8aa,DAVIDV,DAVIDV,12/15/2011 3:38:27 PM,2011-12-15T15:38:27,541023,541023,4804737,4804737,False,True,True,False,False,False,2004-06-01T00:00:00,True,False,event_before_install,1998-01-08T00:00:00,1,False,1,False
Water_Main_Breaks_-8394745777553033727.csv,1512,9500,9500,51,51,2/10/2005 12:00:00 AM,2005-02-10T00:00:00,MAIN,MAIN,,,,,,,,,,,REPAIR COMPLETED,REPAIR COMPLETED,12/15/2011 3:38:26 PM,2011-12-15T15:38:26,,,,,UNKNOWN,UNKNOWN,OTHER,OTHER,,,,,,,,,,,,,CATEGORY 1,CATEGORY 1,6867,6867,58,58,MADISON AVE N,MADISON AVE N,73850,73850,,,,,300,300,2006,2006,PVC,PVC,N,N,54b19908-b83a-4962-b725-c896532149e4,54b19908-b83a-4962-b725-c896532149e4,DAVIDV,DAVIDV,12/15/2011 3:38:26 PM,2011-12-15T15:38:26,542015,542015,4810758,4810758,False,True,True,False,False,False,2006-07-04T00:00:00,True,False,event_before_install,2005-02-10T00:00:00,1,False,1,False
Water_Main_Breaks_-8394745777553033727.csv,1519,9507,9507,214,214,3/12/2003 12:00:00 AM,2003-03-12T00:00:00,MAIN,MAIN,,,,,,,,,,,REPAIR COMPLETED,REPAIR COMPLETED,12/15/2011 3:38:26 PM,2011-12-15T15:38:26,,,,,UNKNOWN,UNKNOWN,OTHER,OTHER,,,,,,,,,,,,,CATEGORY 1,CATEGORY 1,9843,9843,30,30,GRIFFIN AVE,GRIFFIN AVE,77106,77106,,,,,150,150,2012,2012,PVC,PVC,N,N,1c2234d4-2bd2-41ad-9c5e-0d36a4c3f7a8,1c2234d4-2bd2-41ad-9c5e-0d36a4c3f7a8,DAVIDV,DAVIDV,12/15/2011 3:38:26 PM,2011-12-15T15:38:26,543035.8284,543035.8284,4810953.3303,4810953.3303,False,True,True,False,False,False,2012-02-06T00:00:00,True,False,event_before_install,2003-03-12T00:00:00,2,True,2,True
Water_Main_Breaks_-8394745777553033727.csv,1521,9509,9509,281,281,12/24/2002 12:00:00 AM,2002-12-24T00:00:00,MAIN,MAIN,,,,,,,,,,,REPAIR COMPLETED,REPAIR COMPLETED,12/15/2011 3:38:26 PM,2011-12-15T15:38:26,,,,,UNKNOWN,UNKNOWN,OTHER,OTHER,,,,,,,,,,,,,CATEGORY 1,CATEGORY 1,9879,9879,284,284,STIRLING AVE N,STIRLING AVE N,97074,97074,,,,,150,150,2013,2013,PVC,PVC,N,N,fe876689-73b9-415d-8e12-39a9a59d2164,fe876689-73b9-415d-8e12-39a9a59d2164,DAVIDV,DAVIDV,12/15/2011 3:38:26 PM,2011-12-15T15:38:26,543088.6178,543088.6178,4810883.8871,4810883.8871,False,True,True,False,False,False,2013-09-01T00:00:00,True,False,event_before_install,2002-12-24T00:00:00,1,False,1,False
Water_Main_Breaks_-8394745777553033727.csv,1524,9512,9512,334,334,10/31/2001 12:00:00 AM,2001-10-31T00:00:00,MAIN,MAIN,,,,,,,,,,,REPAIR COMPLETED,REPAIR COMPLETED,12/15/2011 3:38:26 PM,2011-12-15T15:38:26,,,,,UNKNOWN,UNKNOWN,OTHER,OTHER,,,,,,,,,,,,,CATEGORY 1,CATEGORY 1,10104,10104,351,351,VANIER DR,VANIER DR,69124,69124,,,,,200,200,2008,2008,PVC,PVC,N,N,dea259a1-5f4f-4761-86dc-82fb48593754,dea259a1-5f4f-4761-86dc-82fb48593754,DAVIDV,DAVIDV,12/15/2011 3:38:26 PM,2011-12-15T15:38:26,543863,543863,4807869,4807869,False,True,True,False,False,False,2008-08-01T00:00:00,True,False,event_before_install,2001-10-31T00:00:00,1,False,1,False
Water_Main_Breaks_-8394745777553033727.csv,1533,9521,9521,19,19,5/16/2005 12:00:00 AM,2005-05-16T00:00:00,MAIN,MAIN,,,,,,,,,,,REPAIR COMPLETED,REPAIR COMPLETED,12/15/2011 3:38:26 PM,2011-12-15T15:38:26,,,,,UNKNOWN,UNKNOWN,OTHER,OTHER,,,,,,,,,,,,,CATEGORY 1,CATEGORY 1,7052,7052,83,83,VICTORIA ST N,VICTORIA ST N,68811,68811,,,,,600,600,2008,2008,PVC,PVC,N,N,903dcbcb-b1d0-491a-9854-df4cfd760bd2,903dcbcb-b1d0-491a-9854-df4cfd760bd2,DAVIDV,DAVIDV,12/15/2011 3:38:26 PM,2011-12-15T15:38:26,540875,540875,4811409,4811409,False,True,True,False,False,False,2008-02-01T00:00:00,True,False,event_before_install,2005-05-16T00:00:00,1,False,1,False
Water_Main_Breaks_-8394745777553033727.csv,1535,9523,9523,94,94,3/14/2005 12:00:00 AM,2005-03-14T00:00:00,MAIN,MAIN,,,,,,,,,,,REPAIR COMPLETED,REPAIR COMPLETED,12/15/2011 3:38:26 PM,2011-12-15T15:38:26,,,,,UNKNOWN,UNKNOWN,OTHER,OTHER,,,,,,,,,,,,,CATEGORY 1,CATEGORY 1,1320,1320,62,62,DUCHESS AVE,DUCHESS AVE,98274,98274,,,,,150,150,2016,2016,PVC,PVC,N,N,7ff64268-3a6d-459c-920f-1b7f8917e049,7ff64268-3a6d-459c-920f-1b7f8917e049,DAVIDV,DAVIDV,12/15/2011 3:38:26 PM,2011-12-15T15:38:26,538928.7268,538928.7268,4810932.5356,4810932.5356,False,True,True,False,False,False,2016-12-10T00:00:00,True,False,event_before_install,2005-03-14T00:00:00,1,False,1,False
Water_Main_Breaks_-8394745777553033727.csv,1548,9536,9536,1200,1200,2/15/2008 12:00:00 AM,2008-02-15T00:00:00,MAIN,MAIN,,,,,,,,,,,REPAIR COMPLETED,REPAIR COMPLETED,12/15/2011 3:38:27 PM,2011-12-15T15:38:27,189351,189351,,,UNKNOWN,UNKNOWN,OTHER,OTHER,,,,,,,,,,,,,CATEGORY 1,CATEGORY 1,606029,606029,33,33,LINWOOD AVE,LINWOOD AVE,77416,77416,,,,,150,150,2011,2011,PVC,PVC,N,N,b2939c5d-cc7a-4ccf-ade7-289308c4410a,b2939c5d-cc7a-4ccf-ade7-289308c4410a,DAVIDV,DAVIDV,12/15/2011 3:38:27 PM,2011-12-15T15:38:27,539890.7546,539890.7546,4811687.507,4811687.507,False,True,True,False,False,False,2011-06-18T00:00:00,True,False,event_before_install,2008-02-15T00:00:00,1,False,1,False
Water_Main_Breaks_-8394745777553033727.csv,1551,9539,9539,22,22,12/24/1998 12:00:00 AM,1998-12-24T00:00:00,MAIN,MAIN,,,,,,,,,,,REPAIR COMPLETED,REPAIR COMPLETED,12/15/2011 3:38:26 PM,2011-12-15T15:38:26,,,,,UNKNOWN,UNKNOWN,OTHER,OTHER,,,,,,,,,,,,,CATEGORY 1,CATEGORY 1,11604,11604,136,136,MADISON AVE S,MADISON AVE S,69383,69383,,,,,150,150,2008,2008,PVC,PVC,N,N,fd4d5f06-0597-4b12-8026-71f3baa73080,fd4d5f06-0597-4b12-8026-71f3baa73080,DAVIDV,DAVIDV,12/15/2011 3:38:26 PM,2011-12-15T15:38:26,541617,541617,4810176,4810176,False,True,True,False,False,False,2008-10-04T00:00:00,True,False,event_before_install,1998-12-24T00:00:00,1,False,1,False
Water_Main_Breaks_-8394745777553033727.csv,1554,9542,9542,136,136,12/25/1999 12:00:00 AM,1999-12-25T00:00:00,MAIN,MAIN,,,,,,,,,,,REPAIR COMPLETED,REPAIR COMPLETED,12/15/2011 3:38:26 PM,2011-12-15T15:38:26,,,,,UNKNOWN,UNKNOWN,OTHER,OTHER,,,,,,,,,,,,,CATEGORY 1,CATEGORY 1,7020,7020,242,242,BREITHAUPT ST,BREITHAUPT ST,76156,76156,,,,,300,300,2008,2008,PVC,PVC,N,N,fdb42417-bcc2-4a43-842c-5b4c667cd48a,fdb42417-bcc2-4a43-842c-5b4c667cd48a,DAVIDV,DAVIDV,12/15/2011 3:38:26 PM,2011-12-15T15:38:26,541337,541337,4811764,4811764,False,True,True,False,False,False,2008-09-01T00:00:00,True,False,event_before_install,1999-12-25T00:00:00,1,False,1,False
Water_Main_Breaks_-8394745777553033727.csv,1555,9543,9543,1294,1294,2/18/2001 12:00:00 AM,2001-02-18T00:00:00,MAIN,MAIN,,,,,,,,,,,REPAIR COMPLETED,REPAIR COMPLETED,12/15/2011 3:38:27 PM,2011-12-15T15:38:27,,,,,UNKNOWN,UNKNOWN,OTHER,OTHER,,,,,,,,,,,,,CATEGORY 1,CATEGORY 1,9854,9854,89,89,PANDORA AVE N,PANDORA AVE N,78514,78514,,,,,150,150,2012,2012,PVC,PVC,N,N,3d29f1f8-2369-49e0-b148-d77e12e73b8e,3d29f1f8-2369-49e0-b148-d77e12e73b8e,DAVIDV,DAVIDV,12/15/2011 3:38:27 PM,2011-12-15T15:38:27,542353,542353,4810677,4810677,False,True,True,False,False,False,2012-05-01T00:00:00,True,False,event_before_install,2001-02-18T00:00:00,1,False,1,False
Water_Main_Breaks_-8394745777553033727.csv,1564,9552,9552,320,320,1/9/1999 12:00:00 AM,1999-01-09T00:00:00,MAIN,MAIN,,,,,,,,,,,REPAIR COMPLETED,REPAIR COMPLETED,12/15/2011 3:38:26 PM,2011-12-15T15:38:26,,,,,UNKNOWN,UNKNOWN,OTHER,OTHER,,,,,,,,,,,,,CATEGORY 1,CATEGORY 1,22973,22973,131,131,CLARK AVE,CLARK AVE,7390,7390,,,,,150,150,2008,2008,PVC,PVC,N,N,d3c60a73-d225-4607-85e8-d2062134efb8,d3c60a73-d225-4607-85e8-d2062134efb8,DAVIDV,DAVIDV,12/15/2011 3:38:26 PM,2011-12-15T15:38:26,543839.1326,543839.1326,4808161.8684,4808161.8684,False,True,True,False,False,False,2008-05-13T00:00:00,True,False,event_before_install,1999-01-09T00:00:00,1,False,1,False
Water_Main_Breaks_-8394745777553033727.csv,1573,9561,9561,338,338,3/29/2005 12:00:00 AM,2005-03-29T00:00:00,MAIN,MAIN,,,,,,,,,,,REPAIR COMPLETED,REPAIR COMPLETED,12/15/2011 3:38:26 PM,2011-12-15T15:38:26,,,,,UNKNOWN,UNKNOWN,OTHER,OTHER,,,,,,,,,,,,,CATEGORY 1,CATEGORY 1,20673,20673,50,50,LAKESIDE DR,LAKESIDE DR,133140,133140,,,,,150,150,2016,2016,PVC,PVC,N,N,3c0ccb6d-04e0-4da3-86a8-a15985b55681,3c0ccb6d-04e0-4da3-86a8-a15985b55681,DAVIDV,DAVIDV,12/15/2011 3:38:26 PM,2011-12-15T15:38:26,540079.0983,540079.0983,4809139.9892,4809139.9892,False,True,True,False,False,False,2016-06-10T00:00:00,True,False,event_before_install,2005-03-29T00:00:00,1,False,1,False
Water_Main_Breaks_-8394745777553033727.csv,1589,9577,9577,1667,1667,1/1/1985 12:00:00 AM,1985-01-01T00:00:00,MAIN,MAIN,,,,,,,,,,,REPAIR COMPLETED,REPAIR COMPLETED,12/15/2011 3:38:26 PM,2011-12-15T15:38:26,,,,,UNKNOWN,UNKNOWN,OTHER,OTHER,,,,,,,,,,,,,CATEGORY 1,CATEGORY 1,8865,8865,85,85,WALTER ST,WALTER ST,97716,97716,,,,,200,200,2014,2014,PVC,PVC,N,N,95212df8-60e8-419e-aa27-003598afcfa4,95212df8-60e8-419e-aa27-003598afcfa4,DAVIDV,DAVIDV,12/15/2011 3:38:26 PM,2011-12-15T15:38:26,539976.0163,539976.0163,4811362.342,4811362.342,False,True,True,False,False,False,2014-11-14T00:00:00,True,False,event_before_install,1985-01-01T00:00:00,1,False,1,False
Water_Main_Breaks_-8394745777553033727.csv,1590,9578,9578,475,475,12/24/2004 12:00:00 AM,2004-12-24T00:00:00,MAIN,MAIN,,,,,,,,,,,REPAIR COMPLETED,REPAIR COMPLETED,12/15/2011 3:38:26 PM,2011-12-15T15:38:26,,,,,UNKNOWN,UNKNOWN,OTHER,OTHER,,,,,,,,,,,,,CATEGORY 1,CATEGORY 1,11330,11330,311,311,SPADINA RD E,SPADINA RD E,77368,77368,,,,,150,150,2011,2011,PVCO,PVCO,N,N,2279496f-627a-4941-ba58-ed4259c1b3b7,2279496f-627a-4941-ba58-ed4259c1b3b7,DAVIDV,DAVIDV,12/15/2011 3:38:26 PM,2011-12-15T15:38:26,541273.7969,541273.7969,4809707.4412,4809707.4412,False,True,True,False,False,False,2011-08-04T00:00:00,True,False,event_before_install,2004-12-24T00:00:00,2,True,2,True
Water_Main_Breaks_-8394745777553033727.csv,1593,9581,9581,18,18,1/17/2000 12:00:00 AM,2000-01-17T00:00:00,MAIN,MAIN,,,,,,,,,,,REPAIR COMPLETED,REPAIR COMPLETED,12/15/2011 3:38:26 PM,2011-12-15T15:38:26,,,,,UNKNOWN,UNKNOWN,OTHER,OTHER,,,,,,,,,,,,,CATEGORY 1,CATEGORY 1,7052,7052,100,100,VICTORIA ST N,VICTORIA ST N,81374,81374,,,,,300,300,2008,2008,PVC,PVC,N,N,be02a4be-f7e0-4757-8f63-ceb227bd2eee,be02a4be-f7e0-4757-8f63-ceb227bd2eee,DAVIDV,DAVIDV,12/15/2011 3:38:26 PM,2011-12-15T15:38:26,540896,540896,4811440,4811440,False,True,True,False,False,False,2008-02-01T00:00:00,True,False,event_before_install,2000-01-17T00:00:00,1,False,1,False
Water_Main_Breaks_-8394745777553033727.csv,1597,9585,9585,335,335,1/13/2004 12:00:00 AM,2004-01-13T00:00:00,MAIN,MAIN,,,,,,,,,,,REPAIR COMPLETED,REPAIR COMPLETED,12/15/2011 3:38:26 PM,2011-12-15T15:38:26,,,,,UNKNOWN,UNKNOWN,OTHER,OTHER,,,,,,,,,,,,,CATEGORY 1,CATEGORY 1,10104,10104,364,364,VANIER DR,VANIER DR,86546,86546,,,,,200,200,2008,2008,PVC,PVC,N,N,558099b3-d744-4239-a403-6b6018db84f7,558099b3-d744-4239-a403-6b6018db84f7,DAVIDV,DAVIDV,12/15/2011 3:38:26 PM,2011-12-15T15:38:26,543940,543940,4807861,4807861,False,True,True,False,False,False,2008-08-01T00:00:00,True,False,event_before_install,2004-01-13T00:00:00,1,False,1,False
Water_Main_Breaks_-8394745777553033727.csv,1603,9591,9591,55,55,1/7/2000 12:00:00 AM,2000-01-07T00:00:00,MAIN,MAIN,,,,,,,,,,,REPAIR COMPLETED,REPAIR COMPLETED,12/15/2011 3:38:26 PM,2011-12-15T15:38:26,,,,,UNKNOWN,UNKNOWN,OTHER,OTHER,,,,,,,,,,,,,CATEGORY 1,CATEGORY 1,20672,20672,103,103,VISTA CRES,VISTA CRES,133140,133140,,,,,150,150,2016,2016,PVC,PVC,N,N,735ac396-f560-428f-83dd-a9e4a0d578ad,735ac396-f560-428f-83dd-a9e4a0d578ad,DAVIDV,DAVIDV,12/15/2011 3:38:26 PM,2011-12-15T15:38:26,540026.8282,540026.8282,4809166.2853,4809166.2853,False,True,True,False,False,False,2016-06-10T00:00:00,True,False,event_before_install,2000-01-07T00:00:00,1,False,1,False
Water_Main_Breaks_-8394745777553033727.csv,1609,9597,9597,587,587,11/30/2002 12:00:00 AM,2002-11-30T00:00:00,MAIN,MAIN,,,,,,,,,,,REPAIR COMPLETED,REPAIR COMPLETED,12/15/2011 3:38:27 PM,2011-12-15T15:38:27,,,,,UNKNOWN,UNKNOWN,OTHER,OTHER,,,,,,,,,,,,,CATEGORY 1,CATEGORY 1,6288,6288,448,448,GREENBROOK DR,GREENBROOK DR,76497,76497,,,,,200,200,2010,2010,HDPE,HDPE,N,N,c75c6aa4-c5cc-4708-b026-37bc51fe15a5,c75c6aa4-c5cc-4708-b026-37bc51fe15a5,DAVIDV,DAVIDV,12/15/2011 3:38:27 PM,2011-12-15T15:38:27,539473,539473,4808091,4808091,False,True,True,False,False,False,2010-06-14T00:00:00,True,False,event_before_install,2002-11-30T00:00:00,1,False,1,False
Water_Main_Breaks_-8394745777553033727.csv,1618,9606,9606,1203,1203,2/24/2008 12:00:00 AM,2008-02-24T00:00:00,MAIN,MAIN,,,,,,,,,,,REPAIR COMPLETED,REPAIR COMPLETED,12/15/2011 3:38:27 PM,2011-12-15T15:38:27,189546,189546,,,UNKNOWN,UNKNOWN,OTHER,OTHER,,,,,,,,,,,,,CATEGORY 1,CATEGORY 1,9880,9880,249,249,MELROSE AVE,MELROSE AVE,76688,76688,,,,,150,150,2010,2010,PVC,PVC,N,N,3290a765-2d1e-478f-a068-96d7039021b6,3290a765-2d1e-478f-a068-96d7039021b6,DAVIDV,DAVIDV,12/15/2011 3:38:27 PM,2011-12-15T15:38:27,542988.523,542988.523,4811117.474,4811117.474,False,True,True,False,False,False,2010-09-01T00:00:00,True,False,event_before_install,2008-02-24T00:00:00,1,False,1,False
Water_Main_Breaks_-8394745777553033727.csv,1619,9607,9607,1092,1092,2/15/2007 12:00:00 AM,2007-02-15T00:00:00,MAIN,MAIN,,,,,,,,,,,REPAIR COMPLETED,REPAIR COMPLETED,12/15/2011 3:38:27 PM,2011-12-15T15:38:27,169711,169711,,,UNKNOWN,UNKNOWN,OTHER,OTHER,,,,,,,,,,,,,CATEGORY 1,CATEGORY 1,11604,11604,138,138,MADISON AVE S,MADISON AVE S,69383,69383,,,,,150,150,2008,2008,PVC,PVC,N,N,e84cb333-9caa-4d6f-ab29-a9bc6de176b2,e84cb333-9caa-4d6f-ab29-a9bc6de176b2,DAVIDV,DAVIDV,12/15/2011 3:38:27 PM,2011-12-15T15:38:27,541620,541620,4810139,4810139,False,True,True,False,False,False,2008-10-04T00:00:00,True,False,event_before_install,2007-02-15T00:00:00,1,False,1,False
Water_Main_Breaks_-8394745777553033727.csv,1629,9617,9617,744,744,4/5/1999 12:00:00 AM,1999-04-05T00:00:00,MAIN,MAIN,,,,,,,,,,,REPAIR COMPLETED,REPAIR COMPLETED,12/15/2011 3:38:27 PM,2011-12-15T15:38:27,,,,,UNKNOWN,UNKNOWN,OTHER,OTHER,,,,,,,,,,,,,CATEGORY 1,CATEGORY 1,13095,13095,9,9,BLOOMINGDALE RD,BLOOMINGDALE RD,97354,97354,,,,,150,150,2015,2015,PVC,PVC,N,N,777037df-2d45-4d03-8aa8-e4a05959948b,777037df-2d45-4d03-8aa8-e4a05959948b,DAVIDV,DAVIDV,12/15/2011 3:38:27 PM,2011-12-15T15:38:27,542203.0012,542203.0012,4814345.8876,4814345.8876,False,True,True,False,False,False,2015-02-09T00:00:00,True,False,event_before_install,1999-04-05T00:00:00,1,False,1,False
Water_Main_Breaks_-8394745777553033727.csv,1634,9622,9622,145,145,2/18/2003 12:00:00 AM,2003-02-18T00:00:00,MAIN,MAIN,,,,,,,,,,,REPAIR COMPLETED,REPAIR COMPLETED,12/15/2011 3:38:26 PM,2011-12-15T15:38:26,,,,,UNKNOWN,UNKNOWN,OTHER,OTHER,,,,,,,,,,,,,CATEGORY 1,CATEGORY 1,9880,9880,253,253,MELROSE AVE,MELROSE AVE,76688,76688,,,,,150,150,2010,2010,PVC,PVC,N,N,2a8a2d21-1d92-4c04-b239-398c1d2adb69,2a8a2d21-1d92-4c04-b239-398c1d2adb69,DAVIDV,DAVIDV,12/15/2011 3:38:26 PM,2011-12-15T15:38:26,542995.2619,542995.2619,4811109.0506,4811109.0506,False,True,True,False,False,False,2010-09-01T00:00:00,True,False,event_before_install,2003-02-18T00:00:00,1,False,1,False
Water_Main_Breaks_-8394745777553033727.csv,1638,9626,9626,499,499,1/24/2003 12:00:00 AM,2003-01-24T00:00:00,MAIN,MAIN,,,,,,,,,,,REPAIR COMPLETED,REPAIR COMPLETED,12/15/2011 3:38:27 PM,2011-12-15T15:38:27,,,,,UNKNOWN,UNKNOWN,OTHER,OTHER,,,,,,,,,,,,,CATEGORY 1,CATEGORY 1,10005,10005,110,110,FOURTH AVE,FOURTH AVE,133994,133994,,,,,150,150,2017,2017,PVC,PVC,N,N,66cfd1e9-4709-4a40-906c-06283e1becbc,66cfd1e9-4709-4a40-906c-06283e1becbc,DAVIDV,DAVIDV,12/15/2011 3:38:27 PM,2011-12-15T15:38:27,544175.3762,544175.3762,4808931.02,4808931.02,False,True,True,False,False,False,2017-10-04T00:00:00,True,False,event_before_install,2003-01-24T00:00:00,1,False,1,False
Water_Main_Breaks_-8394745777553033727.csv,1642,9630,9630,200,200,2/1/2001 12:00:00 AM,2001-02-01T00:00:00,MAIN,MAIN,,,,,,,,,,,REPAIR COMPLETED,REPAIR COMPLETED,12/15/2011 3:38:26 PM,2011-12-15T15:38:26,,,,,UNKNOWN,UNKNOWN,OTHER,OTHER,,,,,,,,,,,,,CATEGORY 1,CATEGORY 1,10135,10135,28,28,CLIVE RD,CLIVE RD,69385,69385,,,,,150,150,2008,2008,PVC,PVC,N,N,261448a0-cda6-430d-b09e-b2e386fe5942,261448a0-cda6-430d-b09e-b2e386fe5942,DAVIDV,DAVIDV,12/15/2011 3:38:26 PM,2011-12-15T15:38:26,543582,543582,4810095,4810095,False,True,True,False,False,False,2008-08-30T00:00:00,True,False,event_before_install,2001-02-01T00:00:00,1,False,1,False
Water_Main_Breaks_-8394745777553033727.csv,1643,9631,9631,492,492,2/2/2004 12:00:00 AM,2004-02-02T00:00:00,MAIN,MAIN,,,,,,,,,,,REPAIR COMPLETED,REPAIR COMPLETED,12/15/2011 3:38:27 PM,2011-12-15T15:38:27,,,,,UNKNOWN,UNKNOWN,OTHER,OTHER,,,,,,,,,,,,,CATEGORY 1,CATEGORY 1,10960,10960,120,120,DIXON ST,DIXON ST,76470,76470,,,,,150,150,2010,2010,PVC,PVC,N,N,677ca975-b429-4c9d-a8aa-4b63cad74919,677ca975-b429-4c9d-a8aa-4b63cad74919,DAVIDV,DAVIDV,12/15/2011 3:38:27 PM,2011-12-15T15:38:27,543735,543735,4809081,4809081,False,True,True,False,False,False,2010-12-15T00:00:00,True,False,event_before_install,2004-02-02T00:00:00,1,False,1,False
Water_Main_Breaks_-8394745777553033727.csv,1644,9632,9632,58,58,10/30/1998 12:00:00 AM,1998-10-30T00:00:00,MAIN,MAIN,,,,,,,,,,,REPAIR COMPLETED,REPAIR COMPLETED,12/15/2011 3:38:26 PM,2011-12-15T15:38:26,,,,,UNKNOWN,UNKNOWN,OTHER,OTHER,,,,,,,,,,,,,CATEGORY 1,CATEGORY 1,6880,6880,36,36,KRUG ST,KRUG ST,61530,61530,,,,,300,300,2006,2006,PVC,PVC,N,N,a4f67839-80da-45d4-b852-90fb9f8014fb,a4f67839-80da-45d4-b852-90fb9f8014fb,DAVIDV,DAVIDV,12/15/2011 3:38:26 PM,2011-12-15T15:38:26,542081,542081,4810950,4810950,False,True,True,False,False,False,2006-06-01T00:00:00,True,False,event_before_install,1998-10-30T00:00:00,1,False,1,False
Water_Main_Breaks_-8394745777553033727.csv,1649,9637,9637,147,147,12/19/2002 12:00:00 AM,2002-12-19T00:00:00,MAIN,MAIN,,,,,,,,,,,REPAIR COMPLETED,REPAIR COMPLETED,12/15/2011 3:38:26 PM,2011-12-15T15:38:26,,,,,UNKNOWN,UNKNOWN,OTHER,OTHER,,,,,,,,,,,,,CATEGORY 1,CATEGORY 1,11488,11488,259,259,PANDORA AVE N,PANDORA AVE N,133120,133120,,,,,150,150,2016,2016,PVC,PVC,N,N,725b2465-0bc3-4468-ac59-e9ecd1ed2cda,725b2465-0bc3-4468-ac59-e9ecd1ed2cda,DAVIDV,DAVIDV,12/15/2011 3:38:26 PM,2011-12-15T15:38:26,542853.3467,542853.3467,4810943.5062,4810943.5062,False,True,True,False,False,False,2016-08-01T00:00:00,True,False,event_before_install,2002-12-19T00:00:00,1,False,1,False
Water_Main_Breaks_-8394745777553033727.csv,1651,9639,9639,268,268,2/14/2000 12:00:00 AM,2000-02-14T00:00:00,MAIN,MAIN,,,,,,,,,,,REPAIR COMPLETED,REPAIR COMPLETED,12/15/2011 3:38:26 PM,2011-12-15T15:38:26,,,,,UNKNOWN,UNKNOWN,OTHER,OTHER,,,,,,,,,,,,,CATEGORY 1,CATEGORY 1,13292,13292,39,39,PLYMOUTH RD,PLYMOUTH RD,76854,76854,,,,,150,150,2010,2010,PVC,PVC,N,N,a6f1377a-5a3e-4a9f-a8dd-dfde5cfed495,a6f1377a-5a3e-4a9f-a8dd-dfde5cfed495,DAVIDV,DAVIDV,12/15/2011 3:38:26 PM,2011-12-15T15:38:26,543581.3655,543581.3655,4809339.5318,4809339.5318,False,True,True,False,False,False,2010-09-02T00:00:00,True,False,event_before_install,2000-02-14T00:00:00,1,False,1,False
Water_Main_Breaks_-8394745777553033727.csv,1661,9649,9649,82,82,7/25/2002 12:00:00 AM,2002-07-25T00:00:00,MAIN,MAIN,,,,,,,,,,,REPAIR COMPLETED,REPAIR COMPLETED,12/15/2011 3:38:26 PM,2011-12-15T15:38:26,,,,,UNKNOWN,UNKNOWN,OTHER,OTHER,,,,,,,,,,,,,CATEGORY 1,CATEGORY 1,8785,8785,21,21,OAK ST,OAK ST,76590,76590,,,,,200,200,2010,2010,PVC,PVC,N,N,9c8feec8-e12e-49b8-9cdf-df98160a78e0,9c8feec8-e12e-49b8-9cdf-df98160a78e0,DAVIDV,DAVIDV,12/15/2011 3:38:26 PM,2011-12-15T15:38:26,540498,540498,4810901,4810901,False,True,True,False,False,False,2010-10-12T00:00:00,True,False,event_before_install,2002-07-25T00:00:00,1,False,1,False
Water_Main_Breaks_-8394745777553033727.csv,1666,9654,9654,360,360,2/8/2001 12:00:00 AM,2001-02-08T00:00:00,MAIN,MAIN,,,,,,,,,,,REPAIR COMPLETED,REPAIR COMPLETED,12/15/2011 3:38:26 PM,2011-12-15T15:38:26,,,,,UNKNOWN,UNKNOWN,OTHER,OTHER,,,,,,,,,,,,,CATEGORY 1,CATEGORY 1,12661,12661,1020,1020,GUELPH ST,GUELPH ST,136074,136074,,,,,150,150,2017,2017,HDPE,HDPE,N,N,52cca090-e522-4006-9c1d-a3130a6c7595,52cca090-e522-4006-9c1d-a3130a6c7595,DAVIDV,DAVIDV,12/15/2011 3:38:26 PM,2011-12-15T15:38:26,542504.6402,542504.6402,4812937.8534,4812937.8534,False,True,True,False,False,False,2017-07-01T00:00:00,True,False,event_before_install,2001-02-08T00:00:00,1,False,1,False
Water_Main_Breaks_-8394745777553033727.csv,1667,9655,9655,1291,1291,2/10/2001 12:00:00 AM,2001-02-10T00:00:00,MAIN,MAIN,,,,,,,,,,,REPAIR COMPLETED,REPAIR COMPLETED,12/15/2011 3:38:27 PM,2011-12-15T15:38:27,,,,,UNKNOWN,UNKNOWN,OTHER,OTHER,,,,,,,,,,,,,CATEGORY 1,CATEGORY 1,6926,6926,170,170,MANSION ST,MANSION ST,67000,67000,,,,,150,150,2001,2001,PVC,PVC,N,N,a2dca6ba-75b8-4acf-92ba-d381fe3a3691,a2dca6ba-75b8-4acf-92ba-d381fe3a3691,DAVIDV,DAVIDV,12/15/2011 3:38:27 PM,2011-12-15T15:38:27,542223,542223,4811807,4811807,False,True,True,False,False,False,2001-06-12T00:00:00,True,False,event_before_install,2001-02-10T00:00:00,1,False,1,False
Water_Main_Breaks_-8394745777553033727.csv,1676,9664,9664,463,463,12/29/2005 12:00:00 AM,2005-12-29T00:00:00,MAIN,MAIN,,,,,,,,,,,REPAIR COMPLETED,REPAIR COMPLETED,12/15/2011 3:38:26 PM,2011-12-15T15:38:26,,,,,UNKNOWN,UNKNOWN,OTHER,OTHER,,,,,,,,,,,,,CATEGORY 1,CATEGORY 1,11330,11330,311,311,SPADINA RD E,SPADINA RD E,77368,77368,,,,,150,150,2011,2011,PVCO,PVCO,N,N,f7d163d7-0813-4a7b-a7dc-e44099252faa,f7d163d7-0813-4a7b-a7dc-e44099252faa,DAVIDV,DAVIDV,12/15/2011 3:38:26 PM,2011-12-15T15:38:26,541269.0415,541269.0415,4809705.2663,4809705.2663,False,True,True,False,False,False,2011-08-04T00:00:00,True,False,event_before_install,2005-12-29T00:00:00,1,False,1,False
Water_Main_Breaks_-8394745777553033727.csv,1680,9668,9668,197,197,2/8/2004 12:00:00 AM,2004-02-08T00:00:00,MAIN,MAIN,,,,,,,,,,,REPAIR COMPLETED,REPAIR COMPLETED,12/15/2011 3:38:26 PM,2011-12-15T15:38:26,,,,,UNKNOWN,UNKNOWN,OTHER,OTHER,,,,,,,,,,,,,CATEGORY 1,CATEGORY 1,22973,22973,191,191,CLARK AVE,CLARK AVE,76011,76011,,,,,150,150,2008,2008,PVC,PVC,N,N,44cd64f0-0ef2-4604-a30d-79ea5de23972,44cd64f0-0ef2-4604-a30d-79ea5de23972,DAVIDV,DAVIDV,12/15/2011 3:38:26 PM,2011-12-15T15:38:26,543899,543899,4807964,4807964,False,True,True,False,False,False,2008-08-13T00:00:00,True,False,event_before_install,2004-02-08T00:00:00,1,False,1,False
Water_Main_Breaks_-8394745777553033727.csv,1689,9677,9677,1400,1400,8/28/2009 12:00:00 AM,2009-08-28T00:00:00,MAIN,MAIN,,,,,,,,,,,REPAIR COMPLETED,REPAIR COMPLETED,12/15/2011 3:38:28 PM,2011-12-15T15:38:28,15875,15875,,,UNKNOWN,UNKNOWN,OTHER,OTHER,,,,,,,,,,,,,CATEGORY 1,CATEGORY 1,11183,11183,315,315,WEBER ST W,WEBER ST W,97472,97472,,,,,300,300,2014,2014,PVCO,PVCO,N,N,f329bc14-777e-4561-abd8-ca44f3d4b9c3,f329bc14-777e-4561-abd8-ca44f3d4b9c3,DAVIDV,DAVIDV,12/15/2011 3:38:28 PM,2011-12-15T15:38:28,540507.1474,540507.1474,4812123.2204,4812123.2204,False,True,True,False,False,False,2014-10-02T00:00:00,True,False,event_before_install,2009-08-28T00:00:00,1,False,1,False
Water_Main_Breaks_-8394745777553033727.csv,1691,9679,9679,609,609,1/22/2003 12:00:00 AM,2003-01-22T00:00:00,MAIN,MAIN,,,,,,,,,,,REPAIR COMPLETED,REPAIR COMPLETED,12/15/2011 3:38:27 PM,2011-12-15T15:38:27,,,,,UNKNOWN,UNKNOWN,OTHER,OTHER,,,,,,,,,,,,,CATEGORY 1,CATEGORY 1,9387,9387,542,542,COURTLAND AVE E,COURTLAND AVE E,78180,78180,,,,,150,150,2015,2015,PVC,PVC,N,N,b7143e4c-807e-4547-a9c8-6cd668d522df,b7143e4c-807e-4547-a9c8-6cd668d522df,DAVIDV,DAVIDV,12/15/2011 3:38:27 PM,2011-12-15T15:38:27,542512.6951,542512.6951,4809254.4169,4809254.4169,False,True,True,False,False,False,2015-10-09T00:00:00,True,False,event_before_install,2003-01-22T00:00:00,1,False,1,False
Water_Main_Breaks_-8394745777553033727.csv,1706,9694,9694,357,357,3/2/1999 12:00:00 AM,1999-03-02T00:00:00,MAIN,MAIN,,,,,,,,,,,REPAIR COMPLETED,REPAIR COMPLETED,12/15/2011 3:38:26 PM,2011-12-15T15:38:26,,,,,UNKNOWN,UNKNOWN,OTHER,OTHER,,,,,,,,,,,,,CATEGORY 1,CATEGORY 1,12661,12661,1022,1022,GUELPH ST,GUELPH ST,136074,136074,,,,,150,150,2017,2017,HDPE,HDPE,N,N,3e83f069-3990-4422-b95b-409d10ced659,3e83f069-3990-4422-b95b-409d10ced659,DAVIDV,DAVIDV,12/15/2011 3:38:26 PM,2011-12-15T15:38:26,542509.3462,542509.3462,4812939.8136,4812939.8136,False,True,True,False,False,False,2017-07-01T00:00:00,True,False,event_before_install,1999-03-02T00:00:00,1,False,1,False
Water_Main_Breaks_-8394745777553033727.csv,1718,9706,9706,238,238,9/15/2000 12:00:00 AM,2000-09-15T00:00:00,MAIN,MAIN,,,,,,,,,,,REPAIR COMPLETED,REPAIR COMPLETED,12/15/2011 3:38:26 PM,2011-12-15T15:38:26,,,,,UNKNOWN,UNKNOWN,OTHER,OTHER,,,,,,,,,,,,,CATEGORY 1,CATEGORY 1,10104,10104,310,310,VANIER DR,VANIER DR,69125,69125,,,,,200,200,2008,2008,PVC,PVC,N,N,9bbfd9d7-80e7-4510-a465-5a1f1f4bbc2b,9bbfd9d7-80e7-4510-a465-5a1f1f4bbc2b,DAVIDV,DAVIDV,12/15/2011 3:38:26 PM,2011-12-15T15:38:26,543815,543815,4808020,4808020,False,True,True,False,False,False,2008-08-01T00:00:00,True,False,event_before_install,2000-09-15T00:00:00,1,False,1,False
Water_Main_Breaks_-8394745777553033727.csv,1722,9710,9710,148,148,2/10/2001 12:00:00 AM,2001-02-10T00:00:00,MAIN,MAIN,,,,,,,,,,,REPAIR COMPLETED,REPAIR COMPLETED,12/15/2011 3:38:26 PM,2011-12-15T15:38:26,,,,,UNKNOWN,UNKNOWN,OTHER,OTHER,,,,,,,,,,,,,CATEGORY 1,CATEGORY 1,9845,9845,301,301,PANDORA AVE N,PANDORA AVE N,133122,133122,,,,,150,150,2016,2016,PVC,PVC,N,N,0f9a74dd-a482-48a9-9f2a-4213d6831f21,0f9a74dd-a482-48a9-9f2a-4213d6831f21,DAVIDV,DAVIDV,12/15/2011 3:38:26 PM,2011-12-15T15:38:26,542973.5609,542973.5609,4811012.3873,4811012.3873,False,True,True,False,False,False,2016-08-01T00:00:00,True,False,event_before_install,2001-02-10T00:00:00,1,False,1,False
Water_Main_Breaks_-8394745777553033727.csv,1724,9712,9712,568,568,5/9/2005 12:00:00 AM,2005-05-09T00:00:00,MAIN,MAIN,,,,,,,,,,,REPAIR COMPLETED,REPAIR COMPLETED,12/15/2011 3:38:27 PM,2011-12-15T15:38:27,,,,,UNKNOWN,UNKNOWN,OTHER,OTHER,,,,,,,,,,,,,CATEGORY 1,CATEGORY 1,11096,11096,102,102,BREITHAUPT ST,BREITHAUPT ST,76151,76151,,,,,300,300,2009,2009,PVC,PVC,N,N,7d9146ba-d9ba-4ca1-9668-691bf38442cd,7d9146ba-d9ba-4ca1-9668-691bf38442cd,DAVIDV,DAVIDV,12/15/2011 3:38:27 PM,2011-12-15T15:38:27,540784,540784,4811552,4811552,False,True,True,False,False,False,2009-04-01T00:00:00,True,False,event_before_install,2005-05-09T00:00:00,1,False,1,False
Water_Main_Breaks_-8394745777553033727.csv,1737,9725,9725,717,717,12/19/2004 12:00:00 AM,2004-12-19T00:00:00,MAIN,MAIN,,,,,,,,,,,REPAIR COMPLETED,REPAIR COMPLETED,12/15/2011 3:38:27 PM,2011-12-15T15:38:27,,,,,UNKNOWN,UNKNOWN,OTHER,OTHER,,,,,,,,,,,,,CATEGORY 1,CATEGORY 1,6729,6729,307,307,QUEEN ST S,QUEEN ST S,82512,82512,,,,,300,300,2013,2013,PVC,PVC,N,N,d79d3c08-e2cd-4597-b354-428eef26f526,d79d3c08-e2cd-4597-b354-428eef26f526,DAVIDV,DAVIDV,12/15/2011 3:38:27 PM,2011-12-15T15:38:27,541045.6959,541045.6959,4810515.5318,4810515.5318,False,True,True,False,False,False,2013-11-11T00:00:00,True,False,event_before_install,2004-12-19T00:00:00,1,False,1,False
Water_Main_Breaks_-8394745777553033727.csv,1746,9734,9734,501,501,12/19/2005 12:00:00 AM,2005-12-19T00:00:00,MAIN,MAIN,,,,,,,,,,,REPAIR COMPLETED,REPAIR COMPLETED,12/15/2011 3:38:27 PM,2011-12-15T15:38:27,,,,,UNKNOWN,UNKNOWN,OTHER,OTHER,,,,,,,,,,,,,CATEGORY 1,CATEGORY 1,10005,10005,114,114,FOURTH AVE,FOURTH AVE,133994,133994,,,,,150,150,2017,2017,PVC,PVC,N,N,4fc5d8f8-22e1-44b7-a4e8-bfa887c9bc4a,4fc5d8f8-22e1-44b7-a4e8-bfa887c9bc4a,DAVIDV,DAVIDV,12/15/2011 3:38:27 PM,2011-12-15T15:38:27,544169.6408,544169.6408,4808917.6528,4808917.6528,False,True,True,False,False,False,2017-10-04T00:00:00,True,False,event_before_install,2005-12-19T00:00:00,1,False,1,False
Water_Main_Breaks_-8394745777553033727.csv,1750,9738,9738,862,862,5/14/2002 12:00:00 AM,2002-05-14T00:00:00,MAIN,MAIN,,,,,,,,,,,REPAIR COMPLETED,REPAIR COMPLETED,12/15/2011 3:38:27 PM,2011-12-15T15:38:27,,,,,UNKNOWN,UNKNOWN,OTHER,OTHER,,,,,,,,,,,,,CATEGORY 1,CATEGORY 1,5898,5898,60,60,VICTORIA ST N,VICTORIA ST N,69178,69178,,,,,300,300,2008,2008,PVC,PVC,N,N,17d21e2c-4f44-4a5d-a1b4-7525e5706394,17d21e2c-4f44-4a5d-a1b4-7525e5706394,DAVIDV,DAVIDV,12/15/2011 3:38:27 PM,2011-12-15T15:38:27,540748,540748,4811382,4811382,False,True,True,False,False,False,2008-02-01T00:00:00,True,False,event_before_install,2002-05-14T00:00:00,1,False,1,False
Water_Main_Breaks_-8394745777553033727.csv,1753,9741,9741,1134,1134,5/29/2007 12:00:00 AM,2007-05-29T00:00:00,MAIN,MAIN,,,,,,,,,,,REPAIR COMPLETED,REPAIR COMPLETED,12/15/2011 3:38:27 PM,2011-12-15T15:38:27,175155,175155,,,UNKNOWN,UNKNOWN,OTHER,OTHER,,,,,,,,,,,,,CATEGORY 1,CATEGORY 1,1704,1704,215,215,HIGHLAND RD W,HIGHLAND RD W,97114,97114,,,,,300,300,2015,2015,PVCO,PVCO,N,N,5c3d4471-9123-4fc6-bb0c-99d2ec0c9dfe,5c3d4471-9123-4fc6-bb0c-99d2ec0c9dfe,DAVIDV,DAVIDV,12/15/2011 3:38:27 PM,2011-12-15T15:38:27,539963.9566,539963.9566,4809832.9861,4809832.9861,False,True,True,False,False,False,2015-08-01T00:00:00,True,False,event_before_install,2007-05-29T00:00:00,1,False,1,False
Water_Main_Breaks_-8394745777553033727.csv,1788,9776,9776,239,239,2/26/2003 12:00:00 AM,2003-02-26T00:00:00,MAIN,MAIN,,,,,,,,,,,REPAIR COMPLETED,REPAIR COMPLETED,12/15/2011 3:38:26 PM,2011-12-15T15:38:26,,,,,UNKNOWN,UNKNOWN,OTHER,OTHER,,,,,,,,,,,,,CATEGORY 1,CATEGORY 1,10104,10104,310,310,VANIER DR,VANIER DR,69125,69125,,,,,200,200,2008,2008,PVC,PVC,N,N,7692423a-ccf6-4480-b3f5-ffc7231b534f,7692423a-ccf6-4480-b3f5-ffc7231b534f,DAVIDV,DAVIDV,12/15/2011 3:38:26 PM,2011-12-15T15:38:26,543815,543815,4808020,4808020,False,True,True,False,False,False,2008-08-01T00:00:00,True,False,event_before_install,2003-02-26T00:00:00,1,False,1,False
Water_Main_Breaks_-8394745777553033727.csv,1789,9777,9777,303,303,11/25/2001 12:00:00 AM,2001-11-25T00:00:00,MAIN,MAIN,,,,,,,,,,,REPAIR COMPLETED,REPAIR COMPLETED,12/15/2011 3:38:26 PM,2011-12-15T15:38:26,,,,,UNKNOWN,UNKNOWN,OTHER,OTHER,,,,,,,,,,,,,CATEGORY 1,CATEGORY 1,13316,13316,59,59,PLYMOUTH RD,PLYMOUTH RD,86556,86556,,,,,150,150,2010,2010,PVC,PVC,N,N,fe519b1b-d744-4234-bb19-e4b3764f0e58,fe519b1b-d744-4234-bb19-e4b3764f0e58,DAVIDV,DAVIDV,12/15/2011 3:38:26 PM,2011-12-15T15:38:26,543643.9538,543643.9538,4809308.5969,4809308.5969,False,True,True,False,False,False,2010-09-02T00:00:00,True,False,event_before_install,2001-11-25T00:00:00,1,False,1,False
Water_Main_Breaks_-8394745777553033727.csv,1798,9786,9786,1289,1289,10/7/1999 12:00:00 AM,1999-10-07T00:00:00,MAIN,MAIN,,,,,,,,,,,REPAIR COMPLETED,REPAIR COMPLETED,12/15/2011 3:38:27 PM,2011-12-15T15:38:27,,,,,UNKNOWN,UNKNOWN,OTHER,OTHER,,,,,,,,,,,,,CATEGORY 1,CATEGORY 1,601977,601977,2880,2880,KING ST E,KING ST E,65370,65370,,,,,300,300,2000,2000,PVC,PVC,N,N,120ee08d-6f35-4b21-af83-7acc8d711b1b,120ee08d-6f35-4b21-af83-7acc8d711b1b,DAVIDV,DAVIDV,12/15/2011 3:38:27 PM,2011-12-15T15:38:27,545608,545608,4808741,4808741,False,True,True,False,False,False,2000-06-01T00:00:00,True,False,event_before_install,1999-10-07T00:00:00,1,False,1,False
Water_Main_Breaks_-8394745777553033727.csv,1801,9789,9789,195,195,3/31/1998 12:00:00 AM,1998-03-31T00:00:00,MAIN,MAIN,,,,,,,,,,,REPAIR COMPLETED,REPAIR COMPLETED,12/15/2011 3:38:26 PM,2011-12-15T15:38:26,,,,,UNKNOWN,UNKNOWN,OTHER,OTHER,,,,,,,,,,,,,CATEGORY 1,CATEGORY 1,22973,22973,200,200,CLARK AVE,CLARK AVE,76011,76011,,,,,150,150,2008,2008,PVC,PVC,N,N,8551cbc9-72bd-4951-9d97-2dcb4d3f8735,8551cbc9-72bd-4951-9d97-2dcb4d3f8735,DAVIDV,DAVIDV,12/15/2011 3:38:26 PM,2011-12-15T15:38:26,543957,543957,4807980,4807980,False,True,True,False,False,False,2008-08-13T00:00:00,True,False,event_before_install,1998-03-31T00:00:00,1,False,1,False
Water_Main_Breaks_-8394745777553033727.csv,1806,9794,9794,1292,1292,2/13/1997 12:00:00 AM,1997-02-13T00:00:00,MAIN,MAIN,,,,,,,,,,,REPAIR COMPLETED,REPAIR COMPLETED,12/15/2011 3:38:27 PM,2011-12-15T15:38:27,,,,,UNKNOWN,UNKNOWN,OTHER,OTHER,,,,,,,,,,,,,CATEGORY 1,CATEGORY 1,103864,103864,80,80,MARGARET AVE,MARGARET AVE,81074,81074,,,,,300,300,2008,2008,PVC,PVC,N,N,919309bc-965f-4b59-8091-b067505a9b50,919309bc-965f-4b59-8091-b067505a9b50,DAVIDV,DAVIDV,12/15/2011 3:38:27 PM,2011-12-15T15:38:27,541318,541318,4811665,4811665,False,True,True,False,False,False,2008-02-01T00:00:00,True,False,event_before_install,1997-02-13T00:00:00,1,False,1,False
Water_Main_Breaks_-8394745777553033727.csv,1812,9800,9800,333,333,12/31/1998 12:00:00 AM,1998-12-31T00:00:00,MAIN,MAIN,,,,,,,,,,,REPAIR COMPLETED,REPAIR COMPLETED,12/15/2011 3:38:26 PM,2011-12-15T15:38:26,,,,,UNKNOWN,UNKNOWN,OTHER,OTHER,,,,,,,,,,,,,CATEGORY 1,CATEGORY 1,10104,10104,314,314,VANIER DR,VANIER DR,69123,69123,,,,,150,150,2009,2009,PVC,PVC,N,N,93c39f4f-5f28-4c33-af3a-04f635056b2e,93c39f4f-5f28-4c33-af3a-04f635056b2e,DAVIDV,DAVIDV,12/15/2011 3:38:26 PM,2011-12-15T15:38:26,543824,543824,4808008,4808008,False,True,True,False,False,False,2009-01-14T00:00:00,True,False,event_before_install,1998-12-31T00:00:00,1,False,1,False
Water_Main_Breaks_-8394745777553033727.csv,1814,9802,9802,1241,1241,11/24/2008 12:00:00 AM,2008-11-24T00:00:00,MAIN,MAIN,,,,,,,,,,,REPAIR COMPLETED,REPAIR COMPLETED,12/15/2011 3:38:27 PM,2011-12-15T15:38:27,204130,204130,,,UNKNOWN,UNKNOWN,OTHER,OTHER,,,,,,,,,,,,,CATEGORY 1,CATEGORY 1,6498,6498,353,353,GREENBROOK DR,GREENBROOK DR,76498,76498,,,,,200,200,2010,2010,HDPE,HDPE,N,N,67fb2ed3-b761-47d2-b9ff-663f3f9bff01,67fb2ed3-b761-47d2-b9ff-663f3f9bff01,DAVIDV,DAVIDV,12/15/2011 3:38:27 PM,2011-12-15T15:38:27,539679,539679,4808332,4808332,False,True,True,False,False,False,2010-06-14T00:00:00,True,False,event_before_install,2008-11-24T00:00:00,1,False,1,False
Water_Main_Breaks_-8394745777553033727.csv,1854,9842,9842,2124,2124,4/23/2015 12:00:00 AM,2015-04-23T00:00:00,MAIN,MAIN,,,,,,,,,,,REPAIR COMPLETED,REPAIR COMPLETED,1/22/2016 12:00:00 AM,2016-01-22T00:00:00,130920,130920,,,UNKNOWN,UNKNOWN,OTHER,OTHER,,,,,,,,,,,,,CATEGORY 1,CATEGORY 1,7044,7044,300,300,BREITHAUPT ST,BREITHAUPT ST,134402,134402,,,,,300,300,2016,2016,PVC,PVC,N,N,a1195325-5c24-4205-9e5e-09df9abe2ac2,a1195325-5c24-4205-9e5e-09df9abe2ac2,DAVIDV,DAVIDV,11/27/2018 12:00:00 AM,2018-11-27T00:00:00,541590.3695,541590.3695,4811910.7566,4811910.7566,False,True,True,False,False,False,2016-06-01T00:00:00,True,False,event_before_install,2015-04-23T00:00:00,1,False,1,False
Water_Main_Breaks_-8394745777553033727.csv,1877,9865,9865,2273,2273,6/17/2017 12:00:00 AM,2017-06-17T00:00:00,MAIN,MAIN,,,,,,,,,,,REPAIR COMPLETED,REPAIR COMPLETED,9/19/2017 12:00:00 AM,2017-09-19T00:00:00,187691,187691,,,UNKNOWN,UNKNOWN,OTHER,OTHER,,,,,,,,,,,,,CATEGORY 1,CATEGORY 1,11272,11272,156,156,MELROSE AVE,MELROSE AVE,134502,134502,,,,,300,300,2017,2017,PVC,PVC,N,N,1d5a9454-4ade-446a-bd5b-a14e842db92f,1d5a9454-4ade-446a-bd5b-a14e842db92f,DAVIDV,DAVIDV,11/27/2018 12:00:00 AM,2018-11-27T00:00:00,542845.3062,542845.3062,4811297.3006,4811297.3006,False,True,True,False,False,False,2017-11-27T00:00:00,True,False,event_before_install,2017-06-17T00:00:00,1,False,1,False
Water_Main_Breaks_-8394745777553033727.csv,1934,9923,9923,1597,1597,2/10/2011 12:00:00 AM,2011-02-10T00:00:00,MAIN,MAIN,,,,,,,,,,,REPAIR COMPLETED,REPAIR COMPLETED,12/15/2011 3:38:26 PM,2011-12-15T15:38:26,40408,40408,,,CIRCUMFERENTIAL AND FITTING/JOINT,CIRCUMFERENTIAL AND FITTING/JOINT,AGE,AGE,,,,,,,,,,,,,CATEGORY 1,CATEGORY 1,9829,9829,324,324,STIRLING AVE N,STIRLING AVE N,97080,97080,,,,,150,150,2013,2013,PVC,PVC,N,N,95abb4c2-a069-4f68-a7a1-6874ce222b96,95abb4c2-a069-4f68-a7a1-6874ce222b96,DAVIDV,DAVIDV,12/15/2011 3:38:26 PM,2011-12-15T15:38:26,543189.1661,543189.1661,4810927.6156,4810927.6156,False,True,True,False,False,False,2013-09-01T00:00:00,True,False,event_before_install,2011-02-10T00:00:00,1,False,1,False
Water_Main_Breaks_-8394745777553033727.csv,1937,9926,9926,1496,1496,8/4/2010 12:00:00 AM,2010-08-04T00:00:00,MAIN,MAIN,,,,,,,,,,,REPAIR COMPLETED,REPAIR COMPLETED,12/15/2011 3:38:28 PM,2011-12-15T15:38:28,31808,31808,,,FITTING/JOINT,FITTING/JOINT,CORROSION,CORROSION,,,,,,,,,,,,,CATEGORY 1,CATEGORY 1,9768,9768,38,38,GLENDALE RD,GLENDALE RD,133118,133118,,,,,150,150,2016,2016,PVC,PVC,N,N,f4e6ab53-f688-4f8c-bed5-3bf59a1cb1f1,f4e6ab53-f688-4f8c-bed5-3bf59a1cb1f1,DAVIDV,DAVIDV,12/15/2011 3:38:28 PM,2011-12-15T15:38:28,542804.0535,542804.0535,4811154.731,4811154.731,False,True,True,False,False,False,2016-08-01T00:00:00,True,False,event_before_install,2010-08-04T00:00:00,1,False,1,False
Water_Main_Breaks_-8394745777553033727.csv,1942,9932,9932,1573,1573,1/11/2011 12:00:00 AM,2011-01-11T00:00:00,MAIN,MAIN,,,,,,,,,,,REPAIR COMPLETED,REPAIR COMPLETED,12/15/2011 3:38:26 PM,2011-12-15T15:38:26,39211,39211,,,CIRCUMFERENTIAL,CIRCUMFERENTIAL,COMBINATION,COMBINATION,,,,,,,,,,,,,CATEGORY 1,CATEGORY 1,22974,22974,10,10,SIEBERT AVE,SIEBERT AVE,133694,133694,,,,,150,150,2015,2015,PVC,PVC,N,N,ad66ae2e-e706-49e8-88ef-11bf3c3c63d8,ad66ae2e-e706-49e8-88ef-11bf3c3c63d8,DAVIDV,DAVIDV,12/15/2011 3:38:26 PM,2011-12-15T15:38:26,543863.893,543863.893,4808175.8526,4808175.8526,False,True,True,False,False,False,2015-10-01T00:00:00,True,False,event_before_install,2011-01-11T00:00:00,1,False,1,False
Water_Main_Breaks_-8394745777553033727.csv,1943,9933,9933,1493,1493,7/12/2010 12:00:00 AM,2010-07-12T00:00:00,MAIN,MAIN,,,,,,,,,,,REPAIR COMPLETED,REPAIR COMPLETED,12/15/2011 3:38:28 PM,2011-12-15T15:38:28,30688,30688,,,LONGITUDINAL,LONGITUDINAL,SOILS,SOILS,,,,,,,,,,,,,CATEGORY 1,CATEGORY 1,6330,6330,159,159,BINSCARTH RD,BINSCARTH RD,136122,136122,,,,,150,150,2017,2017,PVCO,PVCO,N,N,6621522d-0517-491e-ba11-ccda4aa0caca,6621522d-0517-491e-ba11-ccda4aa0caca,DAVIDV,DAVIDV,12/15/2011 3:38:28 PM,2011-12-15T15:38:28,540487.6706,540487.6706,4809470.9146,4809470.9146,False,True,True,False,False,False,2017-08-28T00:00:00,True,False,event_before_install,2010-07-12T00:00:00,1,False,1,False
Water_Main_Breaks_-8394745777553033727.csv,1945,9935,9935,1103,1103,2/22/2007 12:00:00 AM,2007-02-22T00:00:00,MAIN,MAIN,,,,,,,,,,,REPAIR COMPLETED,REPAIR COMPLETED,12/15/2011 3:38:27 PM,2011-12-15T15:38:27,169975,169975,,,CIRCUMFERENTIAL,CIRCUMFERENTIAL,OTHER,OTHER,,,,,,,,,,,,,CATEGORY 1,CATEGORY 1,13325,13325,270,270,DIXON ST,DIXON ST,88100,88100,,,,,150,150,2010,2010,PVC,PVC,N,N,bea29dfd-3107-4f6d-b230-1f614e2027e5,bea29dfd-3107-4f6d-b230-1f614e2027e5,DAVIDV,DAVIDV,12/15/2011 3:38:27 PM,2011-12-15T15:38:27,543346,543346,4808933,4808933,False,True,True,False,False,False,2010-12-15T00:00:00,True,False,event_before_install,2007-02-22T00:00:00,1,False,1,False
Water_Main_Breaks_-8394745777553033727.csv,1946,9936,9936,1106,1106,2/27/2007 12:00:00 AM,2007-02-27T00:00:00,MAIN,MAIN,,,,,,,,,,,REPAIR COMPLETED,REPAIR COMPLETED,12/15/2011 3:38:27 PM,2011-12-15T15:38:27,170112,170112,,,FITTING/JOINT,FITTING/JOINT,AGE,AGE,,,,,,,,,,,,,CATEGORY 1,CATEGORY 1,11490,11490,160,160,MERNER AVE,MERNER AVE,98392,98392,,,,,150,150,2014,2014,PVCO,PVCO,N,N,500cb933-2472-4869-bf5a-9da730008a93,500cb933-2472-4869-bf5a-9da730008a93,DAVIDV,DAVIDV,12/15/2011 3:38:27 PM,2011-12-15T15:38:27,542633.5806,542633.5806,4811053.6332,4811053.6332,False,True,True,False,False,False,2014-12-12T00:00:00,True,False,event_before_install,2007-02-27T00:00:00,1,False,1,False
Water_Main_Breaks_-8394745777553033727.csv,1947,9937,9937,1128,1128,4/12/2007 12:00:00 AM,2007-04-12T00:00:00,MAIN,MAIN,,,,,,,,,,,REPAIR COMPLETED,REPAIR COMPLETED,12/15/2011 3:38:27 PM,2011-12-15T15:38:27,172200,172200,,,UNKNOWN,UNKNOWN,OTHER,OTHER,,,,,,,,,,,,,CATEGORY 1,CATEGORY 1,6650,6650,184,184,COURTLAND AVE E,COURTLAND AVE E,77994,77994,,,,,150,150,2015,2015,PVC,PVC,N,N,4b8f58f8-9eea-43bf-b1db-956ec978ba83,4b8f58f8-9eea-43bf-b1db-956ec978ba83,DAVIDV,DAVIDV,12/15/2011 3:38:27 PM,2011-12-15T15:38:27,541575,541575,4810088,4810088,False,True,True,False,False,False,2015-10-09T00:00:00,True,False,event_before_install,2007-04-12T00:00:00,1,False,1,False
Water_Main_Breaks_-8394745777553033727.csv,1949,9939,9939,1476,1476,4/28/2010 12:00:00 AM,2010-04-28T00:00:00,MAIN,MAIN,,,,,,,,,,,REPAIR COMPLETED,REPAIR COMPLETED,12/15/2011 3:38:28 PM,2011-12-15T15:38:28,26813,26813,,,CIRCUMFERENTIAL,CIRCUMFERENTIAL,AGE,AGE,,,,,,,,,,,,,CATEGORY 1,CATEGORY 1,8784,8784,20,20,LINDEN AVE,LINDEN AVE,76586,76586,,,,,200,200,2010,2010,PVC,PVC,N,N,a1b63803-bbda-440a-83ec-b2f225c8ed8c,a1b63803-bbda-440a-83ec-b2f225c8ed8c,DAVIDV,DAVIDV,12/15/2011 3:38:28 PM,2011-12-15T15:38:28,540581,540581,4810863,4810863,False,True,True,False,False,False,2010-11-12T00:00:00,True,False,event_before_install,2010-04-28T00:00:00,1,False,1,False
Water_Main_Breaks_-8394745777553033727.csv,1973,9964,9964,1111,1111,3/6/2007 12:00:00 AM,2007-03-06T00:00:00,MAIN,MAIN,,,,,,,,,,,REPAIR COMPLETED,REPAIR COMPLETED,12/15/2011 3:38:27 PM,2011-12-15T15:38:27,170491,170491,,,FITTING/JOINT,FITTING/JOINT,OTHER,OTHER,,,,,,,,,,,,,CATEGORY 1,CATEGORY 1,10101,10101,110,110,CLARK AVE,CLARK AVE,7400,7400,,,,,150,150,2008,2008,PVC,PVC,N,N,48d53156-050a-4b1b-866e-a0db0e0d5c73,48d53156-050a-4b1b-866e-a0db0e0d5c73,DAVIDV,DAVIDV,12/15/2011 3:38:27 PM,2011-12-15T15:38:27,543850.4422,543850.4422,4808205.5835,4808205.5835,False,True,True,False,False,False,2008-08-13T00:00:00,True,False,event_before_install,2007-03-06T00:00:00,1,False,1,False
Water_Main_Breaks_-8394745777553033727.csv,1976,9967,9967,1100,1100,2/19/2007 12:00:00 AM,2007-02-19T00:00:00,MAIN,MAIN,,,,,,,,,,,REPAIR COMPLETED,REPAIR COMPLETED,12/15/2011 3:38:27 PM,2011-12-15T15:38:27,169814,169814,,,CIRCUMFERENTIAL,CIRCUMFERENTIAL,OTHER,OTHER,,,,,,,,,,,,,CATEGORY 1,CATEGORY 1,10104,10104,365,365,VANIER DR,VANIER DR,86546,86546,,,,,200,200,2008,2008,PVC,PVC,N,N,d25267b3-fd65-42e6-aa76-0fa2ea498bb8,d25267b3-fd65-42e6-aa76-0fa2ea498bb8,DAVIDV,DAVIDV,12/15/2011 3:38:27 PM,2011-12-15T15:38:27,543894,543894,4807838,4807838,False,True,True,False,False,False,2008-08-01T00:00:00,True,False,event_before_install,2007-02-19T00:00:00,1,False,1,False
Water_Main_Breaks_-8394745777553033727.csv,1993,9985,9985,1626,1626,5/30/2011 12:00:00 AM,2011-05-30T00:00:00,MAIN,MAIN,,,,,,,,,,,REPAIR COMPLETED,REPAIR COMPLETED,12/15/2011 3:38:58 PM,2011-12-15T15:38:58,45747,45747,,,CORROSION,CORROSION,AGE,AGE,,,,,,,,,,,,,CATEGORY 1,CATEGORY 1,9387,9387,552,552,COURTLAND AVE E,COURTLAND AVE E,78180,78180,,,,,150,150,2015,2015,PVC,PVC,N,N,8a7a0b64-a730-4837-98ba-a1576197d48f,8a7a0b64-a730-4837-98ba-a1576197d48f,DAVIDV,DAVIDV,12/15/2011 3:38:58 PM,2011-12-15T15:38:58,542516.8783,542516.8783,4809228.3877,4809228.3877,False,True,True,False,False,False,2015-10-09T00:00:00,True,False,event_before_install,2011-05-30T00:00:00,1,False,1,False
Water_Main_Breaks_-8394745777553033727.csv,2002,9995,9995,1078,1078,2/3/2007 12:00:00 AM,2007-02-03T00:00:00,MAIN,MAIN,,,,,,,,,,,REPAIR COMPLETED,REPAIR COMPLETED,12/15/2011 3:38:27 PM,2011-12-15T15:38:27,169266,169266,,,CIRCUMFERENTIAL,CIRCUMFERENTIAL,OTHER,OTHER,,,,,,,,,,,,,CATEGORY 1,CATEGORY 1,6180,6180,220,220,FISCHER HALLMAN RD,FISCHER HALLMAN RD,68711,68711,,,,,150,150,2009,2009,PVC,PVC,N,N,3228b8c7-14cd-404f-a354-e5682f65fcc8,3228b8c7-14cd-404f-a354-e5682f65fcc8,DAVIDV,DAVIDV,12/15/2011 3:38:27 PM,2011-12-15T15:38:27,538711.7726,538711.7726,4808286.3409,4808286.3409,False,True,True,False,False,False,2009-04-15T00:00:00,True,False,event_before_install,2007-02-03T00:00:00,1,False,1,False
Water_Main_Breaks_-8394745777553033727.csv,2020,10013,10013,1448,1448,1/24/2010 12:00:00 AM,2010-01-24T00:00:00,MAIN,MAIN,,,,,,,,,,,REPAIR COMPLETED,REPAIR COMPLETED,12/15/2011 3:38:28 PM,2011-12-15T15:38:28,22786,22786,,,CIRCUMFERENTIAL,CIRCUMFERENTIAL,COMBINATION,COMBINATION,,,,,,,,,,,,,CATEGORY 1,CATEGORY 1,10005,10005,20,20,FOURTH AVE,FOURTH AVE,133992,133992,,,,,150,150,2017,2017,PVC,PVC,N,N,5809b35a-c69e-479e-af8b-f4c361605cb8,5809b35a-c69e-479e-af8b-f4c361605cb8,DAVIDV,DAVIDV,12/15/2011 3:38:28 PM,2011-12-15T15:38:28,544296.9537,544296.9537,4809214.1046,4809214.1046,False,True,True,False,False,False,2017-10-04T00:00:00,True,False,event_before_install,2010-01-24T00:00:00,1,False,1,False
Water_Main_Breaks_-8394745777553033727.csv,2026,10019,10019,1510,1510,10/24/2010 12:00:00 AM,2010-10-24T00:00:00,MAIN,MAIN,,,,,,,,,,,REPAIR COMPLETED,REPAIR COMPLETED,12/15/2011 3:38:28 PM,2011-12-15T15:38:28,35764,35764,,,CORROSION,CORROSION,CORROSION,CORROSION,,,,,,,,,,,,,CATEGORY 1,CATEGORY 1,6439,6439,68,68,PLEASANT AVE,PLEASANT AVE,136120,136120,,,,,150,150,2017,2017,PVCO,PVCO,N,N,2de53609-38f0-42cc-a90a-65c08ba8d071,2de53609-38f0-42cc-a90a-65c08ba8d071,DAVIDV,DAVIDV,12/15/2011 3:38:28 PM,2011-12-15T15:38:28,540597.97,540597.97,4809502.1512,4809502.1512,False,True,True,False,False,False,2017-08-28T00:00:00,True,False,event_before_install,2010-10-24T00:00:00,1,False,1,False
Water_Main_Breaks_-8394745777553033727.csv,2035,10028,10028,1142,1142,8/2/2007 12:00:00 AM,2007-08-02T00:00:00,MAIN,MAIN,,,,,,,,,,,REPAIR COMPLETED,REPAIR COMPLETED,12/15/2011 3:38:27 PM,2011-12-15T15:38:27,179546,179546,,,CORROSION,CORROSION,OTHER,OTHER,,,,,,,,,,,,,CATEGORY 1,CATEGORY 1,6472,6472,56,56,GLEN RD,GLEN RD,136102,136102,,,,,150,150,2017,2017,PVCO,PVCO,N,N,0a6eb5c8-e09b-442f-8eb4-a7f9bf7c5e5f,0a6eb5c8-e09b-442f-8eb4-a7f9bf7c5e5f,DAVIDV,DAVIDV,12/15/2011 3:38:27 PM,2011-12-15T15:38:27,540860.5457,540860.5457,4809589.9471,4809589.9471,False,True,True,False,False,False,2017-08-28T00:00:00,True,False,event_before_install,2007-08-02T00:00:00,1,False,1,False
Water_Main_Breaks_-8394745777553033727.csv,2039,10032,10032,1711,1711,12/10/2011 12:00:00 AM,2011-12-10T00:00:00,MAIN,MAIN,,,,,,,,,,,REPAIR COMPLETED,REPAIR COMPLETED,12/15/2011 3:38:26 PM,2011-12-15T15:38:26,57975,57975,,,CIRCUMFERENTIAL,CIRCUMFERENTIAL,OTHER,OTHER,,,,,,,,,,,,,CATEGORY 1,CATEGORY 1,6340,6340,98,98,LAKESIDE DR,LAKESIDE DR,133136,133136,,,,,150,150,2016,2016,PVC,PVC,N,N,910b0457-0955-4106-99b4-ef13139de388,910b0457-0955-4106-99b4-ef13139de388,DAVIDV,DAVIDV,12/15/2011 3:38:26 PM,2011-12-15T15:38:26,540184.7915,540184.7915,4809040.5412,4809040.5412,False,True,True,False,False,False,2016-07-12T00:00:00,True,False,event_before_install,2011-12-10T00:00:00,1,False,1,False
Water_Main_Breaks_-8394745777553033727.csv,2045,10038,10038,1609,1609,2/20/2011 12:00:00 AM,2011-02-20T00:00:00,MAIN,MAIN,,,,,,,,,,,REPAIR COMPLETED,REPAIR COMPLETED,12/15/2011 3:38:26 PM,2011-12-15T15:38:26,40761,40761,,,FITTING/JOINT,FITTING/JOINT,UNKNOWN,UNKNOWN,,,,,,,,,,,,,CATEGORY 1,CATEGORY 1,9845,9845,301,301,PANDORA AVE N,PANDORA AVE N,133122,133122,,,,,150,150,2016,2016,PVC,PVC,N,N,91e6af6d-c2e7-49f6-a8d9-f8f2705c12f4,91e6af6d-c2e7-49f6-a8d9-f8f2705c12f4,DAVIDV,DAVIDV,12/15/2011 3:38:26 PM,2011-12-15T15:38:26,542978.3215,542978.3215,4811015.1311,4811015.1311,False,True,True,False,False,False,2016-08-01T00:00:00,True,False,event_before_install,2011-02-20T00:00:00,1,False,1,False
Water_Main_Breaks_-8394745777553033727.csv,2059,10053,10053,1550,1550,12/17/2010 12:00:00 AM,2010-12-17T00:00:00,MAIN,MAIN,,,,,,,,,,,REPAIR COMPLETED,REPAIR COMPLETED,12/15/2011 3:38:27 PM,2011-12-15T15:38:27,38415,38415,,,CIRCUMFERENTIAL,CIRCUMFERENTIAL,COMBINATION,COMBINATION,,,,,,,,,,,,,CATEGORY 1,CATEGORY 1,13090,13090,61,61,BRIDGE ST E,BRIDGE ST E,97278,97278,,,,,150,150,2014,2014,PVC,PVC,N,N,2fbf0579-1c4a-46b5-8263-1ce80e271fb8,2fbf0579-1c4a-46b5-8263-1ce80e271fb8,DAVIDV,DAVIDV,12/15/2011 3:38:27 PM,2011-12-15T15:38:27,542358.8389,542358.8389,4814221.6139,4814221.6139,False,True,True,False,False,False,2014-04-15T00:00:00,True,False,event_before_install,2010-12-17T00:00:00,1,False,1,False
Water_Main_Breaks_-8394745777553033727.csv,2073,10068,10068,1591,1591,1/30/2011 12:00:00 AM,2011-01-30T00:00:00,MAIN,MAIN,,,,,,,,,,,REPAIR COMPLETED,REPAIR COMPLETED,12/15/2011 3:38:26 PM,2011-12-15T15:38:26,39963,39963,,,CORROSION AND CIRCUMFERENTIAL,CORROSION AND CIRCUMFERENTIAL,COMBINATION,COMBINATION,,,,,,,,,,,,,CATEGORY 1,CATEGORY 1,6340,6340,92,92,LAKESIDE DR,LAKESIDE DR,133136,133136,,,,,150,150,2016,2016,PVC,PVC,N,N,9052a8ec-eaf7-4221-9b1b-e37478760b0b,9052a8ec-eaf7-4221-9b1b-e37478760b0b,DAVIDV,DAVIDV,12/15/2011 3:38:26 PM,2011-12-15T15:38:26,540172.4674,540172.4674,4809052.2247,4809052.2247,False,True,True,False,False,False,2016-07-12T00:00:00,True,False,event_before_install,2011-01-30T00:00:00,1,False,1,False
Water_Main_Breaks_-8394745777553033727.csv,2079,10074,10074,1052,1052,1/10/2007 12:00:00 AM,2007-01-10T00:00:00,MAIN,MAIN,,,,,,,,,,,REPAIR COMPLETED,REPAIR COMPLETED,12/15/2011 3:38:27 PM,2011-12-15T15:38:27,168298,168298,,,CIRCUMFERENTIAL,CIRCUMFERENTIAL,OTHER,OTHER,,,,,,,,,,,,,CATEGORY 1,CATEGORY 1,11198,11198,244,244,GUELPH ST,GUELPH ST,76172,76172,,,,,150,150,2008,2008,PVC,PVC,N,N,0a98ae18-9f1e-40ac-ad5e-ac46fc4699ca,0a98ae18-9f1e-40ac-ad5e-ac46fc4699ca,DAVIDV,DAVIDV,12/15/2011 3:38:27 PM,2011-12-15T15:38:27,540296,540296,4812081,4812081,False,True,True,False,False,False,2008-09-01T00:00:00,True,False,event_before_install,2007-01-10T00:00:00,1,False,1,False
Water_Main_Breaks_-8394745777553033727.csv,2081,10076,10076,1576,1576,1/13/2011 12:00:00 AM,2011-01-13T00:00:00,MAIN,MAIN,,,,,,,,,,,REPAIR COMPLETED,REPAIR COMPLETED,12/15/2011 3:38:26 PM,2011-12-15T15:38:26,39379,39379,,,CIRCUMFERENTIAL,CIRCUMFERENTIAL,AGE,AGE,,,,,,,,,,,,,CATEGORY 1,CATEGORY 1,1262,1262,519,519,MARINA RD,MARINA RD,98278,98278,,,,,150,150,2016,2016,PVC,PVC,N,N,bb8b69c6-8e99-4332-b329-dcd256bb1108,bb8b69c6-8e99-4332-b329-dcd256bb1108,DAVIDV,DAVIDV,12/15/2011 3:38:26 PM,2011-12-15T15:38:26,539118.0044,539118.0044,4810748.2215,4810748.2215,False,True,True,False,False,False,2016-12-10T00:00:00,True,False,event_before_install,2011-01-13T00:00:00,1,False,1,False
Water_Main_Breaks_-8394745777553033727.csv,2082,10077,10077,1116,1116,3/14/2007 12:00:00 AM,2007-03-14T00:00:00,MAIN,MAIN,,,,,,,,,,,REPAIR COMPLETED,REPAIR COMPLETED,12/15/2011 3:38:27 PM,2011-12-15T15:38:27,170828,170828,,,CIRCUMFERENTIAL,CIRCUMFERENTIAL,OTHER,OTHER,,,,,,,,,,,,,CATEGORY 1,CATEGORY 1,13316,13316,133,133,PLYMOUTH RD,PLYMOUTH RD,76727,76727,,,,,150,150,2010,2010,PVC,PVC,N,N,3924a61b-68c3-47d8-b3f5-e62090f42efc,3924a61b-68c3-47d8-b3f5-e62090f42efc,DAVIDV,DAVIDV,12/15/2011 3:38:27 PM,2011-12-15T15:38:27,543639.0007,543639.0007,4809119.1613,4809119.1613,False,True,True,False,False,False,2010-09-02T00:00:00,True,False,event_before_install,2007-03-14T00:00:00,1,False,1,False
Water_Main_Breaks_-8394745777553033727.csv,2084,10079,10079,1447,1447,1/24/2010 12:00:00 AM,2010-01-24T00:00:00,MAIN,MAIN,,,,,,,,,,,REPAIR COMPLETED,REPAIR COMPLETED,12/15/2011 3:38:28 PM,2011-12-15T15:38:28,22784,22784,,,FITTING/JOINT,FITTING/JOINT,AGE,AGE,,,,,,,,,,,,,CATEGORY 1,CATEGORY 1,22974,22974,16,16,SIEBERT AVE,SIEBERT AVE,133694,133694,,,,,150,150,2015,2015,PVC,PVC,N,N,3bc6192a-f1e8-4f71-bcea-b8c92ec72c2e,3bc6192a-f1e8-4f71-bcea-b8c92ec72c2e,DAVIDV,DAVIDV,12/15/2011 3:38:28 PM,2011-12-15T15:38:28,543886.4347,543886.4347,4808170.1834,4808170.1834,False,True,True,False,False,False,2015-10-01T00:00:00,True,False,event_before_install,2010-01-24T00:00:00,1,False,1,False
Water_Main_Breaks_-8394745777553033727.csv,2111,10111,10111,1442,1442,1/19/2010 12:00:00 AM,2010-01-19T00:00:00,MAIN,MAIN,,,,,,,,,,,REPAIR COMPLETED,REPAIR COMPLETED,12/15/2011 3:38:28 PM,2011-12-15T15:38:28,22504,22504,,,OTHER: WATER SERVICE,OTHER: WATER SERVICE,OTHER,OTHER,,,,,,,,,,,,,CATEGORY 1,CATEGORY 1,40181,40181,638,638,BELMONT AVE W,BELMONT AVE W,78990,78990,,,,,300,300,2013,2013,PVCO,PVCO,N,N,a48c368c-46ca-4c35-b6d5-62a101d87cbc,a48c368c-46ca-4c35-b6d5-62a101d87cbc,DAVIDV,DAVIDV,12/15/2011 3:38:28 PM,2011-12-15T15:38:28,539075.8801,539075.8801,4811116.7438,4811116.7438,False,True,True,False,False,False,2013-12-11T00:00:00,True,False,event_before_install,2010-01-19T00:00:00,1,False,1,False
Water_Main_Breaks_-8394745777553033727.csv,2120,10122,10122,1485,1485,5/30/2010 12:00:00 AM,2010-05-30T00:00:00,MAIN,MAIN,,,,,,,,,,,REPAIR COMPLETED,REPAIR COMPLETED,12/15/2011 3:38:28 PM,2011-12-15T15:38:28,28795,28795,,,CORROSION,CORROSION,AGE,AGE,,,,,,,,,,,,,CATEGORY 1,CATEGORY 1,9387,9387,542,542,COURTLAND AVE E,COURTLAND AVE E,78180,78180,,,,,150,150,2015,2015,PVC,PVC,N,N,d62b3953-1ebf-4e43-9e10-0fe397345a67,d62b3953-1ebf-4e43-9e10-0fe397345a67,DAVIDV,DAVIDV,12/15/2011 3:38:28 PM,2011-12-15T15:38:28,542511.2276,542511.2276,4809263.5485,4809263.5485,False,True,True,False,False,False,2015-10-09T00:00:00,True,False,event_before_install,2010-05-30T00:00:00,1,False,1,False
Water_Main_Breaks_-8394745777553033727.csv,2131,10134,10134,1473,1473,3/22/2010 12:00:00 AM,2010-03-22T00:00:00,MAIN,MAIN,,,,,,,,,,,REPAIR COMPLETED,REPAIR COMPLETED,12/15/2011 3:38:28 PM,2011-12-15T15:38:28,24978,24978,,,FITTING/JOINT,FITTING/JOINT,AGE,AGE,,,,,,,,,,,,,CATEGORY 1,CATEGORY 1,20775,20775,647,647,GLASGOW ST,GLASGOW ST,96944,96944,,,,,200,200,2014,2014,PVCO,PVCO,N,N,e3555655-f915-48d2-a070-1e7d62546eac,e3555655-f915-48d2-a070-1e7d62546eac,DAVIDV,DAVIDV,12/15/2011 3:38:28 PM,2011-12-15T15:38:28,537815.4836,537815.4836,4810498.467,4810498.467,False,True,True,False,False,False,2014-12-15T00:00:00,True,False,event_before_install,2010-03-22T00:00:00,1,False,1,False
Water_Main_Breaks_-8394745777553033727.csv,2137,10141,10141,336,336,11/23/2003 12:00:00 AM,2003-11-23T00:00:00,MAIN,MAIN,,,,,,,,,,,REPAIR COMPLETED,REPAIR COMPLETED,12/15/2011 3:38:26 PM,2011-12-15T15:38:26,,,,,UNKNOWN,UNKNOWN,OTHER,OTHER,,,,,,,,,,,,,CATEGORY 1,CATEGORY 1,20673,20673,56,56,LAKESIDE DR,LAKESIDE DR,133148,133148,,,,,150,150,2016,2016,PVC,PVC,N,N,99010b49-3549-4a31-9569-77c3b1306205,99010b49-3549-4a31-9569-77c3b1306205,DAVIDV,DAVIDV,12/15/2011 3:38:26 PM,2011-12-15T15:38:26,540084.5703,540084.5703,4809134.8099,4809134.8099,False,True,True,False,False,False,2016-05-10T00:00:00,True,False,event_before_install,2003-11-23T00:00:00,1,False,1,False
Water_Main_Breaks_-8394745777553033727.csv,2138,10142,10142,498,498,1/3/2003 12:00:00 AM,2003-01-03T00:00:00,MAIN,MAIN,,,,,,,,,,,REPAIR COMPLETED,REPAIR COMPLETED,12/15/2011 3:38:27 PM,2011-12-15T15:38:27,,,,,UNKNOWN,UNKNOWN,OTHER,OTHER,,,,,,,,,,,,,CATEGORY 1,CATEGORY 1,10005,10005,80,80,FOURTH AVE,FOURTH AVE,133994,133994,,,,,150,150,2017,2017,PVC,PVC,N,N,8c763971-724d-4234-9b3b-6dc471033aae,8c763971-724d-4234-9b3b-6dc471033aae,DAVIDV,DAVIDV,12/15/2011 3:38:27 PM,2011-12-15T15:38:27,544204.0214,544204.0214,4808997.7571,4808997.7571,False,True,True,False,False,False,2017-10-04T00:00:00,True,False,event_before_install,2003-01-03T00:00:00,1,False,1,False
Water_Main_Breaks_-8394745777553033727.csv,2140,10144,10144,133,133,9/14/2003 12:00:00 AM,2003-09-14T00:00:00,MAIN,MAIN,,,,,,,,,,,REPAIR COMPLETED,REPAIR COMPLETED,12/15/2011 3:38:26 PM,2011-12-15T15:38:26,,,,,UNKNOWN,UNKNOWN,OTHER,OTHER,,,,,,,,,,,,,CATEGORY 1,CATEGORY 1,1281,1281,461,461,GLASGOW ST,GLASGOW ST,96958,96958,,,,,450,450,2014,2014,PVC,PVC,N,N,c6b8d110-6c28-4234-a4bf-22d73d7445de,c6b8d110-6c28-4234-a4bf-22d73d7445de,DAVIDV,DAVIDV,12/15/2011 3:38:26 PM,2011-12-15T15:38:26,538334.2376,538334.2376,4810743.1374,4810743.1374,False,True,True,False,False,False,2014-12-15T00:00:00,True,False,event_before_install,2003-09-14T00:00:00,1,False,1,False
Water_Main_Breaks_-8394745777553033727.csv,2144,10148,10148,497,497,8/11/2001 12:00:00 AM,2001-08-11T00:00:00,MAIN,MAIN,,,,,,,,,,,REPAIR COMPLETED,REPAIR COMPLETED,12/15/2011 3:38:27 PM,2011-12-15T15:38:27,,,,,UNKNOWN,UNKNOWN,OTHER,OTHER,,,,,,,,,,,,,CATEGORY 1,CATEGORY 1,10005,10005,62,62,FOURTH AVE,FOURTH AVE,133994,133994,,,,,150,150,2017,2017,PVC,PVC,N,N,3fe3996f-66e6-4b7d-a0b1-88ecab153251,3fe3996f-66e6-4b7d-a0b1-88ecab153251,DAVIDV,DAVIDV,12/15/2011 3:38:27 PM,2011-12-15T15:38:27,544232.7184,544232.7184,4809064.6165,4809064.6165,False,True,True,False,False,False,2017-10-04T00:00:00,True,False,event_before_install,2001-08-11T00:00:00,1,False,1,False
Water_Main_Breaks_-8394745777553033727.csv,2149,10153,10153,199,199,2/10/2000 12:00:00 AM,2000-02-10T00:00:00,MAIN,MAIN,,,,,,,,,,,REPAIR COMPLETED,REPAIR COMPLETED,12/15/2011 3:38:26 PM,2011-12-15T15:38:26,,,,,UNKNOWN,UNKNOWN,OTHER,OTHER,,,,,,,,,,,,,CATEGORY 1,CATEGORY 1,10196,10196,120,120,CLIVE RD,CLIVE RD,83222,83222,,,,,150,150,2008,2008,PVC,PVC,N,N,22ec34a3-fa30-43ee-bac0-46555c693c99,22ec34a3-fa30-43ee-bac0-46555c693c99,DAVIDV,DAVIDV,12/15/2011 3:38:26 PM,2011-12-15T15:38:26,543850,543850,4810231,4810231,False,True,True,False,False,False,2008-08-30T00:00:00,True,False,event_before_install,2000-02-10T00:00:00,1,False,1,False
Water_Main_Breaks_-8394745777553033727.csv,2152,10156,10156,1182,1182,1/10/2008 12:00:00 AM,2008-01-10T00:00:00,MAIN,MAIN,,,,,,,,,,,REPAIR COMPLETED,REPAIR COMPLETED,12/15/2011 3:38:27 PM,2011-12-15T15:38:27,187616,187616,,,UNKNOWN,UNKNOWN,OTHER,OTHER,,,,,,,,,,,,,CATEGORY 1,CATEGORY 1,13316,13316,93,93,PLYMOUTH RD,PLYMOUTH RD,86558,86558,,,,,150,150,2010,2010,PVC,PVC,N,N,559ef6a9-4620-45ff-b1b0-4e029eaea87c,559ef6a9-4620-45ff-b1b0-4e029eaea87c,DAVIDV,DAVIDV,12/15/2011 3:38:27 PM,2011-12-15T15:38:27,543667.6288,543667.6288,4809242.0541,4809242.0541,False,True,True,False,False,False,2010-09-02T00:00:00,True,False,event_before_install,2008-01-10T00:00:00,1,False,1,False
Water_Main_Breaks_-8394745777553033727.csv,2158,10162,10162,183,183,2/4/1999 12:00:00 AM,1999-02-04T00:00:00,MAIN,MAIN,,,,,,,,,,,REPAIR COMPLETED,REPAIR COMPLETED,12/15/2011 3:38:26 PM,2011-12-15T15:38:26,,,,,UNKNOWN,UNKNOWN,OTHER,OTHER,,,,,,,,,,,,,CATEGORY 1,CATEGORY 1,22970,22970,78,78,BROADMOOR AVE,BROADMOOR AVE,62530,62530,,,,,150,150,1999,1999,PVC,PVC,N,N,0a089a9f-e45e-4768-bfee-d8329c1b9370,0a089a9f-e45e-4768-bfee-d8329c1b9370,DAVIDV,DAVIDV,12/15/2011 3:38:26 PM,2011-12-15T15:38:26,543941,543941,4808257,4808257,False,True,True,False,False,False,1999-06-01T00:00:00,True,False,event_before_install,1999-02-04T00:00:00,2,True,2,True
Water_Main_Breaks_-8394745777553033727.csv,2159,10163,10163,258,258,12/22/1998 12:00:00 AM,1998-12-22T00:00:00,MAIN,MAIN,,,,,,,,,,,REPAIR COMPLETED,REPAIR COMPLETED,12/15/2011 3:38:26 PM,2011-12-15T15:38:26,,,,,UNKNOWN,UNKNOWN,OTHER,OTHER,,,,,,,,,,,,,CATEGORY 1,CATEGORY 1,11198,11198,250,250,GUELPH ST,GUELPH ST,76172,76172,,,,,150,150,2008,2008,PVC,PVC,N,N,03b60b30-9e73-4b81-a50f-b76130a0f47e,03b60b30-9e73-4b81-a50f-b76130a0f47e,DAVIDV,DAVIDV,12/15/2011 3:38:26 PM,2011-12-15T15:38:26,540341,540341,4812092,4812092,False,True,True,False,False,False,2008-09-01T00:00:00,True,False,event_before_install,1998-12-22T00:00:00,1,False,1,False
Water_Main_Breaks_-8394745777553033727.csv,2160,10164,10164,219,219,1/23/2004 12:00:00 AM,2004-01-23T00:00:00,MAIN,MAIN,,,,,,,,,,,REPAIR COMPLETED,REPAIR COMPLETED,12/15/2011 3:38:26 PM,2011-12-15T15:38:26,,,,,UNKNOWN,UNKNOWN,OTHER,OTHER,,,,,,,,,,,,,CATEGORY 1,CATEGORY 1,9840,9840,15,15,LIBERTY AVE,LIBERTY AVE,77126,77126,,,,,150,150,2012,2012,PVCO,PVCO,N,N,40d4b425-a62f-45c2-88e2-7ff7f62a0560,40d4b425-a62f-45c2-88e2-7ff7f62a0560,DAVIDV,DAVIDV,12/15/2011 3:38:26 PM,2011-12-15T15:38:26,542927.6212,542927.6212,4810921.4008,4810921.4008,False,True,True,False,False,False,2012-02-07T00:00:00,True,False,event_before_install,2004-01-23T00:00:00,1,False,1,False
Water_Main_Breaks_-8394745777553033727.csv,2162,10166,10166,225,225,1/27/2001 12:00:00 AM,2001-01-27T00:00:00,MAIN,MAIN,,,,,,,,,,,REPAIR COMPLETED,REPAIR COMPLETED,12/15/2011 3:38:26 PM,2011-12-15T15:38:26,,,,,UNKNOWN,UNKNOWN,OTHER,OTHER,,,,,,,,,,,,,CATEGORY 1,CATEGORY 1,9831,9831,317,317,MELROSE AVE,MELROSE AVE,76692,76692,,,,,150,150,2010,2010,PVC,PVC,N,N,af090f31-0a39-4ff1-b3b3-f025eeccf518,af090f31-0a39-4ff1-b3b3-f025eeccf518,DAVIDV,DAVIDV,12/15/2011 3:38:26 PM,2011-12-15T15:38:26,543126.0767,543126.0767,4810945.28,4810945.28,False,True,True,False,False,False,2010-09-01T00:00:00,True,False,event_before_install,2001-01-27T00:00:00,1,False,1,False
Water_Main_Breaks_-8394745777553033727.csv,2165,10169,10169,1655,1655,12/15/2011 3:38:26 PM,2011-12-15T15:38:26,MAIN,MAIN,,,,,,,,,,,REPAIR COMPLETED,REPAIR COMPLETED,12/15/2011 3:38:26 PM,2011-12-15T15:38:26,,,,,UNKNOWN,UNKNOWN,OTHER,OTHER,,,,,,,,,,,,,CATEGORY 1,CATEGORY 1,11608,11608,162,162,MILL ST,MILL ST,97980,97980,,,,,300,300,2012,2012,PVC,PVC,N,N,145fd0bc-2805-4e3f-830b-74b3bdd6d69e,145fd0bc-2805-4e3f-830b-74b3bdd6d69e,DAVIDV,DAVIDV,12/15/2011 3:38:26 PM,2011-12-15T15:38:26,541305.0243,541305.0243,4809732.9216,4809732.9216,False,True,True,False,False,False,2012-11-28T00:00:00,True,False,event_before_install,2011-12-15T00:00:00,1,False,1,False
Water_Main_Breaks_-8394745777553033727.csv,2166,10170,10170,389,389,10/2/2001 12:00:00 AM,2001-10-02T00:00:00,MAIN,MAIN,,,,,,,,,,,REPAIR COMPLETED,REPAIR COMPLETED,12/15/2011 3:38:26 PM,2011-12-15T15:38:26,,,,,UNKNOWN,UNKNOWN,OTHER,OTHER,,,,,,,,,,,,,CATEGORY 1,CATEGORY 1,13325,13325,286,286,DIXON ST,DIXON ST,76461,76461,,,,,150,150,2010,2010,PVC,PVC,N,N,5c4d1b1e-0ee8-4fe8-bcbe-54d5ed3f37ad,5c4d1b1e-0ee8-4fe8-bcbe-54d5ed3f37ad,DAVIDV,DAVIDV,12/15/2011 3:38:26 PM,2011-12-15T15:38:26,543294,543294,4808890,4808890,False,True,True,False,False,False,2010-12-15T00:00:00,True,False,event_before_install,2001-10-02T00:00:00,1,False,1,False
Water_Main_Breaks_-8394745777553033727.csv,2209,10213,10213,1837,1837,3/11/2013 12:00:00 AM,2013-03-11T00:00:00,MAIN,MAIN,,,,,,,,,,,REPAIR COMPLETED,REPAIR COMPLETED,2/7/2014 12:00:00 AM,2014-02-07T00:00:00,78658,78658,,,CIRCUMFERENTIAL AND FITTING/JOINT,CIRCUMFERENTIAL AND FITTING/JOINT,COMBINATION,COMBINATION,,,,,,,,,,,,,CATEGORY 1,CATEGORY 1,11741,11741,34,34,KELVIN AVE,KELVIN AVE,134836,134836,,,,,150,150,2016,2016,PVC,PVC,N,N,7427822b-7248-4405-a550-f6241d2c7f15,7427822b-7248-4405-a550-f6241d2c7f15,DAVIDV,DAVIDV,2/26/2019 12:00:00 AM,2019-02-26T00:00:00,541880.314,541880.314,4808840.8536,4808840.8536,False,True,True,False,False,False,2016-10-05T00:00:00,True,False,event_before_install,2013-03-11T00:00:00,1,False,1,False
Water_Main_Breaks_-8394745777553033727.csv,2210,10214,10214,1855,1855,2/13/2013 12:00:00 AM,2013-02-13T00:00:00,MAIN,MAIN,,,,,,,,,,,REPAIR COMPLETED,REPAIR COMPLETED,2/7/2014 12:00:00 AM,2014-02-07T00:00:00,77777,77777,,,CIRCUMFERENTIAL,CIRCUMFERENTIAL,AGE,AGE,,,,,,,,,,,,,CATEGORY 1,CATEGORY 1,11741,11741,30,30,KELVIN AVE,KELVIN AVE,134836,134836,,,,,150,150,2016,2016,PVC,PVC,N,N,78b82784-e05a-41cf-9ba4-9ef1429f7507,78b82784-e05a-41cf-9ba4-9ef1429f7507,DAVIDV,DAVIDV,2/26/2019 12:00:00 AM,2019-02-26T00:00:00,541890.5916,541890.5916,4808848.9008,4808848.9008,False,True,True,False,False,False,2016-10-05T00:00:00,True,False,event_before_install,2013-02-13T00:00:00,1,False,1,False
Water_Main_Breaks_-8394745777553033727.csv,2211,10215,10215,1136,1136,6/19/2007 12:00:00 AM,2007-06-19T00:00:00,MAIN,MAIN,,,,,,,,,,,REPAIR COMPLETED,REPAIR COMPLETED,12/15/2011 3:38:27 PM,2011-12-15T15:38:27,176714,176714,,,UNKNOWN,UNKNOWN,OTHER,OTHER,,,,,,,,,,,,,CATEGORY 1,CATEGORY 1,11402,11402,9,9,KEHL ST,KEHL ST,134906,134906,,,,,200,200,2017,2017,PVCO,PVCO,N,N,a4f18ded-5357-465e-9026-05b7408a918a,a4f18ded-5357-465e-9026-05b7408a918a,DAVIDV,DAVIDV,2/26/2019 12:00:00 AM,2019-02-26T00:00:00,541526.6941,541526.6941,4809155.3887,4809155.3887,False,True,True,False,False,False,2017-12-01T00:00:00,True,False,event_before_install,2007-06-19T00:00:00,1,False,1,False
Water_Main_Breaks_-8394745777553033727.csv,2212,10216,10216,367,367,1/16/2003 12:00:00 AM,2003-01-16T00:00:00,MAIN,MAIN,,,,,,,,,,,REPAIR COMPLETED,REPAIR COMPLETED,12/15/2011 3:38:26 PM,2011-12-15T15:38:26,,,,,UNKNOWN,UNKNOWN,OTHER,OTHER,,,,,,,,,,,,,CATEGORY 1,CATEGORY 1,11414,11414,30,30,MEINZINGER AVE,MEINZINGER AVE,134846,134846,,,,,150,150,2016,2016,PVC,PVC,N,N,eb974f53-db27-4e3f-b0ee-c1e6328320a2,eb974f53-db27-4e3f-b0ee-c1e6328320a2,DAVIDV,DAVIDV,2/26/2019 12:00:00 AM,2019-02-26T00:00:00,541788.487,541788.487,4809014.4783,4809014.4783,False,True,True,False,False,False,2016-10-05T00:00:00,True,False,event_before_install,2003-01-16T00:00:00,1,False,1,False
Water_Main_Breaks_-8394745777553033727.csv,2213,10217,10217,936,936,12/24/2003 12:00:00 AM,2003-12-24T00:00:00,MAIN,MAIN,,,,,,,,,,,REPAIR COMPLETED,REPAIR COMPLETED,12/15/2011 3:38:27 PM,2011-12-15T15:38:27,,,,,UNKNOWN,UNKNOWN,OTHER,OTHER,,,,,,,,,,,,,CATEGORY 1,CATEGORY 1,1718,1718,523,523,KARN ST,KARN ST,134694,134694,,,,,150,150,2017,2017,PVC,PVC,N,N,26cc6304-4948-4d5c-ac59-0afaf0c1d39c,26cc6304-4948-4d5c-ac59-0afaf0c1d39c,DAVIDV,DAVIDV,2/26/2019 12:00:00 AM,2019-02-26T00:00:00,538692.8426,538692.8426,4810030.0804,4810030.0804,False,True,True,False,False,False,2017-08-17T00:00:00,True,False,event_before_install,2003-12-24T00:00:00,1,False,1,False
Water_Main_Breaks_-8394745777553033727.csv,2214,10218,10218,1803,1803,12/2/2013 12:00:00 AM,2013-12-02T00:00:00,MAIN,MAIN,,,,,,,,,,,REPAIR COMPLETED,REPAIR COMPLETED,2/7/2014 12:00:00 AM,2014-02-07T00:00:00,92272,92272,,,CIRCUMFERENTIAL,CIRCUMFERENTIAL,AGE,AGE,,,,,,,,,,,,,CATEGORY 1,CATEGORY 1,1718,1718,505,505,KARN ST,KARN ST,134694,134694,,,,,150,150,2017,2017,PVC,PVC,N,N,c60e799f-04a8-4f1c-ab7f-9f637713896f,c60e799f-04a8-4f1c-ab7f-9f637713896f,DAVIDV,DAVIDV,2/26/2019 12:00:00 AM,2019-02-26T00:00:00,538742.328,538742.328,4810053.6288,4810053.6288,False,True,True,False,False,False,2017-08-17T00:00:00,True,False,event_before_install,2013-12-02T00:00:00,1,False,1,False
Water_Main_Breaks_-8394745777553033727.csv,2215,10219,10219,1817,1817,10/10/2013 12:00:00 AM,2013-10-10T00:00:00,MAIN,MAIN,,,,,,,,,,,REPAIR COMPLETED,REPAIR COMPLETED,2/7/2014 12:00:00 AM,2014-02-07T00:00:00,89708,89708,,,CORROSION,CORROSION,COMBINATION,COMBINATION,,,,,,,,,,,,,CATEGORY 1,CATEGORY 1,11414,11414,4,4,MEINZINGER AVE,MEINZINGER AVE,134846,134846,,,,,150,150,2016,2016,PVC,PVC,N,N,fa7bc1f0-6d72-4b9a-a5be-f7f3c130eb21,fa7bc1f0-6d72-4b9a-a5be-f7f3c130eb21,DAVIDV,DAVIDV,2/26/2019 12:00:00 AM,2019-02-26T00:00:00,541746.8844,541746.8844,4809099.5096,4809099.5096,False,True,True,False,False,False,2016-10-05T00:00:00,True,False,event_before_install,2013-10-10T00:00:00,1,False,1,False
Water_Main_Breaks_-8394745777553033727.csv,2216,10220,10220,1186,1186,1/14/2008 12:00:00 AM,2008-01-14T00:00:00,MAIN,MAIN,,,,,,,,,,,REPAIR COMPLETED,REPAIR COMPLETED,12/15/2011 3:38:27 PM,2011-12-15T15:38:27,187968,187968,,,UNKNOWN,UNKNOWN,OTHER,OTHER,,,,,,,,,,,,,CATEGORY 1,CATEGORY 1,11740,11740,29,29,DONLEY ST,DONLEY ST,134842,134842,,,,,150,150,2016,2016,PVC,PVC,N,N,6d617c3d-a37b-4f61-8779-f6476a0ee785,6d617c3d-a37b-4f61-8779-f6476a0ee785,DAVIDV,DAVIDV,2/26/2019 12:00:00 AM,2019-02-26T00:00:00,541992.3015,541992.3015,4808843.3769,4808843.3769,False,True,True,False,False,False,2016-10-05T00:00:00,True,False,event_before_install,2008-01-14T00:00:00,1,False,1,False
Water_Main_Breaks_-8394745777553033727.csv,2217,10221,10221,366,366,12/29/1999 12:00:00 AM,1999-12-29T00:00:00,MAIN,MAIN,,,,,,,,,,,REPAIR COMPLETED,REPAIR COMPLETED,12/15/2011 3:38:26 PM,2011-12-15T15:38:26,,,,,UNKNOWN,UNKNOWN,OTHER,OTHER,,,,,,,,,,,,,CATEGORY 1,CATEGORY 1,11414,11414,50,50,MEINZINGER AVE,MEINZINGER AVE,134846,134846,,,,,150,150,2016,2016,PVC,PVC,N,N,b25f88e0-abfe-46ae-ad45-5b3eade0e5ac,b25f88e0-abfe-46ae-ad45-5b3eade0e5ac,DAVIDV,DAVIDV,2/26/2019 12:00:00 AM,2019-02-26T00:00:00,541810.8732,541810.8732,4808970.2402,4808970.2402,False,True,True,False,False,False,2016-10-05T00:00:00,True,False,event_before_install,1999-12-29T00:00:00,1,False,1,False
Water_Main_Breaks_-8394745777553033727.csv,2218,10222,10222,1620,1620,3/5/2011 12:00:00 AM,2011-03-05T00:00:00,MAIN,MAIN,,,,,,,,,,,REPAIR COMPLETED,REPAIR COMPLETED,12/15/2011 3:38:26 PM,2011-12-15T15:38:26,41349,41349,,,CIRCUMFERENTIAL,CIRCUMFERENTIAL,CORROSION,CORROSION,,,,,,,,,,,,,CATEGORY 1,CATEGORY 1,11414,11414,40,40,MEINZINGER AVE,MEINZINGER AVE,134846,134846,,,,,150,150,2016,2016,PVC,PVC,N,N,713e578e-4ae8-4f91-9aec-fcde43340018,713e578e-4ae8-4f91-9aec-fcde43340018,DAVIDV,DAVIDV,2/26/2019 12:00:00 AM,2019-02-26T00:00:00,541797.4148,541797.4148,4808996.5829,4808996.5829,False,True,True,False,False,False,2016-10-05T00:00:00,True,False,event_before_install,2011-03-05T00:00:00,1,False,1,False
Water_Main_Breaks_-8394745777553033727.csv,2220,10224,10224,935,935,12/2/2002 12:00:00 AM,2002-12-02T00:00:00,MAIN,MAIN,,,,,,,,,,,REPAIR COMPLETED,REPAIR COMPLETED,12/15/2011 3:38:27 PM,2011-12-15T15:38:27,,,,,UNKNOWN,UNKNOWN,OTHER,OTHER,,,,,,,,,,,,,CATEGORY 1,CATEGORY 1,1718,1718,505,505,KARN ST,KARN ST,134694,134694,,,,,150,150,2017,2017,PVC,PVC,N,N,380996d5-4545-4248-9fdd-b7e879154c1f,380996d5-4545-4248-9fdd-b7e879154c1f,DAVIDV,DAVIDV,2/26/2019 12:00:00 AM,2019-02-26T00:00:00,538740.8806,538740.8806,4810052.9258,4810052.9258,False,True,True,False,False,False,2017-08-17T00:00:00,True,False,event_before_install,2002-12-02T00:00:00,1,False,1,False
Water_Main_Breaks_-8394745777553033727.csv,2221,10225,10225,1338,1338,1/14/2009 12:00:00 AM,2009-01-14T00:00:00,MAIN,MAIN,,,,,,,,,,,REPAIR COMPLETED,REPAIR COMPLETED,12/15/2011 3:38:28 PM,2011-12-15T15:38:28,3319,3319,,,UNKNOWN,UNKNOWN,OTHER,OTHER,,,,,,,,,,,,,CATEGORY 1,CATEGORY 1,12642,12642,668,668,GUELPH ST,GUELPH ST,134586,134586,,,,,150,150,2017,2017,PVC,PVC,N,N,405544ea-b511-4a08-af9e-5c001b9dd087,405544ea-b511-4a08-af9e-5c001b9dd087,DAVIDV,DAVIDV,2/26/2019 12:00:00 AM,2019-02-26T00:00:00,541480.1805,541480.1805,4812645.2933,4812645.2933,False,True,True,False,False,False,2017-09-06T00:00:00,True,False,event_before_install,2009-01-14T00:00:00,1,False,1,False
Water_Main_Breaks_-8394745777553033727.csv,2222,10226,10226,2168,2168,11/30/2015 12:00:00 AM,2015-11-30T00:00:00,MAIN,MAIN,,,,,,,,,,,REPAIR COMPLETED,REPAIR COMPLETED,1/22/2016 12:00:00 AM,2016-01-22T00:00:00,149389,149389,,,UNKNOWN,UNKNOWN,OTHER,OTHER,,,,,,,,,,,,,CATEGORY 1,CATEGORY 1,1718,1718,492,492,KARN ST,KARN ST,134694,134694,,,,,150,150,2017,2017,PVC,PVC,N,N,fb7c6f83-29c5-4e0a-9c18-182136f9c27f,fb7c6f83-29c5-4e0a-9c18-182136f9c27f,DAVIDV,DAVIDV,2/26/2019 12:00:00 AM,2019-02-26T00:00:00,538780.6224,538780.6224,4810072.2285,4810072.2285,False,True,True,False,False,False,2017-08-17T00:00:00,True,False,event_before_install,2015-11-30T00:00:00,1,False,1,False
Water_Main_Breaks_-8394745777553033727.csv,2223,10227,10227,2046,2046,3/12/2015 12:00:00 AM,2015-03-12T00:00:00,MAIN,MAIN,,,,,,,,,,,REPAIR COMPLETED,REPAIR COMPLETED,4/15/2015 12:00:00 AM,2015-04-15T00:00:00,128135,128135,,,UNKNOWN,UNKNOWN,OTHER,OTHER,,,,,,,,,,,,,CATEGORY 1,CATEGORY 1,11754,11754,185,185,KEHL ST,KEHL ST,134920,134920,,,,,300,300,2017,2017,PVCO,PVCO,N,N,540079b9-000c-47b4-85c3-9efdaf10ad95,540079b9-000c-47b4-85c3-9efdaf10ad95,DAVIDV,DAVIDV,2/26/2019 12:00:00 AM,2019-02-26T00:00:00,541796.6866,541796.6866,4808636.6344,4808636.6344,False,True,True,False,False,False,2017-12-01T00:00:00,True,False,event_before_install,2015-03-12T00:00:00,1,False,1,False
Water_Main_Breaks_-8394745777553033727.csv,2224,10228,10228,2171,2171,1/4/2016 12:00:00 AM,2016-01-04T00:00:00,MAIN,MAIN,,,,,,,,,,,REPAIR COMPLETED,REPAIR COMPLETED,6/7/2016 12:00:00 AM,2016-06-07T00:00:00,151341,151341,,,UNKNOWN,UNKNOWN,OTHER,OTHER,,,,,,,,,,,,,CATEGORY 1,CATEGORY 1,11754,11754,185,185,KEHL ST,KEHL ST,134920,134920,,,,,300,300,2017,2017,PVCO,PVCO,N,N,3b032b1d-63d1-469c-9d75-e88414274449,3b032b1d-63d1-469c-9d75-e88414274449,DAVIDV,DAVIDV,2/26/2019 12:00:00 AM,2019-02-26T00:00:00,541793.7768,541793.7768,4808642.5812,4808642.5812,False,True,True,False,False,False,2017-12-01T00:00:00,True,False,event_before_install,2016-01-04T00:00:00,1,False,1,False
Water_Main_Breaks_-8394745777553033727.csv,2225,10229,10229,1102,1102,2/22/2007 12:00:00 AM,2007-02-22T00:00:00,MAIN,MAIN,,,,,,,,,,,REPAIR COMPLETED,REPAIR COMPLETED,12/15/2011 3:38:27 PM,2011-12-15T15:38:27,169942,169942,,,UNKNOWN,UNKNOWN,FAULTY INSTALL,FAULTY INSTALL,,,,,,,,,,,,,CATEGORY 1,CATEGORY 1,11740,11740,25,25,DONLEY ST,DONLEY ST,134842,134842,,,,,150,150,2016,2016,PVC,PVC,N,N,fd015df2-2b93-42e8-a92f-2244929c5c9e,fd015df2-2b93-42e8-a92f-2244929c5c9e,DAVIDV,DAVIDV,2/26/2019 12:00:00 AM,2019-02-26T00:00:00,542001.2944,542001.2944,4808853.619,4808853.619,False,True,True,False,False,False,2016-10-05T00:00:00,True,False,event_before_install,2007-02-22T00:00:00,1,False,1,False
Water_Main_Breaks_-8394745777553033727.csv,2226,10230,10230,1558,1558,12/25/2010 12:00:00 AM,2010-12-25T00:00:00,MAIN,MAIN,,,,,,,,,,,REPAIR COMPLETED,REPAIR COMPLETED,12/15/2011 3:38:27 PM,2011-12-15T15:38:27,38700,38700,,,CIRCUMFERENTIAL,CIRCUMFERENTIAL,AGE,AGE,,,,,,,,,,,,,CATEGORY 1,CATEGORY 1,11740,11740,11,11,DONLEY ST,DONLEY ST,134842,134842,,,,,150,150,2016,2016,PVC,PVC,N,N,035288d2-ed22-4a27-bc0b-3f5dcdff25f3,035288d2-ed22-4a27-bc0b-3f5dcdff25f3,DAVIDV,DAVIDV,2/26/2019 12:00:00 AM,2019-02-26T00:00:00,542020.2718,542020.2718,4808875.8786,4808875.8786,False,True,True,False,False,False,2016-10-05T00:00:00,True,False,event_before_install,2010-12-25T00:00:00,1,False,1,False
Water_Main_Breaks_-8394745777553033727.csv,2227,10231,10231,1376,1376,3/10/2009 12:00:00 AM,2009-03-10T00:00:00,MAIN,MAIN,,,,,,,,,,,REPAIR COMPLETED,REPAIR COMPLETED,12/15/2011 3:38:28 PM,2011-12-15T15:38:28,6155,6155,,,UNKNOWN,UNKNOWN,OTHER,OTHER,,,,,,,,,,,,,CATEGORY 1,CATEGORY 1,8523,8523,394,394,ALICE AVE,ALICE AVE,134706,134706,,,,,150,150,2017,2017,PVC,PVC,N,N,e38c1d74-c3ad-467c-a276-b05582a80c27,e38c1d74-c3ad-467c-a276-b05582a80c27,DAVIDV,DAVIDV,2/26/2019 12:00:00 AM,2019-02-26T00:00:00,539103.0842,539103.0842,4810067.9895,4810067.9895,False,True,True,False,False,False,2017-08-01T00:00:00,True,False,event_before_install,2009-03-10T00:00:00,1,False,1,False
Water_Main_Breaks_-8394745777553033727.csv,2228,10232,10232,264,264,2/1/2003 12:00:00 AM,2003-02-01T00:00:00,MAIN,MAIN,,,,,,,,,,,REPAIR COMPLETED,REPAIR COMPLETED,12/15/2011 3:38:26 PM,2011-12-15T15:38:26,,,,,UNKNOWN,UNKNOWN,OTHER,OTHER,,,,,,,,,,,,,CATEGORY 1,CATEGORY 1,11754,11754,185,185,KEHL ST,KEHL ST,134920,134920,,,,,300,300,2017,2017,PVCO,PVCO,N,N,9d41c801-600f-4197-b367-e335a5c59383,9d41c801-600f-4197-b367-e335a5c59383,DAVIDV,DAVIDV,2/26/2019 12:00:00 AM,2019-02-26T00:00:00,541797.8582,541797.8582,4808634.24,4808634.24,False,True,True,False,False,False,2017-12-01T00:00:00,True,False,event_before_install,2003-02-01T00:00:00,1,False,1,False
Water_Main_Breaks_-8394745777553033727.csv,2229,10233,10233,323,323,5/16/2002 12:00:00 AM,2002-05-16T00:00:00,MAIN,MAIN,,,,,,,,,,,REPAIR COMPLETED,REPAIR COMPLETED,12/15/2011 3:38:26 PM,2011-12-15T15:38:26,,,,,UNKNOWN,UNKNOWN,OTHER,OTHER,,,,,,,,,,,,,CATEGORY 1,CATEGORY 1,11740,11740,33,33,DONLEY ST,DONLEY ST,134842,134842,,,,,150,150,2016,2016,PVC,PVC,N,N,6f3719f8-1730-4626-a76b-895f734fc4e7,6f3719f8-1730-4626-a76b-895f734fc4e7,DAVIDV,DAVIDV,2/26/2019 12:00:00 AM,2019-02-26T00:00:00,541985.9034,541985.9034,4808836.0704,4808836.0704,False,True,True,False,False,False,2016-10-05T00:00:00,True,False,event_before_install,2002-05-16T00:00:00,1,False,1,False
Water_Main_Breaks_-8394745777553033727.csv,2230,10234,10234,589,589,11/15/2001 12:00:00 AM,2001-11-15T00:00:00,MAIN,MAIN,,,,,,,,,,,REPAIR COMPLETED,REPAIR COMPLETED,12/15/2011 3:38:27 PM,2011-12-15T15:38:27,,,,,UNKNOWN,UNKNOWN,OTHER,OTHER,,,,,,,,,,,,,CATEGORY 1,CATEGORY 1,11741,11741,26,26,KELVIN AVE,KELVIN AVE,134836,134836,,,,,150,150,2016,2016,PVC,PVC,N,N,24d60070-3be5-410f-a9e1-eef3f34a7a22,24d60070-3be5-410f-a9e1-eef3f34a7a22,DAVIDV,DAVIDV,2/26/2019 12:00:00 AM,2019-02-26T00:00:00,541899.4139,541899.4139,4808852.2277,4808852.2277,False,True,True,False,False,False,2016-10-05T00:00:00,True,False,event_before_install,2001-11-15T00:00:00,1,False,1,False
Water_Main_Breaks_-8394745777553033727.csv,2231,10235,10235,1104,1104,2/24/2007 12:00:00 AM,2007-02-24T00:00:00,MAIN,MAIN,,,,,,,,,,,REPAIR COMPLETED,REPAIR COMPLETED,12/15/2011 3:38:27 PM,2011-12-15T15:38:27,170022,170022,,,UNKNOWN,UNKNOWN,OTHER,OTHER,,,,,,,,,,,,,CATEGORY 1,CATEGORY 1,11740,11740,25,25,DONLEY ST,DONLEY ST,134842,134842,,,,,150,150,2016,2016,PVC,PVC,N,N,d3dce719-040f-4db9-a0fd-fcbe2ef0b1d7,d3dce719-040f-4db9-a0fd-fcbe2ef0b1d7,DAVIDV,DAVIDV,2/26/2019 12:00:00 AM,2019-02-26T00:00:00,542006.1547,542006.1547,4808859.1826,4808859.1826,False,True,True,False,False,False,2016-10-05T00:00:00,True,False,event_before_install,2007-02-24T00:00:00,1,False,1,False
Water_Main_Breaks_-8394745777553033727.csv,2232,10236,10236,365,365,1/13/1999 12:00:00 AM,1999-01-13T00:00:00,MAIN,MAIN,,,,,,,,,,,REPAIR COMPLETED,REPAIR COMPLETED,12/15/2011 3:38:26 PM,2011-12-15T15:38:26,,,,,UNKNOWN,UNKNOWN,OTHER,OTHER,,,,,,,,,,,,,CATEGORY 1,CATEGORY 1,11414,11414,14,14,MEINZINGER AVE,MEINZINGER AVE,134846,134846,,,,,150,150,2016,2016,PVC,PVC,N,N,a23b4f46-a589-4e6c-9246-06bb6e17a367,a23b4f46-a589-4e6c-9246-06bb6e17a367,DAVIDV,DAVIDV,2/26/2019 12:00:00 AM,2019-02-26T00:00:00,541767.189,541767.189,4809058.0083,4809058.0083,False,True,True,False,False,False,2016-10-05T00:00:00,True,False,event_before_install,1999-01-13T00:00:00,1,False,1,False
Water_Main_Breaks_-8394745777553033727.csv,2233,10237,10237,108,108,1/21/1997 12:00:00 AM,1997-01-21T00:00:00,MAIN,MAIN,,,,,,,,,,,REPAIR COMPLETED,REPAIR COMPLETED,12/15/2011 3:38:26 PM,2011-12-15T15:38:26,,,,,UNKNOWN,UNKNOWN,OTHER,OTHER,,,,,,,,,,,,,CATEGORY 1,CATEGORY 1,8523,8523,438,438,ALICE AVE,ALICE AVE,134708,134708,,,,,150,150,2017,2017,PVC,PVC,N,N,ee8448e3-4675-475c-81e8-28705054bb01,ee8448e3-4675-475c-81e8-28705054bb01,DAVIDV,DAVIDV,2/26/2019 12:00:00 AM,2019-02-26T00:00:00,539025.0038,539025.0038,4810164.0116,4810164.0116,False,True,True,False,False,False,2017-08-30T00:00:00,True,False,event_before_install,1997-01-21T00:00:00,1,False,1,False
Water_Main_Breaks_-8394745777553033727.csv,2234,10238,10238,1586,1586,1/24/2011 12:00:00 AM,2011-01-24T00:00:00,MAIN,MAIN,,,,,,,,,,,REPAIR COMPLETED,REPAIR COMPLETED,12/15/2011 3:38:26 PM,2011-12-15T15:38:26,39749,39749,,,CIRCUMFERENTIAL,CIRCUMFERENTIAL,COMBINATION,COMBINATION,,,,,,,,,,,,,CATEGORY 1,CATEGORY 1,1255,1255,387,387,KARN ST,KARN ST,134700,134700,,,,,150,150,2017,2017,PVC,PVC,N,N,34f9b44a-679c-4e61-af35-1191510de1a1,34f9b44a-679c-4e61-af35-1191510de1a1,DAVIDV,DAVIDV,2/26/2019 12:00:00 AM,2019-02-26T00:00:00,539083.3785,539083.3785,4810219.3304,4810219.3304,False,True,True,False,False,False,2017-05-10T00:00:00,True,False,event_before_install,2011-01-24T00:00:00,1,False,1,False
Water_Main_Breaks_-8394745777553033727.csv,2235,10239,10239,324,324,7/20/2005 12:00:00 AM,2005-07-20T00:00:00,MAIN,MAIN,,,,,,,,,,,REPAIR COMPLETED,REPAIR COMPLETED,12/15/2011 3:38:26 PM,2011-12-15T15:38:26,,,,,UNKNOWN,UNKNOWN,OTHER,OTHER,,,,,,,,,,,,,CATEGORY 1,CATEGORY 1,11740,11740,21,21,DONLEY ST,DONLEY ST,134842,134842,,,,,150,150,2016,2016,PVC,PVC,N,N,6e46a12f-8654-4cb0-9d3c-325d249975e5,6e46a12f-8654-4cb0-9d3c-325d249975e5,DAVIDV,DAVIDV,2/26/2019 12:00:00 AM,2019-02-26T00:00:00,542013.9098,542013.9098,4808868.0518,4808868.0518,False,True,True,False,False,False,2016-10-05T00:00:00,True,False,event_before_install,2005-07-20T00:00:00,1,False,1,False
Water_Main_Breaks_-8394745777553033727.csv,2236,10240,10240,2234,2234,12/25/2016 12:00:00 AM,2016-12-25T00:00:00,MAIN,MAIN,,,,,,,,,,,REPAIR COMPLETED,REPAIR COMPLETED,1/20/2017 12:00:00 AM,2017-01-20T00:00:00,176001,176001,,,UNKNOWN,UNKNOWN,OTHER,OTHER,,,,,,,,,,,,,CATEGORY 1,CATEGORY 1,11754,11754,,,KEHL ST,KEHL ST,134920,134920,,,,,300,300,2017,2017,PVCO,PVCO,N,N,6b4ea6d3-68a7-44cd-90fb-f89054372eb9,6b4ea6d3-68a7-44cd-90fb-f89054372eb9,DAVIDV,DAVIDV,2/26/2019 12:00:00 AM,2019-02-26T00:00:00,541833.6937,541833.6937,4808564.8601,4808564.8601,False,True,True,False,False,False,2017-12-01T00:00:00,True,False,event_before_install,2016-12-25T00:00:00,1,False,1,False
Water_Main_Breaks_-8394745777553033727.csv,2342,10346,10346,1551,1551,12/19/2010 12:00:00 AM,2010-12-19T00:00:00,MAIN,MAIN,,,,,,,,,,,REPAIR COMPLETED,REPAIR COMPLETED,12/15/2011 3:38:27 PM,2011-12-15T15:38:27,38472,38472,,,FITTING/JOINT AND LONGITUDINAL,FITTING/JOINT AND LONGITUDINAL,AGE,AGE,,,,,,,,,,,,,CATEGORY 1,CATEGORY 1,11271,11271,283,283,KRUG ST,KRUG ST,134504,134504,,,,,300,300,2017,2017,PVC,PVC,N,N,9790c71b-a6ac-4f8a-9f20-f0f772ecf162,9790c71b-a6ac-4f8a-9f20-f0f772ecf162,DAVIDV,DAVIDV,11/27/2018 12:00:00 AM,2018-11-27T00:00:00,542905.4155,542905.4155,4811309.2354,4811309.2354,False,True,True,False,False,False,2017-11-27T00:00:00,True,False,event_before_install,2010-12-19T00:00:00,1,False,1,False
Water_Main_Breaks_-8394745777553033727.csv,2343,10347,10347,2078,2078,2/16/2015 12:00:00 AM,2015-02-16T00:00:00,MAIN,MAIN,,,,,,,,,,,REPAIR COMPLETED,REPAIR COMPLETED,4/15/2015 12:00:00 AM,2015-04-15T00:00:00,126572,126572,,,UNKNOWN,UNKNOWN,OTHER,OTHER,,,,,,,,,,,,,CATEGORY 1,CATEGORY 1,7030,7030,112,112,ST VINCENT ST,ST VINCENT ST,135094,135094,,,,,150,150,2018,2018,PVC,PVC,N,N,c8a1413b-494e-4c6e-9c69-d4769cf6235e,c8a1413b-494e-4c6e-9c69-d4769cf6235e,DAVIDV,DAVIDV,7/18/2019 12:00:00 AM,2019-07-18T00:00:00,541529.4159,541529.4159,4812579.2221,4812579.2221,False,True,True,False,False,False,2018-04-24T00:00:00,True,False,event_before_install,2015-02-16T00:00:00,1,False,1,False
Water_Main_Breaks_-8394745777553033727.csv,2344,10348,10348,250,250,8/3/2002 12:00:00 AM,2002-08-03T00:00:00,MAIN,MAIN,,,,,,,,,,,REPAIR COMPLETED,REPAIR COMPLETED,12/15/2011 3:38:26 PM,2011-12-15T15:38:26,,,,,UNKNOWN,UNKNOWN,OTHER,OTHER,,,,,,,,,,,,,CATEGORY 1,CATEGORY 1,8646,8646,44,44,METZLOFF DR,METZLOFF DR,135042,135042,,,,,150,150,2018,2018,PVC,PVC,N,N,da846678-a9d0-431e-b694-807b7754a56e,da846678-a9d0-431e-b694-807b7754a56e,DAVIDV,DAVIDV,7/18/2019 12:00:00 AM,2019-07-18T00:00:00,539817.3958,539817.3958,4809981.22,4809981.22,False,True,True,False,False,False,2018-08-15T00:00:00,True,False,event_before_install,2002-08-03T00:00:00,1,False,1,False
Water_Main_Breaks_-8394745777553033727.csv,2345,10349,10349,228,228,12/13/2005 12:00:00 AM,2005-12-13T00:00:00,MAIN,MAIN,,,,,,,,,,,REPAIR COMPLETED,REPAIR COMPLETED,12/15/2011 3:38:26 PM,2011-12-15T15:38:26,,,,,UNKNOWN,UNKNOWN,OTHER,OTHER,,,,,,,,,,,,,CATEGORY 1,CATEGORY 1,13243,13243,134,134,SHANTZ LANE,SHANTZ LANE,135600,135600,,,,,150,150,2018,2018,PVC,PVC,N,N,6733ff21-c37a-4582-9583-f7405b51d5c0,6733ff21-c37a-4582-9583-f7405b51d5c0,DAVIDV,DAVIDV,7/18/2019 12:00:00 AM,2019-07-18T00:00:00,544090.6688,544090.6688,4809814.3078,4809814.3078,False,True,True,False,False,False,2018-09-21T00:00:00,True,False,event_before_install,2005-12-13T00:00:00,1,False,1,False
Water_Main_Breaks_-8394745777553033727.csv,2346,10350,10350,1668,1668,1/1/1985 12:00:00 AM,1985-01-01T00:00:00,MAIN,MAIN,,,,,,,,,,,REPAIR COMPLETED,REPAIR COMPLETED,12/15/2011 3:38:26 PM,2011-12-15T15:38:26,,,,,UNKNOWN,UNKNOWN,OTHER,OTHER,,,,,,,,,,,,,CATEGORY 1,CATEGORY 1,9202,9202,2,2,VANCAMP AVE,VANCAMP AVE,135674,135674,,,,,150,150,2018,2018,PVC,PVC,N,N,1ab35d18-113c-47bb-b005-3fe58b92dee0,1ab35d18-113c-47bb-b005-3fe58b92dee0,DAVIDV,DAVIDV,7/18/2019 12:00:00 AM,2019-07-18T00:00:00,540400.6299,540400.6299,4809746.2272,4809746.2272,False,True,True,False,False,False,2018-05-15T00:00:00,True,False,event_before_install,1985-01-01T00:00:00,1,False,1,False
Water_Main_Breaks_-8394745777553033727.csv,2347,10351,10351,1152,1152,11/8/2007 12:00:00 AM,2007-11-08T00:00:00,MAIN,MAIN,,,,,,,,,,,REPAIR COMPLETED,REPAIR COMPLETED,12/15/2011 3:38:27 PM,2011-12-15T15:38:27,184947,184947,,,UNKNOWN,UNKNOWN,OTHER,OTHER,,,,,,,,,,,,,CATEGORY 1,CATEGORY 1,10382,10382,75,75,BOND ST,BOND ST,135636,135636,,,,,150,150,2018,2018,PVC,PVC,N,N,ad0d6c8c-23e3-431b-bb91-87994fc5605f,ad0d6c8c-23e3-431b-bb91-87994fc5605f,DAVIDV,DAVIDV,7/18/2019 12:00:00 AM,2019-07-18T00:00:00,541602.3281,541602.3281,4813189.2238,4813189.2238,False,True,True,False,False,False,2018-09-28T00:00:00,True,False,event_before_install,2007-11-08T00:00:00,1,False,1,False
Water_Main_Breaks_-8394745777553033727.csv,2349,10353,10353,204,204,1/30/2005 12:00:00 AM,2005-01-30T00:00:00,MAIN,MAIN,,,,,,,,,,,REPAIR COMPLETED,REPAIR COMPLETED,12/15/2011 3:38:26 PM,2011-12-15T15:38:26,,,,,UNKNOWN,UNKNOWN,OTHER,OTHER,,,,,,,,,,,,,CATEGORY 1,CATEGORY 1,8752,8752,26,26,EDGEWOOD DR,EDGEWOOD DR,135920,135920,,,,,150,150,2017,2017,PVCO,PVCO,N,N,08651a64-d668-4e85-aa30-cf167b766071,08651a64-d668-4e85-aa30-cf167b766071,DAVIDV,DAVIDV,7/18/2019 12:00:00 AM,2019-07-18T00:00:00,539537.7978,539537.7978,4809981.349,4809981.349,False,True,True,False,False,False,2017-07-21T00:00:00,True,False,event_before_install,2005-01-30T00:00:00,1,False,1,False
Water_Main_Breaks_-8394745777553033727.csv,2352,10356,10356,1760,1760,11/27/2012 12:00:00 AM,2012-11-27T00:00:00,MAIN,MAIN,,,,,,,,,,,REPAIR COMPLETED,REPAIR COMPLETED,3/7/2013 12:00:00 AM,2013-03-07T00:00:00,74378,74378,,,CIRCUMFERENTIAL,CIRCUMFERENTIAL,AGE,AGE,,,,,,,,,,,,,CATEGORY 1,CATEGORY 1,13243,13243,142,142,SHANTZ LANE,SHANTZ LANE,135600,135600,,,,,150,150,2018,2018,PVC,PVC,N,N,23c06f7d-5632-4265-83d7-8b1cdbf40a24,23c06f7d-5632-4265-83d7-8b1cdbf40a24,DAVIDV,DAVIDV,7/18/2019 12:00:00 AM,2019-07-18T00:00:00,544123.1236,544123.1236,4809825.6796,4809825.6796,False,True,True,False,False,False,2018-09-21T00:00:00,True,False,event_before_install,2012-11-27T00:00:00,1,False,1,False
Water_Main_Breaks_-8394745777553033727.csv,2353,10357,10357,1073,1073,1/28/2007 12:00:00 AM,2007-01-28T00:00:00,MAIN,MAIN,,,,,,,,,,,REPAIR COMPLETED,REPAIR COMPLETED,12/15/2011 3:38:27 PM,2011-12-15T15:38:27,169030,169030,,,FITTING/JOINT,FITTING/JOINT,OTHER,OTHER,,,,,,,,,,,,,CATEGORY 1,CATEGORY 1,8646,8646,44,44,METZLOFF DR,METZLOFF DR,135042,135042,,,,,150,150,2018,2018,PVC,PVC,N,N,674a3b09-80b2-48bb-b2af-6171f388c1cf,674a3b09-80b2-48bb-b2af-6171f388c1cf,DAVIDV,DAVIDV,7/18/2019 12:00:00 AM,2019-07-18T00:00:00,539820.7193,539820.7193,4809982.8255,4809982.8255,False,True,True,False,False,False,2018-08-15T00:00:00,True,False,event_before_install,2007-01-28T00:00:00,1,False,1,False
Water_Main_Breaks_-8394745777553033727.csv,2354,10358,10358,2235,2235,12/26/2016 12:00:00 AM,2016-12-26T00:00:00,MAIN,MAIN,,,,,,,,,,,REPAIR COMPLETED,REPAIR COMPLETED,1/20/2017 12:00:00 AM,2017-01-20T00:00:00,176004,176004,,,UNKNOWN,UNKNOWN,OTHER,OTHER,,,,,,,,,,,,,CATEGORY 1,CATEGORY 1,13243,13243,146,146,SHANTZ LANE,SHANTZ LANE,135600,135600,,,,,150,150,2018,2018,PVC,PVC,N,N,a7b12b67-819e-4d66-8d45-a3a96907e8f7,a7b12b67-819e-4d66-8d45-a3a96907e8f7,DAVIDV,DAVIDV,7/18/2019 12:00:00 AM,2019-07-18T00:00:00,544141.8886,544141.8886,4809832.6133,4809832.6133,False,True,True,False,False,False,2018-09-21T00:00:00,True,False,event_before_install,2016-12-26T00:00:00,1,False,1,False
Water_Main_Breaks_-8394745777553033727.csv,2361,10366,10366,1352,1352,1/26/2009 12:00:00 AM,2009-01-26T00:00:00,MAIN,MAIN,,,,,,,,,,,REPAIR COMPLETED,REPAIR COMPLETED,12/15/2011 3:38:28 PM,2011-12-15T15:38:28,3811,3811,,,UNKNOWN,UNKNOWN,OTHER,OTHER,,,,,,,,,,,,,CATEGORY 1,CATEGORY 1,11078,11078,41,41,DIEPPE AVE,DIEPPE AVE,135086,135086,,,,,150,150,2018,2018,PVC,PVC,N,N,f4fdfbcd-e16c-48e4-aaba-b3aef47bb83d,f4fdfbcd-e16c-48e4-aaba-b3aef47bb83d,DAVIDV,DAVIDV,7/18/2019 12:00:00 AM,2019-07-18T00:00:00,540912.2162,540912.2162,4812138.1479,4812138.1479,False,True,True,False,False,False,2018-06-01T00:00:00,True,False,event_before_install,2009-01-26T00:00:00,1,False,1,False
Water_Main_Breaks_-8394745777553033727.csv,2362,10367,10367,1332,1332,1/7/2009 12:00:00 AM,2009-01-07T00:00:00,MAIN,MAIN,,,,,,,,,,,REPAIR COMPLETED,REPAIR COMPLETED,12/15/2011 3:38:28 PM,2011-12-15T15:38:28,2648,2648,,,UNKNOWN,UNKNOWN,OTHER,OTHER,,,,,,,,,,,,,CATEGORY 1,CATEGORY 1,13253,13253,75,75,SHANTZ LANE,SHANTZ LANE,135596,135596,,,,,150,150,2018,2018,PVC,PVC,N,N,1b82a5e6-c7ff-44df-81ae-2babaa12ad18,1b82a5e6-c7ff-44df-81ae-2babaa12ad18,DAVIDV,DAVIDV,7/18/2019 12:00:00 AM,2019-07-18T00:00:00,544046.1715,544046.1715,4809621.2328,4809621.2328,False,True,True,False,False,False,2018-09-21T00:00:00,True,False,event_before_install,2009-01-07T00:00:00,1,False,1,False
Water_Main_Breaks_-8394745777553033727.csv,2363,10368,10368,1780,1780,12/25/2013 12:00:00 AM,2013-12-25T00:00:00,MAIN,MAIN,,,,,,,,,,,REPAIR COMPLETED,REPAIR COMPLETED,2/7/2014 12:00:00 AM,2014-02-07T00:00:00,93891,93891,,,CIRCUMFERENTIAL,CIRCUMFERENTIAL,UNKNOWN,UNKNOWN,,,,,,,,,,,,,CATEGORY 1,CATEGORY 1,8646,8646,22,22,METZLOFF DR,METZLOFF DR,135042,135042,,,,,150,150,2018,2018,PVC,PVC,N,N,994a9ac1-a586-4789-bde1-bd0e442fb01f,994a9ac1-a586-4789-bde1-bd0e442fb01f,DAVIDV,DAVIDV,7/18/2019 12:00:00 AM,2019-07-18T00:00:00,539871.4684,539871.4684,4810011.9148,4810011.9148,False,True,True,False,False,False,2018-08-15T00:00:00,True,False,event_before_install,2013-12-25T00:00:00,1,False,1,False
Water_Main_Breaks_-8394745777553033727.csv,2364,10369,10369,1791,1791,12/13/2013 12:00:00 AM,2013-12-13T00:00:00,MAIN,MAIN,,,,,,,,,,,REPAIR COMPLETED,REPAIR COMPLETED,2/7/2014 12:00:00 AM,2014-02-07T00:00:00,93091,93091,,,CIRCUMFERENTIAL,CIRCUMFERENTIAL,UNKNOWN,UNKNOWN,,,,,,,,,,,,,CATEGORY 1,CATEGORY 1,13243,13243,146,146,SHANTZ LANE,SHANTZ LANE,135600,135600,,,,,150,150,2018,2018,PVC,PVC,N,N,5192a617-a49e-4a78-a8f4-ce1ef781b730,5192a617-a49e-4a78-a8f4-ce1ef781b730,DAVIDV,DAVIDV,7/18/2019 12:00:00 AM,2019-07-18T00:00:00,544137.9828,544137.9828,4809830.9528,4809830.9528,False,True,True,False,False,False,2018-09-21T00:00:00,True,False,event_before_install,2013-12-13T00:00:00,1,False,1,False
Water_Main_Breaks_-8394745777553033727.csv,2365,10370,10370,527,527,12/11/2005 12:00:00 AM,2005-12-11T00:00:00,MAIN,MAIN,,,,,,,,,,,REPAIR COMPLETED,REPAIR COMPLETED,12/15/2011 3:38:27 PM,2011-12-15T15:38:27,,,,,UNKNOWN,UNKNOWN,OTHER,OTHER,,,,,,,,,,,,,CATEGORY 1,CATEGORY 1,10382,10382,45,45,BOND ST,BOND ST,135644,135644,,,,,150,150,2018,2018,PVC,PVC,N,N,7c26482a-6814-4f00-ac80-a01b03f0c9a4,7c26482a-6814-4f00-ac80-a01b03f0c9a4,DAVIDV,DAVIDV,7/18/2019 12:00:00 AM,2019-07-18T00:00:00,541603.9826,541603.9826,4813098.01,4813098.01,False,True,True,False,False,False,2018-09-28T00:00:00,True,False,event_before_install,2005-12-11T00:00:00,1,False,1,False
Water_Main_Breaks_-8394745777553033727.csv,2366,10371,10371,1331,1331,1/5/2009 12:00:00 AM,2009-01-05T00:00:00,MAIN,MAIN,,,,,,,,,,,REPAIR COMPLETED,REPAIR COMPLETED,12/15/2011 3:38:28 PM,2011-12-15T15:38:28,2648,2648,,,UNKNOWN,UNKNOWN,OTHER,OTHER,,,,,,,,,,,,,CATEGORY 1,CATEGORY 1,13253,13253,79,79,SHANTZ LANE,SHANTZ LANE,135596,135596,,,,,150,150,2018,2018,PVC,PVC,N,N,e3b3d4d8-0b1d-4537-b72f-4e718c121284,e3b3d4d8-0b1d-4537-b72f-4e718c121284,DAVIDV,DAVIDV,7/18/2019 12:00:00 AM,2019-07-18T00:00:00,544048.3617,544048.3617,4809633.8291,4809633.8291,False,True,True,False,False,False,2018-09-21T00:00:00,True,False,event_before_install,2009-01-05T00:00:00,1,False,1,False
Water_Main_Breaks_-8394745777553033727.csv,2367,10372,10372,1250,1250,12/1/2008 12:00:00 AM,2008-12-01T00:00:00,MAIN,MAIN,,,,,,,,,,,REPAIR COMPLETED,REPAIR COMPLETED,12/15/2011 3:38:27 PM,2011-12-15T15:38:27,1377,1377,,,UNKNOWN,UNKNOWN,OTHER,OTHER,,,,,,,,,,,,,CATEGORY 1,CATEGORY 1,13243,13243,133,133,SHANTZ LANE,SHANTZ LANE,135600,135600,,,,,150,150,2018,2018,PVC,PVC,N,N,1392ffa1-15ba-43b1-83f8-af670b6b44db,1392ffa1-15ba-43b1-83f8-af670b6b44db,DAVIDV,DAVIDV,7/18/2019 12:00:00 AM,2019-07-18T00:00:00,544077.8951,544077.8951,4809809.7903,4809809.7903,False,True,True,False,False,False,2018-09-21T00:00:00,True,False,event_before_install,2008-12-01T00:00:00,1,False,1,False
Water_Main_Breaks_-8394745777553033727.csv,2368,10373,10373,1980,1980,1/7/2014 12:00:00 AM,2014-01-07T00:00:00,MAIN,MAIN,,,,,,,,,,,REPAIR COMPLETED,REPAIR COMPLETED,8/8/2014 12:00:00 AM,2014-08-08T00:00:00,94414,94414,,,UNKNOWN,UNKNOWN,OTHER,OTHER,,,,,,,,,,,,,CATEGORY 1,CATEGORY 1,13243,13243,125,125,SHANTZ LANE,SHANTZ LANE,135600,135600,,,,,150,150,2018,2018,PVC,PVC,N,N,5807c57a-446c-4dda-b739-dc5bd54d7c96,5807c57a-446c-4dda-b739-dc5bd54d7c96,DAVIDV,DAVIDV,7/18/2019 12:00:00 AM,2019-07-18T00:00:00,544068.0033,544068.0033,4809773.7592,4809773.7592,False,True,True,False,False,False,2018-09-21T00:00:00,True,False,event_before_install,2014-01-07T00:00:00,1,False,1,False
Water_Main_Breaks_-8394745777553033727.csv,2369,10374,10374,1264,1264,12/1/2008 12:00:00 AM,2008-12-01T00:00:00,MAIN,MAIN,,,,,,,,,,,REPAIR COMPLETED,REPAIR COMPLETED,12/15/2011 3:38:27 PM,2011-12-15T15:38:27,2400,2400,,,UNKNOWN,UNKNOWN,OTHER,OTHER,,,,,,,,,,,,,CATEGORY 1,CATEGORY 1,13253,13253,75,75,SHANTZ LANE,SHANTZ LANE,135596,135596,,,,,150,150,2018,2018,PVC,PVC,N,N,c672337e-7402-474d-a761-f77589fbce4a,c672337e-7402-474d-a761-f77589fbce4a,DAVIDV,DAVIDV,7/18/2019 12:00:00 AM,2019-07-18T00:00:00,544044.0064,544044.0064,4809608.7813,4809608.7813,False,True,True,False,False,False,2018-09-21T00:00:00,True,False,event_before_install,2008-12-01T00:00:00,1,False,1,False
Water_Main_Breaks_-8394745777553033727.csv,2370,10375,10375,156,156,2/25/2003 12:00:00 AM,2003-02-25T00:00:00,MAIN,MAIN,,,,,,,,,,,REPAIR COMPLETED,REPAIR COMPLETED,12/15/2011 3:38:26 PM,2011-12-15T15:38:26,,,,,UNKNOWN,UNKNOWN,OTHER,OTHER,,,,,,,,,,,,,CATEGORY 1,CATEGORY 1,8635,8635,211,211,BELMONT AVE W,BELMONT AVE W,135880,135880,,,,,300,300,2017,2017,PVCO,PVCO,N,N,b698c665-8e72-4b29-ad09-30743c685615,b698c665-8e72-4b29-ad09-30743c685615,DAVIDV,DAVIDV,7/18/2019 12:00:00 AM,2019-07-18T00:00:00,539725.4477,539725.4477,4809888.1844,4809888.1844,False,True,True,False,False,False,2017-07-21T00:00:00,True,False,event_before_install,2003-02-25T00:00:00,1,False,1,False
Water_Main_Breaks_-8394745777553033727.csv,2371,10376,10376,1691,1691,12/15/2011 3:38:26 PM,2011-12-15T15:38:26,MAIN,MAIN,,,,,,,,,,,REPAIR COMPLETED,REPAIR COMPLETED,12/15/2011 3:38:26 PM,2011-12-15T15:38:26,,,,,UNKNOWN,UNKNOWN,OTHER,OTHER,,,,,,,,,,,,,CATEGORY 1,CATEGORY 1,8817,8817,,,HETT AVE,HETT AVE,135084,135084,,,,,150,150,2018,2018,PVC,PVC,N,N,cc827716-2edb-4d91-b699-825c16d6a711,cc827716-2edb-4d91-b699-825c16d6a711,DAVIDV,DAVIDV,7/18/2019 12:00:00 AM,2019-07-18T00:00:00,540758.0296,540758.0296,4811950.0868,4811950.0868,False,True,True,False,False,False,2018-08-01T00:00:00,True,False,event_before_install,2011-12-15T00:00:00,1,False,1,False
Water_Main_Breaks_-8394745777553033727.csv,2372,10377,10377,1899,1899,3/17/2014 12:00:00 AM,2014-03-17T00:00:00,MAIN,MAIN,,,,,,,,,,,REPAIR COMPLETED,REPAIR COMPLETED,8/8/2014 12:00:00 AM,2014-08-08T00:00:00,97764,97764,,,UNKNOWN,UNKNOWN,OTHER,OTHER,,,,,,,,,,,,,CATEGORY 1,CATEGORY 1,9231,9231,33,33,CRESCENT ST,CRESCENT ST,135058,135058,,,,,150,150,2016,2016,PVC,PVC,N,N,0d2685fa-c986-404d-87b7-361f2f736a50,0d2685fa-c986-404d-87b7-361f2f736a50,DAVIDV,DAVIDV,7/18/2019 12:00:00 AM,2019-07-18T00:00:00,542692.6655,542692.6655,4810219.3279,4810219.3279,False,True,True,False,False,False,2016-12-23T00:00:00,True,False,event_before_install,2014-03-17T00:00:00,1,False,1,False
Water_Main_Breaks_-8394745777553033727.csv,2373,10378,10378,1918,1918,2/23/2014 12:00:00 AM,2014-02-23T00:00:00,MAIN,MAIN,,,,,,,,,,,REPAIR COMPLETED,REPAIR COMPLETED,8/8/2014 12:00:00 AM,2014-08-08T00:00:00,96933,96933,,,UNKNOWN,UNKNOWN,OTHER,OTHER,,,,,,,,,,,,,CATEGORY 1,CATEGORY 1,8646,8646,34,34,METZLOFF DR,METZLOFF DR,135042,135042,,,,,150,150,2018,2018,PVC,PVC,N,N,86b117bf-b75f-4d0d-9f36-79ee64f66c36,86b117bf-b75f-4d0d-9f36-79ee64f66c36,DAVIDV,DAVIDV,7/18/2019 12:00:00 AM,2019-07-18T00:00:00,539837.512,539837.512,4809990.9388,4809990.9388,False,True,True,False,False,False,2018-08-15T00:00:00,True,False,event_before_install,2014-02-23T00:00:00,1,False,1,False
Water_Main_Breaks_-8394745777553033727.csv,2374,10379,10379,251,251,11/23/2002 12:00:00 AM,2002-11-23T00:00:00,MAIN,MAIN,,,,,,,,,,,REPAIR COMPLETED,REPAIR COMPLETED,12/15/2011 3:38:26 PM,2011-12-15T15:38:26,,,,,UNKNOWN,UNKNOWN,OTHER,OTHER,,,,,,,,,,,,,CATEGORY 1,CATEGORY 1,8646,8646,28,28,METZLOFF DR,METZLOFF DR,135042,135042,,,,,150,150,2018,2018,PVC,PVC,N,N,c48caa0f-be93-40ad-b104-aa76b8cdfc0f,c48caa0f-be93-40ad-b104-aa76b8cdfc0f,DAVIDV,DAVIDV,7/18/2019 12:00:00 AM,2019-07-18T00:00:00,539857.7086,539857.7086,4810000.6954,4810000.6954,False,True,True,False,False,False,2018-08-15T00:00:00,True,False,event_before_install,2002-11-23T00:00:00,1,False,1,False
Water_Main_Breaks_-8394745777553033727.csv,2375,10380,10380,2042,2042,3/14/2015 12:00:00 AM,2015-03-14T00:00:00,MAIN,MAIN,,,,,,,,,,,REPAIR COMPLETED,REPAIR COMPLETED,4/15/2015 12:00:00 AM,2015-04-15T00:00:00,128194,128194,,,UNKNOWN,UNKNOWN,OTHER,OTHER,,,,,,,,,,,,,CATEGORY 1,CATEGORY 1,11078,11078,15,15,DIEPPE AVE,DIEPPE AVE,135086,135086,,,,,150,150,2018,2018,PVC,PVC,N,N,eca3e68f-dbc8-45cd-aa72-7d865c4ddb22,eca3e68f-dbc8-45cd-aa72-7d865c4ddb22,DAVIDV,DAVIDV,7/18/2019 12:00:00 AM,2019-07-18T00:00:00,540938.1048,540938.1048,4812083.5568,4812083.5568,False,True,True,False,False,False,2018-06-01T00:00:00,True,False,event_before_install,2015-03-14T00:00:00,1,False,1,False
Water_Main_Breaks_-8394745777553033727.csv,2385,10390,10390,57,57,12/8/2003 12:00:00 AM,2003-12-08T00:00:00,MAIN,MAIN,,,,,,,,,,,REPAIR COMPLETED,REPAIR COMPLETED,12/15/2011 3:38:26 PM,2011-12-15T15:38:26,,,,,UNKNOWN,UNKNOWN,OTHER,OTHER,,,,,,,,,,,,,CATEGORY 1,CATEGORY 1,11181,11181,374,374,GUELPH ST,GUELPH ST,134942,134942,,,,,150,150,2018,2018,PVC,PVC,N,N,0133c0f7-39d8-4b3e-a83f-126b69e4a0db,0133c0f7-39d8-4b3e-a83f-126b69e4a0db,DAVIDV,DAVIDV,4/9/2019 12:00:00 AM,2019-04-09T00:00:00,540681.4664,540681.4664,4812245.9629,4812245.9629,False,True,True,False,False,False,2018-03-07T00:00:00,True,False,event_before_install,2003-12-08T00:00:00,1,False,1,False
Water_Main_Breaks_-8394745777553033727.csv,2395,10400,10400,1587,1587,1/25/2011 12:00:00 AM,2011-01-25T00:00:00,MAIN,MAIN,,,,,,,,,,,REPAIR COMPLETED,REPAIR COMPLETED,12/15/2011 3:38:26 PM,2011-12-15T15:38:26,39783,39783,,,CIRCUMFERENTIAL,CIRCUMFERENTIAL,COMBINATION,COMBINATION,,,,,,,,,,,,,CATEGORY 1,CATEGORY 1,11181,11181,368,368,GUELPH ST,GUELPH ST,134942,134942,,,,,150,150,2018,2018,PVC,PVC,N,N,ac0307db-0f86-4e6c-b7a1-c1fbb0410962,ac0307db-0f86-4e6c-b7a1-c1fbb0410962,DAVIDV,DAVIDV,4/9/2019 12:00:00 AM,2019-04-09T00:00:00,540669.0691,540669.0691,4812239.6464,4812239.6464,False,True,True,False,False,False,2018-03-07T00:00:00,True,False,event_before_install,2011-01-25T00:00:00,1,False,1,False
