source_file,source_row_number,raw__source_object_id,source_object_id,raw__event_id,event_id,raw__incident_date,incident_date,raw__asset_type,asset_type,raw__road_closure,road_closure,raw__sidewalk_closure,sidewalk_closure,raw__estimated_repair_hours,estimated_repair_hours,raw__estimated_units_impacted,estimated_units_impacted,raw__cw_service_request_number,cw_service_request_number,raw__break_status,break_status,raw__status_updated_date,status_updated_date,raw__cw_workorder_number,cw_workorder_number,raw__normal_service_date,normal_service_date,raw__break_nature,break_nature,raw__break_cause,break_cause,raw__repair_type,repair_type,raw__planned_maintenance_type,planned_maintenance_type,raw__valves_closed,valves_closed,raw__valves_opened,valves_opened,raw__hydrants_called_out,hydrants_called_out,raw__hydrants_called_back_in,hydrants_called_back_in,raw__break_category,break_category,raw__road_segment_id,road_segment_id,raw__closest_civic_number,closest_civic_number,raw__street,street,raw__related_asset_id,related_asset_id,raw__asset_depth_m,asset_depth_m,raw__frost_depth_m,frost_depth_m,raw__asset_size_reported,asset_size_reported,raw__reported_installation_year,reported_installation_year,raw__asset_material,asset_material,raw__asset_exists,asset_exists,raw__global_id,global_id,raw__update_by,update_by,raw__update_date,update_date,raw__x,x,raw__y,y,invalid_primary_key,eligible_event,matched_asset,ambiguous_asset,unmatched_asset,placeholder_related_asset_id,matched_installation_date,event_before_install,reliable_event,event_disposition,incident_day,same_pipe_day_event_count,same_pipe_day_multiple_events,eligible_same_pipe_day_event_count,eligible_same_pipe_day_multiple_events
Water_Main_Breaks_-8394745777553033727.csv,3,7874,7874,1311,1311,3/26/2001 12:00:00 AM,2001-03-26T00:00:00,SERVICE,SERVICE,,,,,,,,,,,REPAIR COMPLETED,REPAIR COMPLETED,12/15/2011 3:38:28 PM,2011-12-15T15:38:28,,,,,UNKNOWN,UNKNOWN,OTHER,OTHER,,,,,,,,,,,,,CATEGORY 1,CATEGORY 1,6116,6116,76,76,CLOVERDALE CRES,CLOVERDALE CRES,4101323,4101323,,,,,13,13,1965,1965,XXX,XXX,Y,Y,72445d62-16a8-43c1-9733-56b06015b077,72445d62-16a8-43c1-9733-56b06015b077,DAVIDV,DAVIDV,12/15/2011 3:38:28 PM,2011-12-15T15:38:28,539253.7576,539253.7576,4807874.5871,4807874.5871,False,False,False,False,True,False,,False,False,not_main,2001-03-26T00:00:00,1,False,0,False
Water_Main_Breaks_-8394745777553033727.csv,4,7875,7875,1325,1325,9/6/2006 12:00:00 AM,2006-09-06T00:00:00,SERVICE,SERVICE,,,,,,,,,,,REPAIR COMPLETED,REPAIR COMPLETED,12/15/2011 3:38:28 PM,2011-12-15T15:38:28,162230,162230,,,UNKNOWN,UNKNOWN,OTHER,OTHER,,,,,,,,,,,,,CATEGORY 1,CATEGORY 1,13207,13207,47,47,WREN CRES,WREN CRES,4099987,4099987,,,,,25,25,1967,1967,XXX,XXX,Y,Y,3bdc8931-31c0-4090-a07a-a6847781dd97,3bdc8931-31c0-4090-a07a-a6847781dd97,DAVIDV,DAVIDV,12/15/2011 3:38:28 PM,2011-12-15T15:38:28,545329.4589,545329.4589,4810392.1,4810392.1,False,False,False,False,True,False,,False,False,not_main,2006-09-06T00:00:00,1,False,0,False
Water_Main_Breaks_-8394745777553033727.csv,5,7876,7876,1328,1328,9/11/2006 12:00:00 AM,2006-09-11T00:00:00,SERVICE,SERVICE,,,,,,,,,,,REPAIR COMPLETED,REPAIR COMPLETED,12/15/2011 3:38:28 PM,2011-12-15T15:38:28,,,,,UNKNOWN,UNKNOWN,OTHER,OTHER,,,,,,,,,,,,,CATEGORY 1,CATEGORY 1,6498,6498,382,382,GREENBROOK DR,GREENBROOK DR,4642530,4642530,,,,,25,25,1964,1964,PVC,PVC,Y,Y,f75ad0b1-5b2a-4125-8ad5-2b9a037debd7,f75ad0b1-5b2a-4125-8ad5-2b9a037debd7,DAVIDV,DAVIDV,12/15/2011 3:38:28 PM,2011-12-15T15:38:28,539592.5208,539592.5208,4808291.4459,4808291.4459,False,False,False,False,True,False,,False,False,not_main,2006-09-11T00:00:00,1,False,0,False
Water_Main_Breaks_-8394745777553033727.csv,6,7877,7877,1308,1308,1/27/2000 12:00:00 AM,2000-01-27T00:00:00,SERVICE,SERVICE,,,,,,,,,,,REPAIR COMPLETED,REPAIR COMPLETED,12/15/2011 3:38:28 PM,2011-12-15T15:38:28,,,,,UNKNOWN,UNKNOWN,OTHER,OTHER,,,,,,,,,,,,,CATEGORY 1,CATEGORY 1,22846,22846,224,224,MONTGOMERY RD,MONTGOMERY RD,4100648,4100648,,,,,25,25,1967,1967,XXX,XXX,Y,Y,5a3c5d03-0899-4899-95e7-278bc5cbb682,5a3c5d03-0899-4899-95e7-278bc5cbb682,DAVIDV,DAVIDV,12/15/2011 3:38:28 PM,2011-12-15T15:38:28,543897.8495,543897.8495,4810175.3637,4810175.3637,False,False,False,False,True,False,,False,False,not_main,2000-01-27T00:00:00,1,False,0,False
Water_Main_Breaks_-8394745777553033727.csv,7,7878,7878,1312,1312,8/11/1998 12:00:00 AM,1998-08-11T00:00:00,SERVICE,SERVICE,,,,,,,,,,,REPAIR COMPLETED,REPAIR COMPLETED,12/15/2011 3:38:28 PM,2011-12-15T15:38:28,,,,,UNKNOWN,UNKNOWN,OTHER,OTHER,,,,,,,,,,,,,CATEGORY 1,CATEGORY 1,5421,5421,152,152,WESTHEIGHTS DR,WESTHEIGHTS DR,4104575,4104575,,,,,25,25,1974,1974,XXX,XXX,Y,Y,0c575f03-7d3f-44ea-b691-d33a969c4428,0c575f03-7d3f-44ea-b691-d33a969c4428,DAVIDV,DAVIDV,12/15/2011 3:38:28 PM,2011-12-15T15:38:28,538063.0983,538063.0983,4808117.2296,4808117.2296,False,False,False,False,True,False,,False,False,not_main,1998-08-11T00:00:00,1,False,0,False
Water_Main_Breaks_-8394745777553033727.csv,8,7879,7879,1321,1321,5/23/2006 12:00:00 AM,2006-05-23T00:00:00,SERVICE,SERVICE,,,,,,,,,,,REPAIR COMPLETED,REPAIR COMPLETED,12/15/2011 3:38:28 PM,2011-12-15T15:38:28,,,,,UNKNOWN,UNKNOWN,OTHER,OTHER,,,,,,,,,,,,,CATEGORY 1,CATEGORY 1,22124,22124,,,RIVER RD E,RIVER RD E,4138965,4138965,,,,,150,150,1976,1976,XXX,XXX,Y,Y,e82585b3-df56-4d38-8038-536ef084072b,e82585b3-df56-4d38-8038-536ef084072b,DAVIDV,DAVIDV,12/15/2011 3:38:28 PM,2011-12-15T15:38:28,547018.7513,547018.7513,4808295.7817,4808295.7817,False,False,False,False,True,False,,False,False,not_main,2006-05-23T00:00:00,1,False,0,False
Water_Main_Breaks_-8394745777553033727.csv,9,7880,7880,1326,1326,10/30/2006 12:00:00 AM,2006-10-30T00:00:00,SERVICE,SERVICE,,,,,,,,,,,REPAIR COMPLETED,REPAIR COMPLETED,12/15/2011 3:38:28 PM,2011-12-15T15:38:28,,,,,UNKNOWN,UNKNOWN,OTHER,OTHER,,,,,,,,,,,,,CATEGORY 1,CATEGORY 1,602405,602405,,,BLEAMS RD,BLEAMS RD,4659302,4659302,,,,,25,25,2012,2012,PVC,PVC,N,N,b8f9e9df-09e7-4013-9acc-0e43065d18df,b8f9e9df-09e7-4013-9acc-0e43065d18df,DAVIDV,DAVIDV,12/15/2011 3:38:28 PM,2011-12-15T15:38:28,538558,538558,4805205,4805205,False,False,False,False,True,False,,False,False,not_main,2006-10-30T00:00:00,1,False,0,False
Water_Main_Breaks_-8394745777553033727.csv,10,7881,7881,2047,2047,3/12/2015 12:00:00 AM,2015-03-12T00:00:00,SERVICE,SERVICE,,,,,,,,,,,REPAIR COMPLETED,REPAIR COMPLETED,4/15/2015 12:00:00 AM,2015-04-15T00:00:00,126895,126895,,,UNKNOWN,UNKNOWN,OTHER,OTHER,,,,,,,,,,,,,CATEGORY 1,CATEGORY 1,11399,11399,251,251,MILL ST,MILL ST,4101475,4101475,,,,,,,,,,,N,N,536f67ed-4ec6-470e-b0d2-7e916e639d6a,536f67ed-4ec6-470e-b0d2-7e916e639d6a,DAVIDV,DAVIDV,4/15/2015 12:00:00 AM,2015-04-15T00:00:00,541546.9539,541546.9539,4809431.1521,4809431.1521,False,False,False,False,True,False,,False,False,not_main,2015-03-12T00:00:00,1,False,0,False
Water_Main_Breaks_-8394745777553033727.csv,11,7882,7882,1324,1324,6/26/2006 12:00:00 AM,2006-06-26T00:00:00,SERVICE,SERVICE,,,,,,,,,,,REPAIR COMPLETED,REPAIR COMPLETED,12/15/2011 3:38:28 PM,2011-12-15T15:38:28,,,,,UNKNOWN,UNKNOWN,OTHER,OTHER,,,,,,,,,,,,,CATEGORY 1,CATEGORY 1,10973,10973,2969,2969,KINGSWAY DR,KINGSWAY DR,4095182,4095182,,,,,150,150,1975,1975,XXX,XXX,Y,Y,04df3fcf-e2a1-448a-93dc-0818ba726403,04df3fcf-e2a1-448a-93dc-0818ba726403,DAVIDV,DAVIDV,12/15/2011 3:38:28 PM,2011-12-15T15:38:28,545344.7332,545344.7332,4808248.5222,4808248.5222,False,False,False,False,True,False,,False,False,not_main,2006-06-26T00:00:00,1,False,0,False
Water_Main_Breaks_-8394745777553033727.csv,12,7883,7883,1718,1718,1/6/2012 12:00:00 AM,2012-01-06T00:00:00,SERVICE,SERVICE,,,,,,,,,,,REPAIR COMPLETED,REPAIR COMPLETED,3/7/2013 12:00:00 AM,2013-03-07T00:00:00,59252,59252,,,UNKNOWN,UNKNOWN,OTHER,OTHER,,,,,,,,,,,,,CATEGORY 1,CATEGORY 1,6743,6743,29,29,DUKE ST E,DUKE ST E,4087857,4087857,,,,,0,0,,,XXX,XXX,N,N,ba670836-f7c2-4f8a-88da-c0e9fef0748c,ba670836-f7c2-4f8a-88da-c0e9fef0748c,DAVIDV,DAVIDV,3/7/2013 12:00:00 AM,2013-03-07T00:00:00,541452.0388,541452.0388,4810981.0436,4810981.0436,False,False,False,False,True,False,,False,False,not_main,2012-01-06T00:00:00,1,False,0,False
Water_Main_Breaks_-8394745777553033727.csv,13,7884,7884,1310,1310,6/23/2005 12:00:00 AM,2005-06-23T00:00:00,SERVICE,SERVICE,,,,,,,,,,,REPAIR COMPLETED,REPAIR COMPLETED,12/15/2011 3:38:28 PM,2011-12-15T15:38:28,,,,,UNKNOWN,UNKNOWN,OTHER,OTHER,,,,,,,,,,,,,CATEGORY 1,CATEGORY 1,10703,10703,10,10,MANITOU DR,MANITOU DR,4096271,4096271,,,,,50,50,1976,1976,XXX,XXX,Y,Y,50e20f5e-72d2-4c0f-aa80-7d3c65322f28,50e20f5e-72d2-4c0f-aa80-7d3c65322f28,DAVIDV,DAVIDV,12/15/2011 3:38:28 PM,2011-12-15T15:38:28,544225.7338,544225.7338,4807510.8402,4807510.8402,False,False,False,False,True,False,,False,False,not_main,2005-06-23T00:00:00,1,False,0,False
Water_Main_Breaks_-8394745777553033727.csv,14,7885,7885,1309,1309,12/30/2000 12:00:00 AM,2000-12-30T00:00:00,SERVICE,SERVICE,,,,,,,,,,,REPAIR COMPLETED,REPAIR COMPLETED,12/15/2011 3:38:28 PM,2011-12-15T15:38:28,,,,,UNKNOWN,UNKNOWN,OTHER,OTHER,,,,,,,,,,,,,CATEGORY 1,CATEGORY 1,9926,9926,24,24,DONALD ST,DONALD ST,4096468,4096468,,,,,13,13,1976,1976,XXX,XXX,Y,Y,00a4e0cd-e893-4d28-b324-f40b69f66fa8,00a4e0cd-e893-4d28-b324-f40b69f66fa8,DAVIDV,DAVIDV,12/15/2011 3:38:28 PM,2011-12-15T15:38:28,543332.6691,543332.6691,4811095.1724,4811095.1724,False,False,False,False,True,False,,False,False,not_main,2000-12-30T00:00:00,1,False,0,False
Water_Main_Breaks_-8394745777553033727.csv,15,7886,7886,1407,1407,10/27/2009 12:00:00 AM,2009-10-27T00:00:00,SERVICE,SERVICE,,,,,,,,,,,REPAIR COMPLETED,REPAIR COMPLETED,12/15/2011 3:38:28 PM,2011-12-15T15:38:28,15782,15782,,,UNKNOWN,UNKNOWN,OTHER,OTHER,,,,,,,,,,,,,CATEGORY 1,CATEGORY 1,1249,1249,136,136,GLASGOW ST,GLASGOW ST,4736474,4736474,,,,,300,300,2017,2017,PVC,PVC,N,N,9b14718d-36b0-4db7-838b-8fbc71796e07,9b14718d-36b0-4db7-838b-8fbc71796e07,DAVIDV,DAVIDV,12/15/2011 3:38:28 PM,2011-12-15T15:38:28,539296,539296,4811193,4811193,False,False,False,False,True,False,,False,False,not_main,2009-10-27T00:00:00,1,False,0,False
Water_Main_Breaks_-8394745777553033727.csv,16,7887,7887,1319,1319,12/4/2006 12:00:00 AM,2006-12-04T00:00:00,SERVICE,SERVICE,,,,,,,,,,,REPAIR COMPLETED,REPAIR COMPLETED,12/15/2011 3:38:28 PM,2011-12-15T15:38:28,,,,,UNKNOWN,UNKNOWN,OTHER,OTHER,,,,,,,,,,,,,CATEGORY 1,CATEGORY 1,10476,10476,32,32,SCHUELLER ST,SCHUELLER ST,4127031,4127031,,,,,25,25,2003,2003,XXX,XXX,Y,Y,0eaeb433-06db-450d-b658-2517e59862a1,0eaeb433-06db-450d-b658-2517e59862a1,DAVIDV,DAVIDV,12/15/2011 3:38:28 PM,2011-12-15T15:38:28,543159.7299,543159.7299,4814098.5558,4814098.5558,False,False,False,False,True,False,,False,False,not_main,2006-12-04T00:00:00,1,False,0,False
Water_Main_Breaks_-8394745777553033727.csv,17,7888,7888,1323,1323,5/6/2006 12:00:00 AM,2006-05-06T00:00:00,SERVICE,SERVICE,,,,,,,,,,,REPAIR COMPLETED,REPAIR COMPLETED,12/15/2011 3:38:28 PM,2011-12-15T15:38:28,156348,156348,,,UNKNOWN,UNKNOWN,OTHER,OTHER,,,,,,,,,,,,,CATEGORY 1,CATEGORY 1,600416,600416,385,385,FAIRWAY RD S,FAIRWAY RD S,4096289,4096289,,,,,50,50,1990,1990,XXX,XXX,Y,Y,1c46be4f-756e-406d-a649-c1c0300fc166,1c46be4f-756e-406d-a649-c1c0300fc166,DAVIDV,DAVIDV,12/15/2011 3:38:28 PM,2011-12-15T15:38:28,545171.1073,545171.1073,4807724.9366,4807724.9366,False,False,False,False,True,False,,False,False,not_main,2006-05-06T00:00:00,1,False,0,False
Water_Main_Breaks_-8394745777553033727.csv,18,8002,8002,1313,1313,12/28/1999 12:00:00 AM,1999-12-28T00:00:00,SERVICE,SERVICE,,,,,,,,,,,REPAIR COMPLETED,REPAIR COMPLETED,12/15/2011 3:38:28 PM,2011-12-15T15:38:28,,,,,UNKNOWN,UNKNOWN,OTHER,OTHER,,,,,,,,,,,,,CATEGORY 1,CATEGORY 1,21422,21422,231,231,BIEHN DR,BIEHN DR,4125488,4125488,,,,,25,25,1987,1987,XXX,XXX,Y,Y,ffb4fc64-44ae-4488-aea5-13252ca20bd9,ffb4fc64-44ae-4488-aea5-13252ca20bd9,DAVIDV,DAVIDV,12/15/2011 3:38:28 PM,2011-12-15T15:38:28,544026.8096,544026.8096,4804268.5239,4804268.5239,False,False,False,False,True,False,,False,False,not_main,1999-12-28T00:00:00,1,False,0,False
Water_Main_Breaks_-8394745777553033727.csv,19,8003,8003,1314,1314,1/19/1999 12:00:00 AM,1999-01-19T00:00:00,SERVICE,SERVICE,,,,,,,,,,,REPAIR COMPLETED,REPAIR COMPLETED,12/15/2011 3:38:28 PM,2011-12-15T15:38:28,,,,,UNKNOWN,UNKNOWN,OTHER,OTHER,,,,,,,,,,,,,CATEGORY 1,CATEGORY 1,12575,12575,28,28,SCHWEITZER ST,SCHWEITZER ST,4742364,4742364,,,,,25,25,2018,2018,PE,PE,N,N,4f731e20-4052-4cd8-aa66-94a85542f15c,4f731e20-4052-4cd8-aa66-94a85542f15c,DAVIDV,DAVIDV,4/9/2019 12:00:00 AM,2019-04-09T00:00:00,542651.0669,542651.0669,4814235.0844,4814235.0844,False,False,False,False,True,False,,False,False,not_main,1999-01-19T00:00:00,1,False,0,False
Water_Main_Breaks_-8394745777553033727.csv,22,8006,8006,702,702,4/9/1997 12:00:00 AM,1997-04-09T00:00:00,MAIN,MAIN,,,,,,,,,,,REPAIR COMPLETED,REPAIR COMPLETED,12/15/2011 3:38:27 PM,2011-12-15T15:38:27,,,,,UNKNOWN,UNKNOWN,OTHER,OTHER,,,,,,,,,,,,,CATEGORY 1,CATEGORY 1,104704,104704,130,130,HAYWARD AVE,HAYWARD AVE,18210,18210,,,,,200,200,1967,1967,CI,CI,N,N,03202ae8-76a0-48ca-a456-077b922a7b68,03202ae8-76a0-48ca-a456-077b922a7b68,DAVIDV,DAVIDV,12/15/2011 3:38:27 PM,2011-12-15T15:38:27,543100.5658,543100.5658,4808264.9789,4808264.9789,False,True,False,False,True,False,,False,False,unmatched_asset,1997-04-09T00:00:00,1,False,1,False
Water_Main_Breaks_-8394745777553033727.csv,23,8007,8007,67,67,4/28/2003 12:00:00 AM,2003-04-28T00:00:00,MAIN,MAIN,,,,,,,,,,,REPAIR COMPLETED,REPAIR COMPLETED,12/15/2011 3:38:26 PM,2011-12-15T15:38:26,,,,,UNKNOWN,UNKNOWN,OTHER,OTHER,,,,,,,,,,,,,CATEGORY 1,CATEGORY 1,11413,11413,347,347,MILL ST,MILL ST,26730,26730,,,,,,,,,,,N,N,2b7d9979-3508-4727-b20d-54a50b6a4e9c,2b7d9979-3508-4727-b20d-54a50b6a4e9c,DAVIDV,DAVIDV,12/15/2011 3:38:26 PM,2011-12-15T15:38:26,541780.3472,541780.3472,4809275.6852,4809275.6852,False,True,False,False,True,False,,False,False,unmatched_asset,2003-04-28T00:00:00,1,False,1,False
Water_Main_Breaks_-8394745777553033727.csv,24,8008,8008,1230,1230,10/10/2008 12:00:00 AM,2008-10-10T00:00:00,MAIN,MAIN,,,,,,,,,,,REPAIR COMPLETED,REPAIR COMPLETED,12/15/2011 3:38:27 PM,2011-12-15T15:38:27,202140,202140,,,UNKNOWN,UNKNOWN,OTHER,OTHER,,,,,,,,,,,,,CATEGORY 1,CATEGORY 1,8898,8898,,,KING ST W,KING ST W,21430,21430,,,,,250,250,1889,1889,CI,CI,N,N,165cfcf3-4759-43e2-850f-524096f3d37c,165cfcf3-4759-43e2-850f-524096f3d37c,DAVIDV,DAVIDV,12/15/2011 3:38:27 PM,2011-12-15T15:38:27,540126,540126,4811431,4811431,False,True,False,False,True,False,,False,False,unmatched_asset,2008-10-10T00:00:00,1,False,1,False
Water_Main_Breaks_-8394745777553033727.csv,25,8009,8009,814,814,12/21/1998 12:00:00 AM,1998-12-21T00:00:00,MAIN,MAIN,,,,,,,,,,,REPAIR COMPLETED,REPAIR COMPLETED,12/15/2011 3:38:27 PM,2011-12-15T15:38:27,,,,,UNKNOWN,UNKNOWN,OTHER,OTHER,,,,,,,,,,,,,CATEGORY 1,CATEGORY 1,23238,23238,34,34,WAYNE DR,WAYNE DR,40740,40740,,,,,,,,,,,N,N,a240c17a-4d28-4392-97fe-206d5162f2a7,a240c17a-4d28-4392-97fe-206d5162f2a7,DAVIDV,DAVIDV,12/15/2011 3:38:27 PM,2011-12-15T15:38:27,545313.7565,545313.7565,4810577.3048,4810577.3048,False,True,False,False,True,False,,False,False,unmatched_asset,1998-12-21T00:00:00,1,False,1,False
Water_Main_Breaks_-8394745777553033727.csv,28,8012,8012,1113,1113,3/7/2007 12:00:00 AM,2007-03-07T00:00:00,MAIN,MAIN,,,,,,,,,,,REPAIR COMPLETED,REPAIR COMPLETED,12/15/2011 3:38:27 PM,2011-12-15T15:38:27,170562,170562,,,UNKNOWN,UNKNOWN,OTHER,OTHER,,,,,,,,,,,,,CATEGORY 1,CATEGORY 1,12095,12095,80,80,FLORENCE AVE,FLORENCE AVE,14690,14690,,,,,,,,,,,N,N,d9a5c6eb-e57a-4e2d-84b0-0962f6faa35e,d9a5c6eb-e57a-4e2d-84b0-0962f6faa35e,DAVIDV,DAVIDV,10/25/2021 9:28:32 AM,2021-10-25T09:28:32,545675.1875,545675.1875,4808882.1138,4808882.1138,False,True,False,False,True,False,,False,False,unmatched_asset,2007-03-07T00:00:00,1,False,1,False
Water_Main_Breaks_-8394745777553033727.csv,41,8025,8025,1366,1366,2/11/2009 12:00:00 AM,2009-02-11T00:00:00,MAIN,MAIN,,,,,,,,,,,REPAIR COMPLETED,REPAIR COMPLETED,12/15/2011 3:38:28 PM,2011-12-15T15:38:28,4620,4620,,,UNKNOWN,UNKNOWN,OTHER,OTHER,,,,,,,,,,,,,CATEGORY 1,CATEGORY 1,10954,10954,479,479,GREENFIELD AVE,GREENFIELD AVE,17400,17400,,,,,,,,,,,N,N,3efb365d-07f8-48df-808d-2a10fce168f4,3efb365d-07f8-48df-808d-2a10fce168f4,DAVIDV,DAVIDV,12/15/2011 3:38:28 PM,2011-12-15T15:38:28,544795.1579,544795.1579,4808266.2233,4808266.2233,False,True,False,False,True,False,,False,False,unmatched_asset,2009-02-11T00:00:00,1,False,1,False
Water_Main_Breaks_-8394745777553033727.csv,44,8028,8028,1384,1384,4/30/2009 12:00:00 AM,2009-04-30T00:00:00,MAIN,MAIN,,,,,,,,,,,REPAIR COMPLETED,REPAIR COMPLETED,12/15/2011 3:38:28 PM,2011-12-15T15:38:28,9288,9288,,,UNKNOWN,UNKNOWN,OTHER,OTHER,,,,,,,,,,,,,CATEGORY 1,CATEGORY 1,11743,11743,436,436,OTTAWA ST S,OTTAWA ST S,95460,95460,,,,,,,,,,,N,N,e9f999c9-9b13-4951-aee7-baea12cd9d9e,e9f999c9-9b13-4951-aee7-baea12cd9d9e,DAVIDV,DAVIDV,12/15/2011 3:38:28 PM,2011-12-15T15:38:28,542107.393,542107.393,4808842.8771,4808842.8771,False,True,False,False,True,False,,False,False,unmatched_asset,2009-04-30T00:00:00,1,False,1,False
Water_Main_Breaks_-8394745777553033727.csv,48,8032,8032,1835,1835,3/21/2013 12:00:00 AM,2013-03-21T00:00:00,MAIN,MAIN,,,,,,,,,,,REPAIR COMPLETED,REPAIR COMPLETED,2/7/2014 12:00:00 AM,2014-02-07T00:00:00,79063,79063,,,CIRCUMFERENTIAL,CIRCUMFERENTIAL,AGE,AGE,,,,,,,,,,,,,CATEGORY 1,CATEGORY 1,15895,15895,122,122,LOIS ST,LOIS ST,33410,33410,,,,,150,150,1958,1958,CI,CI,N,N,d2924d57-7add-45ea-9440-0b093cc98a9e,d2924d57-7add-45ea-9440-0b093cc98a9e,DAVIDV,DAVIDV,2/7/2014 12:00:00 AM,2014-02-07T00:00:00,543358.6137,543358.6137,4812063.4675,4812063.4675,False,True,False,False,True,False,,False,False,unmatched_asset,2013-03-21T00:00:00,1,False,1,False
Water_Main_Breaks_-8394745777553033727.csv,77,8061,8061,33,33,1/19/2001 12:00:00 AM,2001-01-19T00:00:00,MAIN,MAIN,,,,,,,,,,,REPAIR COMPLETED,REPAIR COMPLETED,12/15/2011 3:38:26 PM,2011-12-15T15:38:26,,,,,UNKNOWN,UNKNOWN,OTHER,OTHER,,,,,,,,,,,,,CATEGORY 1,CATEGORY 1,10138,10138,185,185,SHELDON AVE N,SHELDON AVE N,34670,34670,,,,,150,150,1946,1946,CI,CI,N,N,d4f4e29a-de8c-4f5b-9429-6df2ea387bd8,d4f4e29a-de8c-4f5b-9429-6df2ea387bd8,DAVIDV,DAVIDV,12/15/2011 3:38:26 PM,2011-12-15T15:38:26,543488.4291,543488.4291,4810209.008,4810209.008,False,True,False,False,True,False,,False,False,unmatched_asset,2001-01-19T00:00:00,1,False,1,False
Water_Main_Breaks_-8394745777553033727.csv,78,8062,8062,938,938,3/3/2005 12:00:00 AM,2005-03-03T00:00:00,MAIN,MAIN,,,,,,,,,,,REPAIR COMPLETED,REPAIR COMPLETED,12/15/2011 3:38:27 PM,2011-12-15T15:38:27,,,,,UNKNOWN,UNKNOWN,OTHER,OTHER,,,,,,,,,,,,,CATEGORY 1,CATEGORY 1,11696,11696,15,15,OTTAWA ST N,OTTAWA ST N,29200,29200,,,,,,,,,,,N,N,b84216eb-7865-4521-bcc7-4f0ea12cca74,b84216eb-7865-4521-bcc7-4f0ea12cca74,DAVIDV,DAVIDV,12/15/2011 3:38:27 PM,2011-12-15T15:38:27,542871.3095,542871.3095,4810115.4007,4810115.4007,False,True,False,False,True,False,,False,False,unmatched_asset,2005-03-03T00:00:00,1,False,1,False
Water_Main_Breaks_-8394745777553033727.csv,84,8068,8068,266,266,1/27/1999 12:00:00 AM,1999-01-27T00:00:00,MAIN,MAIN,,,,,,,,,,,REPAIR COMPLETED,REPAIR COMPLETED,12/15/2011 3:38:26 PM,2011-12-15T15:38:26,,,,,UNKNOWN,UNKNOWN,OTHER,OTHER,,,,,,,,,,,,,CATEGORY 1,CATEGORY 1,11743,11743,453,453,OTTAWA ST S,OTTAWA ST S,29660,29660,,,,,,,,,,,N,N,1c8c083c-e54d-44db-8b6c-91973db0604c,1c8c083c-e54d-44db-8b6c-91973db0604c,DAVIDV,DAVIDV,12/15/2011 3:38:26 PM,2011-12-15T15:38:26,542087.0305,542087.0305,4808816.5705,4808816.5705,False,True,False,False,True,False,,False,False,unmatched_asset,1999-01-27T00:00:00,1,False,1,False
Water_Main_Breaks_-8394745777553033727.csv,98,8082,8082,1317,1317,7/7/1999 12:00:00 AM,1999-07-07T00:00:00,MAIN,MAIN,,,,,,,,,,,REPAIR COMPLETED,REPAIR COMPLETED,12/15/2011 3:38:28 PM,2011-12-15T15:38:28,,,,,UNKNOWN,UNKNOWN,OTHER,OTHER,,,,,,,,,,,,,CATEGORY 1,CATEGORY 1,5880,5880,575,575,KING ST W,KING ST W,76569,76569,,,,,250,250,1889,1889,CI,CI,N,N,d0ced53f-00e8-4c8c-9f11-d4f5f55f04d8,d0ced53f-00e8-4c8c-9f11-d4f5f55f04d8,DAVIDV,DAVIDV,12/15/2011 3:38:28 PM,2011-12-15T15:38:28,540362,540362,4811291,4811291,False,True,False,False,True,False,,False,False,unmatched_asset,1999-07-07T00:00:00,2,True,2,True
Water_Main_Breaks_-8394745777553033727.csv,102,8086,8086,35,35,7/15/1999 12:00:00 AM,1999-07-15T00:00:00,MAIN,MAIN,,,,,,,,,,,REPAIR COMPLETED,REPAIR COMPLETED,12/15/2011 3:38:26 PM,2011-12-15T15:38:26,,,,,UNKNOWN,UNKNOWN,OTHER,OTHER,,,,,,,,,,,,,CATEGORY 1,CATEGORY 1,6770,6770,19,19,WEBER ST E,WEBER ST E,79238,79238,,,,,,,,,,,N,N,8e576c57-1a7a-4e2b-b071-4476cba7504d,8e576c57-1a7a-4e2b-b071-4476cba7504d,DAVIDV,DAVIDV,12/15/2011 3:38:26 PM,2011-12-15T15:38:26,541539.2181,541539.2181,4811086.7097,4811086.7097,False,True,False,False,True,False,,False,False,unmatched_asset,1999-07-15T00:00:00,1,False,1,False
Water_Main_Breaks_-8394745777553033727.csv,103,8087,8087,9,9,9/2/2001 12:00:00 AM,2001-09-02T00:00:00,MAIN,MAIN,,,,,,,,,,,REPAIR COMPLETED,REPAIR COMPLETED,12/15/2011 3:38:26 PM,2011-12-15T15:38:26,,,,,UNKNOWN,UNKNOWN,OTHER,OTHER,,,,,,,,,,,,,CATEGORY 1,CATEGORY 1,11061,11061,787,787,KING ST W,KING ST W,21390,21390,,,,,250,250,1889,1889,CI,CI,N,N,a65ae746-799f-4a72-812a-a70926296927,a65ae746-799f-4a72-812a-a70926296927,DAVIDV,DAVIDV,12/15/2011 3:38:26 PM,2011-12-15T15:38:26,539766.5075,539766.5075,4811583.3724,4811583.3724,False,True,False,False,True,False,,False,False,unmatched_asset,2001-09-02T00:00:00,1,False,1,False
Water_Main_Breaks_-8394745777553033727.csv,107,8091,8091,1402,1402,10/5/2009 12:00:00 AM,2009-10-05T00:00:00,MAIN,MAIN,,,,,,,,,,,REPAIR COMPLETED,REPAIR COMPLETED,12/15/2011 3:38:28 PM,2011-12-15T15:38:28,17684,17684,,,UNKNOWN,UNKNOWN,OTHER,OTHER,,,,,,,,,,,,,CATEGORY 1,CATEGORY 1,10129,10129,184,184,OTTAWA ST N,OTTAWA ST N,29230,29230,,,,,,,,,,,N,N,bbd83933-40ff-40fa-8596-c5eb56d0b3bf,bbd83933-40ff-40fa-8596-c5eb56d0b3bf,DAVIDV,DAVIDV,12/15/2011 3:38:28 PM,2011-12-15T15:38:28,543217.5625,543217.5625,4810329.652,4810329.652,False,True,False,False,True,False,,False,False,unmatched_asset,2009-10-05T00:00:00,1,False,1,False
Water_Main_Breaks_-8394745777553033727.csv,108,8092,8092,159,159,2/20/1998 12:00:00 AM,1998-02-20T00:00:00,MAIN,MAIN,,,,,,,,,,,REPAIR COMPLETED,REPAIR COMPLETED,12/15/2011 3:38:26 PM,2011-12-15T15:38:26,,,,,UNKNOWN,UNKNOWN,OTHER,OTHER,,,,,,,,,,,,,CATEGORY 1,CATEGORY 1,11697,11697,62,62,BRICK ST,BRICK ST,4430,4430,,,,,150,150,1952,1952,DI,DI,N,N,48db4290-ed9f-48e7-bdad-93fd0d29ae05,48db4290-ed9f-48e7-bdad-93fd0d29ae05,DAVIDV,DAVIDV,12/15/2011 3:38:26 PM,2011-12-15T15:38:26,543001.6128,543001.6128,4810100.4506,4810100.4506,False,True,False,False,True,False,,False,False,unmatched_asset,1998-02-20T00:00:00,1,False,1,False
Water_Main_Breaks_-8394745777553033727.csv,111,8095,8095,106,106,1/28/2000 12:00:00 AM,2000-01-28T00:00:00,MAIN,MAIN,,,,,,,,,,,REPAIR COMPLETED,REPAIR COMPLETED,12/15/2011 3:38:26 PM,2011-12-15T15:38:26,,,,,UNKNOWN,UNKNOWN,OTHER,OTHER,,,,,,,,,,,,,CATEGORY 1,CATEGORY 1,10185,10185,399,399,WEBER ST E,WEBER ST E,40960,40960,,,,,,,,,,,N,N,2f2a0d13-bc43-480c-a350-8fe278591ff5,2f2a0d13-bc43-480c-a350-8fe278591ff5,DAVIDV,DAVIDV,12/15/2011 3:38:26 PM,2011-12-15T15:38:26,543057.5128,543057.5128,4810310.0319,4810310.0319,False,True,False,False,True,False,,False,False,unmatched_asset,2000-01-28T00:00:00,1,False,1,False
Water_Main_Breaks_-8394745777553033727.csv,112,8096,8096,909,909,2/15/2002 12:00:00 AM,2002-02-15T00:00:00,MAIN,MAIN,,,,,,,,,,,REPAIR COMPLETED,REPAIR COMPLETED,12/15/2011 3:38:27 PM,2011-12-15T15:38:27,,,,,UNKNOWN,UNKNOWN,OTHER,OTHER,,,,,,,,,,,,,CATEGORY 1,CATEGORY 1,1311,1311,93,93,ROSSFORD CRES,ROSSFORD CRES,90648,90648,,,,,,,,,,,N,N,f81f5615-d2c7-4be9-a650-d9f3f17a0b00,f81f5615-d2c7-4be9-a650-d9f3f17a0b00,DAVIDV,DAVIDV,12/15/2011 3:38:27 PM,2011-12-15T15:38:27,538277.609,538277.609,4810198.977,4810198.977,False,True,False,False,True,False,,False,False,unmatched_asset,2002-02-15T00:00:00,1,False,1,False
Water_Main_Breaks_-8394745777553033727.csv,125,8109,8109,979,979,6/28/1997 12:00:00 AM,1997-06-28T00:00:00,MAIN,MAIN,,,,,,,,,,,REPAIR COMPLETED,REPAIR COMPLETED,12/15/2011 3:38:27 PM,2011-12-15T15:38:27,,,,,UNKNOWN,UNKNOWN,OTHER,OTHER,,,,,,,,,,,,,CATEGORY 1,CATEGORY 1,6813,6813,4,4,CHARLES ST E,CHARLES ST E,2500,2500,,,,,300,300,1970,1970,DI,DI,N,N,e3c422c8-5749-4d35-8ea4-6a9b5ef649ca,e3c422c8-5749-4d35-8ea4-6a9b5ef649ca,DAVIDV,DAVIDV,12/15/2011 3:38:27 PM,2011-12-15T15:38:27,541392.8795,541392.8795,4810742.2145,4810742.2145,False,True,False,False,True,False,,False,False,unmatched_asset,1997-06-28T00:00:00,1,False,1,False
Water_Main_Breaks_-8394745777553033727.csv,126,8110,8110,449,449,2/4/2004 12:00:00 AM,2004-02-04T00:00:00,MAIN,MAIN,,,,,,,,,,,REPAIR COMPLETED,REPAIR COMPLETED,12/15/2011 3:38:26 PM,2011-12-15T15:38:26,,,,,UNKNOWN,UNKNOWN,OTHER,OTHER,,,,,,,,,,,,,CATEGORY 1,CATEGORY 1,23059,23059,215,215,FERGUS AVE,FERGUS AVE,14280,14280,,,,,200,200,1959,1959,CI,CI,N,N,bbd14b32-61d1-4815-9094-388fcf13aa8f,bbd14b32-61d1-4815-9094-388fcf13aa8f,DAVIDV,DAVIDV,12/15/2011 3:38:26 PM,2011-12-15T15:38:26,545504.0318,545504.0318,4809415.4357,4809415.4357,False,True,False,False,True,False,,False,False,unmatched_asset,2004-02-04T00:00:00,1,False,1,False
Water_Main_Breaks_-8394745777553033727.csv,137,8121,8121,72,72,3/24/2003 12:00:00 AM,2003-03-24T00:00:00,MAIN,MAIN,,,,,,,,,,,REPAIR COMPLETED,REPAIR COMPLETED,12/15/2011 3:38:26 PM,2011-12-15T15:38:26,,,,,UNKNOWN,UNKNOWN,OTHER,OTHER,,,,,,,,,,,,,CATEGORY 1,CATEGORY 1,8795,8795,188,188,JOSEPH ST,JOSEPH ST,59980,59980,,,,,,,,,,,N,N,81183cc1-ae65-476c-8644-18479ce17246,81183cc1-ae65-476c-8644-18479ce17246,DAVIDV,DAVIDV,12/15/2011 3:38:26 PM,2011-12-15T15:38:26,540442.9822,540442.9822,4811034.8978,4811034.8978,False,True,False,False,True,False,,False,False,unmatched_asset,2003-03-24T00:00:00,1,False,1,False
Water_Main_Breaks_-8394745777553033727.csv,140,8124,8124,1869,1869,1/26/2013 12:00:00 AM,2013-01-26T00:00:00,MAIN,MAIN,,,,,,,,,,,REPAIR COMPLETED,REPAIR COMPLETED,2/7/2014 12:00:00 AM,2014-02-07T00:00:00,76857,76857,,,CIRCUMFERENTIAL,CIRCUMFERENTIAL,SOILS,SOILS,,,,,,,,,,,,,CATEGORY 1,CATEGORY 1,9233,9233,1065,1065,KING ST E,KING ST E,94198,94198,,,,,,,,,,,N,N,af9300a0-87b7-4523-a356-4f96b8d092c2,af9300a0-87b7-4523-a356-4f96b8d092c2,DAVIDV,DAVIDV,2/7/2014 12:00:00 AM,2014-02-07T00:00:00,542752.9341,542752.9341,4810027.0601,4810027.0601,False,True,False,False,True,False,,False,False,unmatched_asset,2013-01-26T00:00:00,1,False,1,False
Water_Main_Breaks_-8394745777553033727.csv,148,8132,8132,1877,1877,1/8/2013 12:00:00 AM,2013-01-08T00:00:00,MAIN,MAIN,,,,,,,,,,,REPAIR COMPLETED,REPAIR COMPLETED,2/7/2014 12:00:00 AM,2014-02-07T00:00:00,75970,75970,,,CIRCUMFERENTIAL,CIRCUMFERENTIAL,AGE,AGE,,,,,,,,,,,,,CATEGORY 1,CATEGORY 1,12094,12094,119,119,FLORENCE AVE,FLORENCE AVE,14700,14700,,,,,,,,,,,N,N,d8d20f8d-072b-4033-b474-4f44f5ccc586,d8d20f8d-072b-4033-b474-4f44f5ccc586,DAVIDV,DAVIDV,10/25/2021 9:33:19 AM,2021-10-25T09:33:19,545783.342,545783.342,4808969.2432,4808969.2432,False,True,False,False,True,False,,False,False,unmatched_asset,2013-01-08T00:00:00,1,False,1,False
Water_Main_Breaks_-8394745777553033727.csv,149,8133,8133,1878,1878,1/1/2013 12:00:00 AM,2013-01-01T00:00:00,MAIN,MAIN,,,,,,,,,,,REPAIR COMPLETED,REPAIR COMPLETED,2/7/2014 12:00:00 AM,2014-02-07T00:00:00,75696,75696,,,CIRCUMFERENTIAL,CIRCUMFERENTIAL,AGE,AGE,,,,,,,,,,,,,CATEGORY 1,CATEGORY 1,11523,11523,6,6,HOFFMAN ST,HOFFMAN ST,19660,19660,,,,,150,150,1956,1956,CI,CI,N,N,a1bf6fcb-9747-4cac-9926-ceffdd0d96e0,a1bf6fcb-9747-4cac-9926-ceffdd0d96e0,DAVIDV,DAVIDV,2/7/2014 12:00:00 AM,2014-02-07T00:00:00,542289.0496,542289.0496,4808871.9032,4808871.9032,False,True,False,False,True,False,,False,False,unmatched_asset,2013-01-01T00:00:00,1,False,1,False
Water_Main_Breaks_-8394745777553033727.csv,154,8138,8138,1884,1884,1/6/2013 12:00:00 AM,2013-01-06T00:00:00,MAIN,MAIN,,,,,,,,,,,REPAIR COMPLETED,REPAIR COMPLETED,2/7/2014 12:00:00 AM,2014-02-07T00:00:00,75873,75873,,,CIRCUMFERENTIAL,CIRCUMFERENTIAL,CORROSION,CORROSION,,,,,,,,,,,,,CATEGORY 1,CATEGORY 1,23240,23240,68,68,CONWAY DR,CONWAY DR,7950,7950,,,,,,,,,,,N,N,cabf1725-4aa0-4a41-925e-0fbb8969cc83,cabf1725-4aa0-4a41-925e-0fbb8969cc83,DAVIDV,DAVIDV,2/7/2014 12:00:00 AM,2014-02-07T00:00:00,545291.5458,545291.5458,4810757.0044,4810757.0044,False,True,False,False,True,False,,False,False,unmatched_asset,2013-01-06T00:00:00,1,False,1,False
Water_Main_Breaks_-8394745777553033727.csv,156,8140,8140,1405,1405,10/22/2009 12:00:00 AM,2009-10-22T00:00:00,MAIN,MAIN,,,,,,,,,,,REPAIR COMPLETED,REPAIR COMPLETED,12/15/2011 3:38:28 PM,2011-12-15T15:38:28,18551,18551,,,UNKNOWN,UNKNOWN,OTHER,OTHER,,,,,,,,,,,,,CATEGORY 1,CATEGORY 1,0,0,NA,NA,NA,NA,0,0,,,,,,,,,,,N,N,6b0439bb-b9db-4144-b228-43b612d85586,6b0439bb-b9db-4144-b228-43b612d85586,DAVIDV,DAVIDV,12/15/2011 3:38:28 PM,2011-12-15T15:38:28,534552.3803,534552.3803,4810209.6512,4810209.6512,False,True,False,False,True,True,,False,False,unmatched_asset,2009-10-22T00:00:00,1,False,1,False
Water_Main_Breaks_-8394745777553033727.csv,164,8148,8148,131,131,2/13/2006 12:00:00 AM,2006-02-13T00:00:00,MAIN,MAIN,,,,,,,,,,,REPAIR COMPLETED,REPAIR COMPLETED,12/15/2011 3:38:26 PM,2011-12-15T15:38:26,,,,,UNKNOWN,UNKNOWN,OTHER,OTHER,,,,,,,,,,,,,CATEGORY 1,CATEGORY 1,11496,11496,290,290,EAST AVE,EAST AVE,78574,78574,,,,,,,,,,,N,N,eac5d3c7-d709-48a6-858c-c4b509de389b,eac5d3c7-d709-48a6-858c-c4b509de389b,DAVIDV,DAVIDV,12/15/2011 3:38:26 PM,2011-12-15T15:38:26,542794.1021,542794.1021,4810939.9054,4810939.9054,False,True,False,False,True,False,,False,False,unmatched_asset,2006-02-13T00:00:00,1,False,1,False
Water_Main_Breaks_-8394745777553033727.csv,182,8167,8167,1565,1565,1/2/2011 12:00:00 AM,2011-01-02T00:00:00,MAIN,MAIN,,,,,,,,,,,REPAIR COMPLETED,REPAIR COMPLETED,12/15/2011 3:38:27 PM,2011-12-15T15:38:27,38859,38859,,,FITTING/JOINT,FITTING/JOINT,COMBINATION,COMBINATION,,,,,,,,,,,,,CATEGORY 1,CATEGORY 1,11496,11496,268,268,EAST AVE,EAST AVE,78574,78574,,,,,,,,,,,N,N,7adb983a-94db-461d-968e-4684aae53f50,7adb983a-94db-461d-968e-4684aae53f50,DAVIDV,DAVIDV,12/15/2011 3:38:27 PM,2011-12-15T15:38:27,542790.7312,542790.7312,4810947.0661,4810947.0661,False,True,False,False,True,False,,False,False,unmatched_asset,2011-01-02T00:00:00,1,False,1,False
Water_Main_Breaks_-8394745777553033727.csv,184,8169,8169,1617,1617,2/28/2011 12:00:00 AM,2011-02-28T00:00:00,MAIN,MAIN,,,,,,,,,,,REPAIR COMPLETED,REPAIR COMPLETED,12/15/2011 3:38:26 PM,2011-12-15T15:38:26,41105,41105,,,FITTING/JOINT,FITTING/JOINT,UNKNOWN,UNKNOWN,,,,,,,,,,,,,CATEGORY 1,CATEGORY 1,6450,6450,39,39,ST CLAIR AVE,ST CLAIR AVE,35730,35730,,,,,,,,,,,N,N,658f7280-d6ea-41a3-9ed7-f309d197636d,658f7280-d6ea-41a3-9ed7-f309d197636d,DAVIDV,DAVIDV,12/15/2011 3:38:26 PM,2011-12-15T15:38:26,540820.9615,540820.9615,4809485.164,4809485.164,False,True,False,False,True,False,,False,False,unmatched_asset,2011-02-28T00:00:00,1,False,1,False
Water_Main_Breaks_-8394745777553033727.csv,185,8170,8170,1714,1714,12/12/2011 12:00:00 AM,2011-12-12T00:00:00,MAIN,MAIN,,,,,,,,,,,REPAIR COMPLETED,REPAIR COMPLETED,12/15/2011 3:38:26 PM,2011-12-15T15:38:26,58007,58007,,,CIRCUMFERENTIAL,CIRCUMFERENTIAL,COMBINATION,COMBINATION,,,,,,,,,,,,,CATEGORY 1,CATEGORY 1,23238,23238,14,14,WAYNE DR,WAYNE DR,40740,40740,,,,,,,,,,,N,N,75f57287-f2e3-460a-8e27-a02e504b5355,75f57287-f2e3-460a-8e27-a02e504b5355,DAVIDV,DAVIDV,12/15/2011 3:38:26 PM,2011-12-15T15:38:26,545262.9232,545262.9232,4810640.3202,4810640.3202,False,True,False,False,True,False,,False,False,unmatched_asset,2011-12-12T00:00:00,1,False,1,False
Water_Main_Breaks_-8394745777553033727.csv,199,8184,8184,1452,1452,1/30/2010 12:00:00 AM,2010-01-30T00:00:00,MAIN,MAIN,,,,,,,,,,,REPAIR COMPLETED,REPAIR COMPLETED,12/15/2011 3:38:28 PM,2011-12-15T15:38:28,23044,23044,,,CORROSION,CORROSION,CORROSION,CORROSION,,,,,,,,,,,,,CATEGORY 1,CATEGORY 1,10100,10100,380,380,SHELLEY DR,SHELLEY DR,68677,68677,,,,,200,200,1953,1953,CI,CI,N,N,e14db712-4484-4b84-af16-0de8faada023,e14db712-4484-4b84-af16-0de8faada023,DAVIDV,DAVIDV,12/15/2011 3:38:28 PM,2011-12-15T15:38:28,543734.4095,543734.4095,4808090.3811,4808090.3811,False,True,False,False,True,False,,False,False,unmatched_asset,2010-01-30T00:00:00,1,False,1,False
Water_Main_Breaks_-8394745777553033727.csv,201,8186,8186,771,771,1/11/2006 12:00:00 AM,2006-01-11T00:00:00,MAIN,MAIN,,,,,,,,,,,REPAIR COMPLETED,REPAIR COMPLETED,12/15/2011 3:38:27 PM,2011-12-15T15:38:27,,,,,UNKNOWN,UNKNOWN,OTHER,OTHER,,,,,,,,,,,,,CATEGORY 1,CATEGORY 1,23267,23267,82,82,CONWAY DR,CONWAY DR,7960,7960,,,,,,,,,,,N,N,e2cd5137-c5ed-412d-8d01-de0fb5ac3e1e,e2cd5137-c5ed-412d-8d01-de0fb5ac3e1e,DAVIDV,DAVIDV,12/15/2011 3:38:27 PM,2011-12-15T15:38:27,545342.248,545342.248,4810797.8226,4810797.8226,False,True,False,False,True,False,,False,False,unmatched_asset,2006-01-11T00:00:00,1,False,1,False
Water_Main_Breaks_-8394745777553033727.csv,203,8188,8188,793,793,1/16/2002 12:00:00 AM,2002-01-16T00:00:00,MAIN,MAIN,,,,,,,,,,,REPAIR COMPLETED,REPAIR COMPLETED,12/15/2011 3:38:27 PM,2011-12-15T15:38:27,,,,,UNKNOWN,UNKNOWN,OTHER,OTHER,,,,,,,,,,,,,CATEGORY 1,CATEGORY 1,23240,23240,70,70,CONWAY DR,CONWAY DR,89516,89516,,,,,,,,,,,N,N,f23fc735-00d0-404b-a3dc-87b6a2abfabf,f23fc735-00d0-404b-a3dc-87b6a2abfabf,DAVIDV,DAVIDV,12/15/2011 3:38:27 PM,2011-12-15T15:38:27,545306.2634,545306.2634,4810768.8881,4810768.8881,False,True,False,False,True,False,,False,False,unmatched_asset,2002-01-16T00:00:00,1,False,1,False
Water_Main_Breaks_-8394745777553033727.csv,212,8197,8197,1373,1373,2/24/2009 12:00:00 AM,2009-02-24T00:00:00,MAIN,MAIN,,,,,,,,,,,REPAIR COMPLETED,REPAIR COMPLETED,12/15/2011 3:38:28 PM,2011-12-15T15:38:28,5334,5334,,,UNKNOWN,UNKNOWN,OTHER,OTHER,,,,,,,,,,,,,CATEGORY 1,CATEGORY 1,104704,104704,133,133,HAYWARD AVE,HAYWARD AVE,84006,84006,,,,,150,150,1967,1967,DI,DI,N,N,9abbe543-1a07-4db4-b5e6-1f8d467dc178,9abbe543-1a07-4db4-b5e6-1f8d467dc178,DAVIDV,DAVIDV,12/15/2011 3:38:28 PM,2011-12-15T15:38:28,543029.6486,543029.6486,4808230.4278,4808230.4278,False,True,False,False,True,False,,False,False,unmatched_asset,2009-02-24T00:00:00,1,False,1,False
Water_Main_Breaks_-8394745777553033727.csv,213,8198,8198,1011,1011,11/15/2004 12:00:00 AM,2004-11-15T00:00:00,MAIN,MAIN,,,,,,,,,,,REPAIR COMPLETED,REPAIR COMPLETED,12/15/2011 3:38:27 PM,2011-12-15T15:38:27,,,,,UNKNOWN,UNKNOWN,OTHER,OTHER,,,,,,,,,,,,,CATEGORY 1,CATEGORY 1,12634,12634,116,116,BRIDGE ST E,BRIDGE ST E,445,445,,,,,,,,,,,N,N,982721b3-68b5-4945-b4dd-c1b453917f6e,982721b3-68b5-4945-b4dd-c1b453917f6e,DAVIDV,DAVIDV,12/15/2011 3:38:27 PM,2011-12-15T15:38:27,542640.8008,542640.8008,4814083.0042,4814083.0042,False,True,False,False,True,False,,False,False,unmatched_asset,2004-11-15T00:00:00,1,False,1,False
Water_Main_Breaks_-8394745777553033727.csv,214,8199,8199,420,420,9/24/2004 12:00:00 AM,2004-09-24T00:00:00,MAIN,MAIN,,,,,,,,,,,REPAIR COMPLETED,REPAIR COMPLETED,12/15/2011 3:38:26 PM,2011-12-15T15:38:26,,,,,UNKNOWN,UNKNOWN,OTHER,OTHER,,,,,,,,,,,,,CATEGORY 1,CATEGORY 1,10951,10951,40,40,TRAYNOR AVE,TRAYNOR AVE,38190,38190,,,,,,,,,,,N,N,9ba8fcbd-2613-4745-85b6-b94c129f389f,9ba8fcbd-2613-4745-85b6-b94c129f389f,DAVIDV,DAVIDV,12/15/2011 3:38:26 PM,2011-12-15T15:38:26,544892.9341,544892.9341,4808380.398,4808380.398,False,True,False,False,True,False,,False,False,unmatched_asset,2004-09-24T00:00:00,1,False,1,False
Water_Main_Breaks_-8394745777553033727.csv,215,8200,8200,276,276,11/23/2000 12:00:00 AM,2000-11-23T00:00:00,MAIN,MAIN,,,,,,,,,,,REPAIR COMPLETED,REPAIR COMPLETED,12/15/2011 3:38:26 PM,2011-12-15T15:38:26,,,,,UNKNOWN,UNKNOWN,OTHER,OTHER,,,,,,,,,,,,,CATEGORY 1,CATEGORY 1,9901,9901,171,171,SHERWOOD AVE,SHERWOOD AVE,34840,34840,,,,,150,150,1954,1954,CI,CI,N,N,e684ce3b-194b-44f9-92ee-53f152dcf40b,e684ce3b-194b-44f9-92ee-53f152dcf40b,DAVIDV,DAVIDV,12/15/2011 3:38:26 PM,2011-12-15T15:38:26,543665.7934,543665.7934,4811669.3334,4811669.3334,False,True,False,False,True,False,,False,False,unmatched_asset,2000-11-23T00:00:00,1,False,1,False
Water_Main_Breaks_-8394745777553033727.csv,227,8212,8212,161,161,1/24/1999 12:00:00 AM,1999-01-24T00:00:00,MAIN,MAIN,,,,,,,,,,,REPAIR COMPLETED,REPAIR COMPLETED,12/15/2011 3:38:26 PM,2011-12-15T15:38:26,,,,,UNKNOWN,UNKNOWN,OTHER,OTHER,,,,,,,,,,,,,CATEGORY 1,CATEGORY 1,11697,11697,43,43,BRICK ST,BRICK ST,4430,4430,,,,,150,150,1952,1952,DI,DI,N,N,3050874d-db21-4a73-bf45-e1b504e949ec,3050874d-db21-4a73-bf45-e1b504e949ec,DAVIDV,DAVIDV,12/15/2011 3:38:26 PM,2011-12-15T15:38:26,542955.5245,542955.5245,4810069.1752,4810069.1752,False,True,False,False,True,False,,False,False,unmatched_asset,1999-01-24T00:00:00,1,False,1,False
Water_Main_Breaks_-8394745777553033727.csv,230,8215,8215,1206,1206,3/4/2008 12:00:00 AM,2008-03-04T00:00:00,MAIN,MAIN,,,,,,,,,,,REPAIR COMPLETED,REPAIR COMPLETED,12/15/2011 3:38:27 PM,2011-12-15T15:38:27,189822,189822,,,UNKNOWN,UNKNOWN,OTHER,OTHER,,,,,,,,,,,,,CATEGORY 1,CATEGORY 1,8732,8732,34,34,WESTWOOD CRES,WESTWOOD CRES,42890,42890,,,,,,,,,,,N,N,80d895af-f905-426d-8c88-3ced6cb860cf,80d895af-f905-426d-8c88-3ced6cb860cf,DAVIDV,DAVIDV,12/15/2011 3:38:27 PM,2011-12-15T15:38:27,538132.736,538132.736,4810496.7911,4810496.7911,False,True,False,False,True,False,,False,False,unmatched_asset,2008-03-04T00:00:00,1,False,1,False
Water_Main_Breaks_-8394745777553033727.csv,232,8217,8217,1356,1356,1/28/2009 12:00:00 AM,2009-01-28T00:00:00,MAIN,MAIN,,,,,,,,,,,REPAIR COMPLETED,REPAIR COMPLETED,12/15/2011 3:38:28 PM,2011-12-15T15:38:28,3958,3958,,,UNKNOWN,UNKNOWN,OTHER,OTHER,,,,,,,,,,,,,CATEGORY 1,CATEGORY 1,15837,15837,120,120,ISLINGTON AVE,ISLINGTON AVE,20470,20470,,,,,150,150,1955,1955,CI,CI,N,N,22b15c2d-f902-48c2-a0c8-9db2a9b58ef0,22b15c2d-f902-48c2-a0c8-9db2a9b58ef0,DAVIDV,DAVIDV,12/15/2011 3:38:28 PM,2011-12-15T15:38:28,543544.9381,543544.9381,4811828.0613,4811828.0613,False,True,False,False,True,False,,False,False,unmatched_asset,2009-01-28T00:00:00,1,False,1,False
Water_Main_Breaks_-8394745777553033727.csv,234,8219,8219,447,447,11/26/1998 12:00:00 AM,1998-11-26T00:00:00,MAIN,MAIN,,,,,,,,,,,REPAIR COMPLETED,REPAIR COMPLETED,12/15/2011 3:38:26 PM,2011-12-15T15:38:26,,,,,UNKNOWN,UNKNOWN,OTHER,OTHER,,,,,,,,,,,,,CATEGORY 1,CATEGORY 1,13137,13137,163,163,FERGUS AVE,FERGUS AVE,14270,14270,,,,,,,,,,,N,N,d6e17397-85cd-4e3d-9a67-2a43c017b335,d6e17397-85cd-4e3d-9a67-2a43c017b335,DAVIDV,DAVIDV,12/15/2011 3:38:26 PM,2011-12-15T15:38:26,545414.9832,545414.9832,4809347.6157,4809347.6157,False,True,False,False,True,False,,False,False,unmatched_asset,1998-11-26T00:00:00,1,False,1,False
Water_Main_Breaks_-8394745777553033727.csv,237,8222,8222,528,528,3/8/1999 12:00:00 AM,1999-03-08T00:00:00,MAIN,MAIN,,,,,,,,,,,REPAIR COMPLETED,REPAIR COMPLETED,12/15/2011 3:38:27 PM,2011-12-15T15:38:27,,,,,UNKNOWN,UNKNOWN,OTHER,OTHER,,,,,,,,,,,,,CATEGORY 1,CATEGORY 1,6444,6444,34,34,CORAL CRES,CORAL CRES,8000,8000,,,,,,,,,,,N,N,a5f44990-b6b2-457d-8d6b-c44e450ca8b9,a5f44990-b6b2-457d-8d6b-c44e450ca8b9,DAVIDV,DAVIDV,12/15/2011 3:38:27 PM,2011-12-15T15:38:27,540669.8602,540669.8602,4809222.8119,4809222.8119,False,True,False,False,True,False,,False,False,unmatched_asset,1999-03-08T00:00:00,1,False,1,False
Water_Main_Breaks_-8394745777553033727.csv,239,8224,8224,554,554,3/13/2001 12:00:00 AM,2001-03-13T00:00:00,MAIN,MAIN,,,,,,,,,,,REPAIR COMPLETED,REPAIR COMPLETED,12/15/2011 3:38:27 PM,2011-12-15T15:38:27,,,,,UNKNOWN,UNKNOWN,OTHER,OTHER,,,,,,,,,,,,,CATEGORY 1,CATEGORY 1,23041,23041,255,255,THALER AVE,THALER AVE,37620,37620,,,,,,,,,,,N,N,09cb659f-a2f6-4323-84fe-0c9d47331145,09cb659f-a2f6-4323-84fe-0c9d47331145,DAVIDV,DAVIDV,12/15/2011 3:38:27 PM,2011-12-15T15:38:27,546236.1311,546236.1311,4808970.4349,4808970.4349,False,True,False,False,True,False,,False,False,unmatched_asset,2001-03-13T00:00:00,1,False,1,False
Water_Main_Breaks_-8394745777553033727.csv,244,8229,8229,1694,1694,1/1/2006 12:00:00 AM,2006-01-01T00:00:00,MAIN,MAIN,,,,,,,,,,,REPAIR COMPLETED,REPAIR COMPLETED,12/15/2011 3:38:26 PM,2011-12-15T15:38:26,,,,,UNKNOWN,UNKNOWN,OTHER,OTHER,,,,,,,,,,,,,CATEGORY 1,CATEGORY 1,22319,22319,50,50,FLORENCE AVE,FLORENCE AVE,14680,14680,,,,,,,,,,,N,N,024496de-e45d-48ef-8372-a3621efee450,024496de-e45d-48ef-8372-a3621efee450,DAVIDV,DAVIDV,10/25/2021 9:32:34 AM,2021-10-25T09:32:34,545620.7146,545620.7146,4808838.4908,4808838.4908,False,True,False,False,True,False,,False,False,unmatched_asset,2006-01-01T00:00:00,1,False,1,False
Water_Main_Breaks_-8394745777553033727.csv,247,8232,8232,190,190,2/29/2004 12:00:00 AM,2004-02-29T00:00:00,MAIN,MAIN,,,,,,,,,,,REPAIR COMPLETED,REPAIR COMPLETED,12/15/2011 3:38:26 PM,2011-12-15T15:38:26,,,,,UNKNOWN,UNKNOWN,OTHER,OTHER,,,,,,,,,,,,,CATEGORY 1,CATEGORY 1,11278,11278,226,226,CHAPEL ST,CHAPEL ST,6500,6500,,,,,,,,,,,N,N,61d86d66-3952-4bfd-a269-6d41adf4670f,61d86d66-3952-4bfd-a269-6d41adf4670f,DAVIDV,DAVIDV,12/15/2011 3:38:26 PM,2011-12-15T15:38:26,542681.5174,542681.5174,4811506.4734,4811506.4734,False,True,False,False,True,False,,False,False,unmatched_asset,2004-02-29T00:00:00,1,False,1,False
Water_Main_Breaks_-8394745777553033727.csv,257,8242,8242,1079,1079,2/3/2007 12:00:00 AM,2007-02-03T00:00:00,MAIN,MAIN,,,,,,,,,,,REPAIR COMPLETED,REPAIR COMPLETED,12/15/2011 3:38:27 PM,2011-12-15T15:38:27,169267,169267,,,UNKNOWN,UNKNOWN,OTHER,OTHER,,,,,,,,,,,,,CATEGORY 1,CATEGORY 1,10427,10427,70,70,BOEHMER ST,BOEHMER ST,3680,3680,,,,,,,,,,,N,N,6d74d6c8-83ef-417f-8a00-583f47d1eacc,6d74d6c8-83ef-417f-8a00-583f47d1eacc,DAVIDV,DAVIDV,12/15/2011 3:38:27 PM,2011-12-15T15:38:27,541285.0302,541285.0302,4812926.0079,4812926.0079,False,True,False,False,True,False,,False,False,unmatched_asset,2007-02-03T00:00:00,1,False,1,False
Water_Main_Breaks_-8394745777553033727.csv,258,8243,8243,448,448,12/14/2002 12:00:00 AM,2002-12-14T00:00:00,MAIN,MAIN,,,,,,,,,,,REPAIR COMPLETED,REPAIR COMPLETED,12/15/2011 3:38:26 PM,2011-12-15T15:38:26,,,,,UNKNOWN,UNKNOWN,OTHER,OTHER,,,,,,,,,,,,,CATEGORY 1,CATEGORY 1,23059,23059,221,221,FERGUS AVE,FERGUS AVE,14280,14280,,,,,200,200,1959,1959,CI,CI,N,N,5962f3ed-617e-41b8-8600-f78f51d0cc00,5962f3ed-617e-41b8-8600-f78f51d0cc00,DAVIDV,DAVIDV,12/15/2011 3:38:26 PM,2011-12-15T15:38:26,545522.1271,545522.1271,4809429.9705,4809429.9705,False,True,False,False,True,False,,False,False,unmatched_asset,2002-12-14T00:00:00,1,False,1,False
Water_Main_Breaks_-8394745777553033727.csv,259,8244,8244,1207,1207,3/5/2008 12:00:00 AM,2008-03-05T00:00:00,MAIN,MAIN,,,,,,,,,,,REPAIR COMPLETED,REPAIR COMPLETED,12/15/2011 3:38:27 PM,2011-12-15T15:38:27,189865,189865,,,UNKNOWN,UNKNOWN,OTHER,OTHER,,,,,,,,,,,,,CATEGORY 1,CATEGORY 1,8685,8685,37,37,TALBOT ST,TALBOT ST,37500,37500,,,,,150,150,1921,1921,CI,CI,N,N,81339cc7-075d-4335-adaa-8a8272940ff6,81339cc7-075d-4335-adaa-8a8272940ff6,DAVIDV,DAVIDV,12/15/2011 3:38:27 PM,2011-12-15T15:38:27,539581.4657,539581.4657,4810285.4401,4810285.4401,False,True,False,False,True,False,,False,False,unmatched_asset,2008-03-05T00:00:00,1,False,1,False
Water_Main_Breaks_-8394745777553033727.csv,260,8245,8245,160,160,1/22/1999 12:00:00 AM,1999-01-22T00:00:00,MAIN,MAIN,,,,,,,,,,,REPAIR COMPLETED,REPAIR COMPLETED,12/15/2011 3:38:26 PM,2011-12-15T15:38:26,,,,,UNKNOWN,UNKNOWN,OTHER,OTHER,,,,,,,,,,,,,CATEGORY 1,CATEGORY 1,11697,11697,47,47,BRICK ST,BRICK ST,4430,4430,,,,,150,150,1952,1952,DI,DI,N,N,9d635e89-8c6d-455a-997b-dc28bdbb6816,9d635e89-8c6d-455a-997b-dc28bdbb6816,DAVIDV,DAVIDV,12/15/2011 3:38:26 PM,2011-12-15T15:38:26,542965.5474,542965.5474,4810075.9764,4810075.9764,False,True,False,False,True,False,,False,False,unmatched_asset,1999-01-22T00:00:00,1,False,1,False
Water_Main_Breaks_-8394745777553033727.csv,263,8248,8248,1540,1540,11/9/2010 12:00:00 AM,2010-11-09T00:00:00,MAIN,MAIN,,,,,,,,,,,REPAIR COMPLETED,REPAIR COMPLETED,12/15/2011 3:38:27 PM,2011-12-15T15:38:27,36623,36623,,,FITTING/JOINT,FITTING/JOINT,AGE,AGE,,,,,,,,,,,,,CATEGORY 1,CATEGORY 1,6759,6759,40,40,WEBER ST E,WEBER ST E,40820,40820,,,,,,,,,,,N,N,2d17eae0-78e2-4e45-9871-725d0ccb044c,2d17eae0-78e2-4e45-9871-725d0ccb044c,DAVIDV,DAVIDV,12/15/2011 3:38:27 PM,2011-12-15T15:38:27,541659.451,541659.451,4811011.2252,4811011.2252,False,True,False,False,True,False,,False,False,unmatched_asset,2010-11-09T00:00:00,1,False,1,False
Water_Main_Breaks_-8394745777553033727.csv,268,8253,8253,1479,1479,5/5/2010 12:00:00 AM,2010-05-05T00:00:00,MAIN,MAIN,,,,,,,,,,,REPAIR COMPLETED,REPAIR COMPLETED,12/15/2011 3:38:28 PM,2011-12-15T15:38:28,27193,27193,,,CORROSION,CORROSION,CORROSION,CORROSION,,,,,,,,,,,,,CATEGORY 1,CATEGORY 1,9226,9226,542,542,CHARLES ST E,CHARLES ST E,6710,6710,,,,,100,100,1922,1922,CI,CI,N,N,05074396-58d9-4b95-a802-92b44627d138,05074396-58d9-4b95-a802-92b44627d138,DAVIDV,DAVIDV,12/15/2011 3:38:28 PM,2011-12-15T15:38:28,542619.1852,542619.1852,4809994.792,4809994.792,False,True,False,False,True,False,,False,False,unmatched_asset,2010-05-05T00:00:00,1,False,1,False
Water_Main_Breaks_-8394745777553033727.csv,284,8269,8269,1794,1794,12/10/2013 12:00:00 AM,2013-12-10T00:00:00,MAIN,MAIN,,,,,,,,,,,REPAIR COMPLETED,REPAIR COMPLETED,2/7/2014 12:00:00 AM,2014-02-07T00:00:00,92708,92708,,,CORROSION,CORROSION,AGE,AGE,,,,,,,,,,,,,CATEGORY 1,CATEGORY 1,20920,20920,182,182,MAUSSER AVE,MAUSSER AVE,25730,25730,,,,,,,,,,,N,N,7c8e9bed-7dae-4483-a286-6a26abd0fdee,7c8e9bed-7dae-4483-a286-6a26abd0fdee,DAVIDV,DAVIDV,2/7/2014 12:00:00 AM,2014-02-07T00:00:00,540960.691,540960.691,4809163.9261,4809163.9261,False,True,False,False,True,False,,False,False,unmatched_asset,2013-12-10T00:00:00,1,False,1,False
Water_Main_Breaks_-8394745777553033727.csv,288,8273,8273,1798,1798,12/3/2013 12:00:00 AM,2013-12-03T00:00:00,MAIN,MAIN,,,,,,,,,,,REPAIR COMPLETED,REPAIR COMPLETED,2/7/2014 12:00:00 AM,2014-02-07T00:00:00,92438,92438,,,CORROSION AND CIRCUMFERENTIAL,CORROSION AND CIRCUMFERENTIAL,UNKNOWN,UNKNOWN,,,,,,,,,,,,,CATEGORY 1,CATEGORY 1,12095,12095,80,80,FLORENCE AVE,FLORENCE AVE,14690,14690,,,,,,,,,,,N,N,7811391e-e607-4ee4-bb0b-cc7ce3f737d4,7811391e-e607-4ee4-bb0b-cc7ce3f737d4,DAVIDV,DAVIDV,10/25/2021 9:32:56 AM,2021-10-25T09:32:56,545679.5542,545679.5542,4808885.6315,4808885.6315,False,True,False,False,True,False,,False,False,unmatched_asset,2013-12-03T00:00:00,1,False,1,False
Water_Main_Breaks_-8394745777553033727.csv,297,8282,8282,738,738,1/9/1998 12:00:00 AM,1998-01-09T00:00:00,MAIN,MAIN,,,,,,,,,,,REPAIR COMPLETED,REPAIR COMPLETED,12/15/2011 3:38:27 PM,2011-12-15T15:38:27,,,,,UNKNOWN,UNKNOWN,OTHER,OTHER,,,,,,,,,,,,,CATEGORY 1,CATEGORY 1,11614,11614,10,10,HUGO CRES,HUGO CRES,20030,20030,,,,,150,150,1963,1963,CI,CI,N,N,3e782819-f1d2-45c7-bb0d-aa4cf4e0c560,3e782819-f1d2-45c7-bb0d-aa4cf4e0c560,DAVIDV,DAVIDV,12/15/2011 3:38:27 PM,2011-12-15T15:38:27,541226.1478,541226.1478,4808900.4111,4808900.4111,False,True,False,False,True,False,,False,False,unmatched_asset,1998-01-09T00:00:00,1,False,1,False
Water_Main_Breaks_-8394745777553033727.csv,303,8288,8288,10,10,1/14/1997 12:00:00 AM,1997-01-14T00:00:00,MAIN,MAIN,,,,,,,,,,,REPAIR COMPLETED,REPAIR COMPLETED,12/15/2011 3:38:26 PM,2011-12-15T15:38:26,,,,,UNKNOWN,UNKNOWN,OTHER,OTHER,,,,,,,,,,,,,CATEGORY 1,CATEGORY 1,8898,8898,,,KING ST W,KING ST W,21430,21430,,,,,250,250,1889,1889,CI,CI,N,N,c6c54c34-01cf-48ac-9347-3bbf32e305ef,c6c54c34-01cf-48ac-9347-3bbf32e305ef,DAVIDV,DAVIDV,12/15/2011 3:38:26 PM,2011-12-15T15:38:26,540126.1841,540126.1841,4811427.5472,4811427.5472,False,True,False,False,True,False,,False,False,unmatched_asset,1997-01-14T00:00:00,1,False,1,False
Water_Main_Breaks_-8394745777553033727.csv,311,8296,8296,98,98,1/23/1999 12:00:00 AM,1999-01-23T00:00:00,MAIN,MAIN,,,,,,,,,,,REPAIR COMPLETED,REPAIR COMPLETED,12/15/2011 3:38:26 PM,2011-12-15T15:38:26,,,,,UNKNOWN,UNKNOWN,OTHER,OTHER,,,,,,,,,,,,,CATEGORY 1,CATEGORY 1,22848,22848,251,251,SHELDON AVE N,SHELDON AVE N,34680,34680,,,,,150,150,1946,1946,CI,CI,N,N,45f6fbf4-e4e0-46ef-9abf-87379a22b4be,45f6fbf4-e4e0-46ef-9abf-87379a22b4be,DAVIDV,DAVIDV,12/15/2011 3:38:26 PM,2011-12-15T15:38:26,543663.8199,543663.8199,4810262.7688,4810262.7688,False,True,False,False,True,False,,False,False,unmatched_asset,1999-01-23T00:00:00,1,False,1,False
Water_Main_Breaks_-8394745777553033727.csv,325,8310,8310,1268,1268,3/11/2003 12:00:00 AM,2003-03-11T00:00:00,MAIN,MAIN,,,,,,,,,,,REPAIR COMPLETED,REPAIR COMPLETED,12/15/2011 3:38:27 PM,2011-12-15T15:38:27,,,,,UNKNOWN,UNKNOWN,OTHER,OTHER,,,,,,,,,,,,,CATEGORY 1,CATEGORY 1,12610,12610,54,54,BRIDGE ST W,BRIDGE ST W,4530,4530,,,,,,,,,,,N,N,26984566-ae95-4789-aad3-93b85bd76b7d,26984566-ae95-4789-aad3-93b85bd76b7d,DAVIDV,DAVIDV,12/15/2011 3:38:27 PM,2011-12-15T15:38:27,541587.4213,541587.4213,4814638.6176,4814638.6176,False,True,False,False,True,False,,False,False,unmatched_asset,2003-03-11T00:00:00,1,False,1,False
Water_Main_Breaks_-8394745777553033727.csv,334,8320,8320,97,97,2/16/2004 12:00:00 AM,2004-02-16T00:00:00,MAIN,MAIN,,,,,,,,,,,REPAIR COMPLETED,REPAIR COMPLETED,12/15/2011 3:38:26 PM,2011-12-15T15:38:26,,,,,UNKNOWN,UNKNOWN,OTHER,OTHER,,,,,,,,,,,,,CATEGORY 1,CATEGORY 1,10133,10133,139,139,SHELDON AVE N,SHELDON AVE N,34660,34660,,,,,150,150,1946,1946,CI,CI,N,N,95d40a3f-a3ce-4450-b2e7-63b897b5c037,95d40a3f-a3ce-4450-b2e7-63b897b5c037,DAVIDV,DAVIDV,12/15/2011 3:38:26 PM,2011-12-15T15:38:26,543369.5109,543369.5109,4810135.7168,4810135.7168,False,True,False,False,True,False,,False,False,unmatched_asset,2004-02-16T00:00:00,1,False,1,False
Water_Main_Breaks_-8394745777553033727.csv,350,8336,8336,173,173,12/9/2004 12:00:00 AM,2004-12-09T00:00:00,MAIN,MAIN,,,,,,,,,,,REPAIR COMPLETED,REPAIR COMPLETED,12/15/2011 3:38:26 PM,2011-12-15T15:38:26,,,,,UNKNOWN,UNKNOWN,OTHER,OTHER,,,,,,,,,,,,,CATEGORY 1,CATEGORY 1,11696,11696,15,15,OTTAWA ST N,OTTAWA ST N,29200,29200,,,,,,,,,,,N,N,94a8a18a-f3f3-41c0-a7bc-96426abcb111,94a8a18a-f3f3-41c0-a7bc-96426abcb111,DAVIDV,DAVIDV,12/15/2011 3:38:26 PM,2011-12-15T15:38:26,542856.7768,542856.7768,4810105.6225,4810105.6225,False,True,False,False,True,False,,False,False,unmatched_asset,2004-12-09T00:00:00,1,False,1,False
Water_Main_Breaks_-8394745777553033727.csv,351,8337,8337,114,114,5/7/1999 12:00:00 AM,1999-05-07T00:00:00,MAIN,MAIN,,,,,,,,,,,REPAIR COMPLETED,REPAIR COMPLETED,12/15/2011 3:38:26 PM,2011-12-15T15:38:26,,,,,UNKNOWN,UNKNOWN,OTHER,OTHER,,,,,,,,,,,,,CATEGORY 1,CATEGORY 1,12586,12586,76,76,LANG CRES,LANG CRES,24390,24390,,,,,150,150,1948,1948,CI,CI,N,N,438cf1b4-ba1f-4d79-9506-eea15e57e86b,438cf1b4-ba1f-4d79-9506-eea15e57e86b,DAVIDV,DAVIDV,12/15/2011 3:38:26 PM,2011-12-15T15:38:26,541174.7728,541174.7728,4813929.2506,4813929.2506,False,True,False,False,True,False,,False,False,unmatched_asset,1999-05-07T00:00:00,1,False,1,False
Water_Main_Breaks_-8394745777553033727.csv,355,8341,8341,1804,1804,11/28/2013 12:00:00 AM,2013-11-28T00:00:00,MAIN,MAIN,,,,,,,,,,,REPAIR COMPLETED,REPAIR COMPLETED,2/7/2014 12:00:00 AM,2014-02-07T00:00:00,92160,92160,,,CIRCUMFERENTIAL,CIRCUMFERENTIAL,SOILS,SOILS,,,,,,,,,,,,,CATEGORY 1,CATEGORY 1,11717,11717,80,80,SHELDON AVE N,SHELDON AVE N,34640,34640,,,,,150,150,1925,1925,CI,CI,N,N,aa46dd11-741c-4d0e-bb44-8903776226dd,aa46dd11-741c-4d0e-bb44-8903776226dd,DAVIDV,DAVIDV,2/7/2014 12:00:00 AM,2014-02-07T00:00:00,543204.2584,543204.2584,4810039.4612,4810039.4612,False,True,False,False,True,False,,False,False,unmatched_asset,2013-11-28T00:00:00,1,False,1,False
Water_Main_Breaks_-8394745777553033727.csv,373,8359,8359,1823,1823,9/15/2013 12:00:00 AM,2013-09-15T00:00:00,MAIN,MAIN,,,,,,,,,,,REPAIR COMPLETED,REPAIR COMPLETED,2/7/2014 12:00:00 AM,2014-02-07T00:00:00,88535,88535,,,LONGITUDINAL,LONGITUDINAL,COMBINATION,COMBINATION,,,,,,,,,,,,,CATEGORY 1,CATEGORY 1,11399,11399,298,298,MILL ST,MILL ST,64030,64030,,,,,,,,,,,N,N,f483ed78-88f9-47c2-a21d-46f65704f14b,f483ed78-88f9-47c2-a21d-46f65704f14b,DAVIDV,DAVIDV,2/7/2014 12:00:00 AM,2014-02-07T00:00:00,541650.0552,541650.0552,4809318.4418,4809318.4418,False,True,False,False,True,False,,False,False,unmatched_asset,2013-09-15T00:00:00,1,False,1,False
Water_Main_Breaks_-8394745777553033727.csv,381,8367,8367,1192,1192,2/1/2008 12:00:00 AM,2008-02-01T00:00:00,MAIN,MAIN,,,,,,,,,,,REPAIR COMPLETED,REPAIR COMPLETED,12/15/2011 3:38:27 PM,2011-12-15T15:38:27,188843,188843,,,UNKNOWN,UNKNOWN,OTHER,OTHER,,,,,,,,,,,,,CATEGORY 1,CATEGORY 1,7085,7085,84,84,VALEWOOD PL,VALEWOOD PL,38960,38960,,,,,,,,,,,N,N,b1c34f3f-2c0c-4623-831b-6a22fd7fcfa8,b1c34f3f-2c0c-4623-831b-6a22fd7fcfa8,DAVIDV,DAVIDV,12/15/2011 3:38:27 PM,2011-12-15T15:38:27,541236.9888,541236.9888,4813297.7301,4813297.7301,False,True,False,False,True,False,,False,False,unmatched_asset,2008-02-01T00:00:00,1,False,1,False
Water_Main_Breaks_-8394745777553033727.csv,383,8369,8369,795,795,3/9/2004 12:00:00 AM,2004-03-09T00:00:00,MAIN,MAIN,,,,,,,,,,,REPAIR COMPLETED,REPAIR COMPLETED,12/15/2011 3:38:27 PM,2011-12-15T15:38:27,,,,,UNKNOWN,UNKNOWN,OTHER,OTHER,,,,,,,,,,,,,CATEGORY 1,CATEGORY 1,23240,23240,74,74,CONWAY DR,CONWAY DR,89516,89516,,,,,,,,,,,N,N,51c0a0ed-63c5-4d06-8ec7-758d0bca49ee,51c0a0ed-63c5-4d06-8ec7-758d0bca49ee,DAVIDV,DAVIDV,12/15/2011 3:38:27 PM,2011-12-15T15:38:27,545309.119,545309.119,4810771.1938,4810771.1938,False,True,False,False,True,False,,False,False,unmatched_asset,2004-03-09T00:00:00,1,False,1,False
Water_Main_Breaks_-8394745777553033727.csv,394,8380,8380,6,6,12/18/1998 12:00:00 AM,1998-12-18T00:00:00,MAIN,MAIN,,,,,,,,,,,REPAIR COMPLETED,REPAIR COMPLETED,12/15/2011 3:38:26 PM,2011-12-15T15:38:26,,,,,UNKNOWN,UNKNOWN,OTHER,OTHER,,,,,,,,,,,,,CATEGORY 1,CATEGORY 1,9503,9503,1487,1487,OTTAWA ST S,OTTAWA ST S,64330,64330,,,,,,,,,,,N,N,b41d1a6d-a780-466c-b045-fbd6f42a5cb8,b41d1a6d-a780-466c-b045-fbd6f42a5cb8,DAVIDV,DAVIDV,12/15/2011 3:38:26 PM,2011-12-15T15:38:26,539191.7327,539191.7327,4806804.9338,4806804.9338,False,True,False,False,True,False,,False,False,unmatched_asset,1998-12-18T00:00:00,1,False,1,False
Water_Main_Breaks_-8394745777553033727.csv,402,8388,8388,556,556,12/19/1998 12:00:00 AM,1998-12-19T00:00:00,MAIN,MAIN,,,,,,,,,,,REPAIR COMPLETED,REPAIR COMPLETED,12/15/2011 3:38:27 PM,2011-12-15T15:38:27,,,,,UNKNOWN,UNKNOWN,OTHER,OTHER,,,,,,,,,,,,,CATEGORY 1,CATEGORY 1,12113,12113,32,32,WINDOM RD,WINDOM RD,43740,43740,,,,,,,,,,,N,N,c3f2a40c-65e1-4031-8b99-c38feac55ebd,c3f2a40c-65e1-4031-8b99-c38feac55ebd,DAVIDV,DAVIDV,12/15/2011 3:38:27 PM,2011-12-15T15:38:27,546273.8136,546273.8136,4808835.6312,4808835.6312,False,True,False,False,True,False,,False,False,unmatched_asset,1998-12-19T00:00:00,1,False,1,False
Water_Main_Breaks_-8394745777553033727.csv,412,8398,8398,279,279,1/17/2005 12:00:00 AM,2005-01-17T00:00:00,MAIN,MAIN,,,,,,,,,,,REPAIR COMPLETED,REPAIR COMPLETED,12/15/2011 3:38:26 PM,2011-12-15T15:38:26,,,,,UNKNOWN,UNKNOWN,OTHER,OTHER,,,,,,,,,,,,,CATEGORY 1,CATEGORY 1,9921,9921,239,239,SHERWOOD AVE,SHERWOOD AVE,34860,34860,,,,,150,150,1954,1954,CI,CI,N,N,66b4c7c5-a087-4f77-a0fa-3f83e33f5808,66b4c7c5-a087-4f77-a0fa-3f83e33f5808,DAVIDV,DAVIDV,12/15/2011 3:38:26 PM,2011-12-15T15:38:26,543618.5258,543618.5258,4811808.0301,4811808.0301,False,True,False,False,True,False,,False,False,unmatched_asset,2005-01-17T00:00:00,1,False,1,False
Water_Main_Breaks_-8394745777553033727.csv,416,8402,8402,571,571,4/4/2004 12:00:00 AM,2004-04-04T00:00:00,MAIN,MAIN,,,,,,,,,,,REPAIR COMPLETED,REPAIR COMPLETED,12/15/2011 3:38:27 PM,2011-12-15T15:38:27,,,,,UNKNOWN,UNKNOWN,OTHER,OTHER,,,,,,,,,,,,,CATEGORY 1,CATEGORY 1,22203,22203,14,14,CENTREVILLE ST,CENTREVILLE ST,6230,6230,,,,,150,150,1962,1962,CI,CI,N,N,38d5c826-0ac2-4203-8e20-efce9ab85bad,38d5c826-0ac2-4203-8e20-efce9ab85bad,DAVIDV,DAVIDV,12/15/2011 3:38:27 PM,2011-12-15T15:38:27,545699.4637,545699.4637,4808721.3977,4808721.3977,False,True,False,False,True,False,,False,False,unmatched_asset,2004-04-04T00:00:00,1,False,1,False
Water_Main_Breaks_-8394745777553033727.csv,419,8405,8405,1745,1745,8/3/2012 12:00:00 AM,2012-08-03T00:00:00,MAIN,MAIN,,,,,,,,,,,REPAIR COMPLETED,REPAIR COMPLETED,3/7/2013 12:00:00 AM,2013-03-07T00:00:00,69184,69184,,,UNKNOWN,UNKNOWN,AGE,AGE,,,,,,,,,,,,,CATEGORY 1,CATEGORY 1,6440,6440,24,24,REX DR,REX DR,32260,32260,,,,,,,,,,,N,N,aa718d82-1cd4-4bf8-b11a-e83b22ea084a,aa718d82-1cd4-4bf8-b11a-e83b22ea084a,DAVIDV,DAVIDV,3/7/2013 12:00:00 AM,2013-03-07T00:00:00,540503.8254,540503.8254,4809637.3753,4809637.3753,False,True,False,False,True,False,,False,False,unmatched_asset,2012-08-03T00:00:00,1,False,1,False
Water_Main_Breaks_-8394745777553033727.csv,420,8406,8406,27,27,1/3/2003 12:00:00 AM,2003-01-03T00:00:00,MAIN,MAIN,,,,,,,,,,,REPAIR COMPLETED,REPAIR COMPLETED,12/15/2011 3:38:26 PM,2011-12-15T15:38:26,,,,,UNKNOWN,UNKNOWN,OTHER,OTHER,,,,,,,,,,,,,CATEGORY 1,CATEGORY 1,8685,8685,55,55,TALBOT ST,TALBOT ST,37500,37500,,,,,150,150,1921,1921,CI,CI,N,N,b0158853-eee7-4631-9fe1-fcd532bc9b30,b0158853-eee7-4631-9fe1-fcd532bc9b30,DAVIDV,DAVIDV,12/15/2011 3:38:26 PM,2011-12-15T15:38:26,539523.1007,539523.1007,4810256.8168,4810256.8168,False,True,False,False,True,False,,False,False,unmatched_asset,2003-01-03T00:00:00,1,False,1,False
Water_Main_Breaks_-8394745777553033727.csv,426,8412,8412,11,11,7/7/1999 12:00:00 AM,1999-07-07T00:00:00,MAIN,MAIN,,,,,,,,,,,REPAIR COMPLETED,REPAIR COMPLETED,12/15/2011 3:38:26 PM,2011-12-15T15:38:26,,,,,UNKNOWN,UNKNOWN,OTHER,OTHER,,,,,,,,,,,,,CATEGORY 1,CATEGORY 1,5880,5880,575,575,KING ST W,KING ST W,76569,76569,,,,,250,250,1889,1889,CI,CI,N,N,07f5c424-4295-4620-8a97-a31d73d3e808,07f5c424-4295-4620-8a97-a31d73d3e808,DAVIDV,DAVIDV,12/15/2011 3:38:26 PM,2011-12-15T15:38:26,540362,540362,4811291,4811291,False,True,False,False,True,False,,False,False,unmatched_asset,1999-07-07T00:00:00,2,True,2,True
Water_Main_Breaks_-8394745777553033727.csv,428,8414,8414,1148,1148,10/14/2007 12:00:00 AM,2007-10-14T00:00:00,MAIN,MAIN,,,,,,,,,,,REPAIR COMPLETED,REPAIR COMPLETED,12/15/2011 3:38:27 PM,2011-12-15T15:38:27,183517,183517,,,UNKNOWN,UNKNOWN,OTHER,OTHER,,,,,,,,,,,,,CATEGORY 1,CATEGORY 1,15837,15837,82,82,ISLINGTON AVE,ISLINGTON AVE,20470,20470,,,,,150,150,1955,1955,CI,CI,N,N,dd846680-2269-4665-9a79-973d4824ab3e,dd846680-2269-4665-9a79-973d4824ab3e,DAVIDV,DAVIDV,12/15/2011 3:38:27 PM,2011-12-15T15:38:27,543488.7478,543488.7478,4811822.1704,4811822.1704,False,True,False,False,True,False,,False,False,unmatched_asset,2007-10-14T00:00:00,1,False,1,False
Water_Main_Breaks_-8394745777553033727.csv,434,8420,8420,1216,1216,3/25/2008 12:00:00 AM,2008-03-25T00:00:00,MAIN,MAIN,,,,,,,,,,,REPAIR COMPLETED,REPAIR COMPLETED,12/15/2011 3:38:27 PM,2011-12-15T15:38:27,190366,190366,,,UNKNOWN,UNKNOWN,OTHER,OTHER,,,,,,,,,,,,,CATEGORY 1,CATEGORY 1,10184,10184,,,OTTAWA ST N,OTTAWA ST N,29220,29220,,,,,,,,,,,N,N,30970e4b-1cd3-4728-a69b-31cafa3bcc91,30970e4b-1cd3-4728-a69b-31cafa3bcc91,DAVIDV,DAVIDV,12/15/2011 3:38:27 PM,2011-12-15T15:38:27,543153.2312,543153.2312,4810297.5102,4810297.5102,False,True,False,False,True,False,,False,False,unmatched_asset,2008-03-25T00:00:00,1,False,1,False
Water_Main_Breaks_-8394745777553033727.csv,440,8426,8426,1672,1672,12/15/2011 3:38:26 PM,2011-12-15T15:38:26,MAIN,MAIN,,,,,,,,,,,REPAIR COMPLETED,REPAIR COMPLETED,12/15/2011 3:38:26 PM,2011-12-15T15:38:26,,,,,UNKNOWN,UNKNOWN,OTHER,OTHER,,,,,,,,,,,,,CATEGORY 1,CATEGORY 1,8657,8657,60,60,MARLBOROUGH AVE,MARLBOROUGH AVE,25520,25520,,,,,,,,,,,N,N,14be23cc-17e8-40e5-95cd-e8e01f0f880b,14be23cc-17e8-40e5-95cd-e8e01f0f880b,DAVIDV,DAVIDV,12/15/2011 3:38:26 PM,2011-12-15T15:38:26,539898.8822,539898.8822,4809674.1637,4809674.1637,False,True,False,False,True,False,,False,False,unmatched_asset,2011-12-15T00:00:00,1,False,1,False
Water_Main_Breaks_-8394745777553033727.csv,442,8428,8428,937,937,6/28/2003 12:00:00 AM,2003-06-28T00:00:00,MAIN,MAIN,,,,,,,,,,,REPAIR COMPLETED,REPAIR COMPLETED,12/15/2011 3:38:27 PM,2011-12-15T15:38:27,,,,,UNKNOWN,UNKNOWN,OTHER,OTHER,,,,,,,,,,,,,CATEGORY 1,CATEGORY 1,10129,10129,206,206,OTTAWA ST N,OTTAWA ST N,29230,29230,,,,,,,,,,,N,N,4399098c-3af6-4107-9698-079f9f433182,4399098c-3af6-4107-9698-079f9f433182,DAVIDV,DAVIDV,12/15/2011 3:38:27 PM,2011-12-15T15:38:27,543277.5657,543277.5657,4810359.7866,4810359.7866,False,True,False,False,True,False,,False,False,unmatched_asset,2003-06-28T00:00:00,1,False,1,False
Water_Main_Breaks_-8394745777553033727.csv,444,8430,8430,1339,1339,1/14/2009 12:00:00 AM,2009-01-14T00:00:00,MAIN,MAIN,,,,,,,,,,,REPAIR COMPLETED,REPAIR COMPLETED,12/15/2011 3:38:28 PM,2011-12-15T15:38:28,3366,3366,,,UNKNOWN,UNKNOWN,OTHER,OTHER,,,,,,,,,,,,,CATEGORY 1,CATEGORY 1,12610,12610,54,54,BRIDGE ST W,BRIDGE ST W,4530,4530,,,,,,,,,,,N,N,4ad9b3b0-329e-496b-a619-b23bd7ff89f3,4ad9b3b0-329e-496b-a619-b23bd7ff89f3,DAVIDV,DAVIDV,12/15/2011 3:38:28 PM,2011-12-15T15:38:28,541564.2588,541564.2588,4814659.9045,4814659.9045,False,True,False,False,True,False,,False,False,unmatched_asset,2009-01-14T00:00:00,1,False,1,False
Water_Main_Breaks_-8394745777553033727.csv,457,8443,8443,52,52,6/11/2003 12:00:00 AM,2003-06-11T00:00:00,MAIN,MAIN,,,,,,,,,,,REPAIR COMPLETED,REPAIR COMPLETED,12/15/2011 3:38:26 PM,2011-12-15T15:38:26,,,,,UNKNOWN,UNKNOWN,OTHER,OTHER,,,,,,,,,,,,,CATEGORY 1,CATEGORY 1,11717,11717,80,80,SHELDON AVE N,SHELDON AVE N,34640,34640,,,,,150,150,1925,1925,CI,CI,N,N,b38c4d65-4b94-45e2-9439-4f7f5ca3fd86,b38c4d65-4b94-45e2-9439-4f7f5ca3fd86,DAVIDV,DAVIDV,12/15/2011 3:38:26 PM,2011-12-15T15:38:26,543204.2584,543204.2584,4810039.4612,4810039.4612,False,True,False,False,True,False,,False,False,unmatched_asset,2003-06-11T00:00:00,1,False,1,False
Water_Main_Breaks_-8394745777553033727.csv,465,8451,8451,1681,1681,12/15/2011 3:38:26 PM,2011-12-15T15:38:26,MAIN,MAIN,,,,,,,,,,,REPAIR COMPLETED,REPAIR COMPLETED,12/15/2011 3:38:26 PM,2011-12-15T15:38:26,,,,,UNKNOWN,UNKNOWN,OTHER,OTHER,,,,,,,,,,,,,CATEGORY 1,CATEGORY 1,6328,6328,9,9,NORFOLK CRES,NORFOLK CRES,27940,27940,,,,,,,,,,,N,N,4fc21f07-a6ab-4376-896a-5022c481f325,4fc21f07-a6ab-4376-896a-5022c481f325,DAVIDV,DAVIDV,12/15/2011 3:38:26 PM,2011-12-15T15:38:26,540788.7376,540788.7376,4809419.6983,4809419.6983,False,True,False,False,True,False,,False,False,unmatched_asset,2011-12-15T00:00:00,1,False,1,False
Water_Main_Breaks_-8394745777553033727.csv,468,8454,8454,1196,1196,2/10/2008 12:00:00 AM,2008-02-10T00:00:00,MAIN,MAIN,,,,,,,,,,,REPAIR COMPLETED,REPAIR COMPLETED,12/15/2011 3:38:27 PM,2011-12-15T15:38:27,189141,189141,,,UNKNOWN,UNKNOWN,OTHER,OTHER,,,,,,,,,,,,,CATEGORY 1,CATEGORY 1,11455,11455,526,526,MILL ST,MILL ST,26700,26700,,,,,,,,,,,N,N,bb133a77-a561-459f-8b86-9cdc6fe2c784,bb133a77-a561-459f-8b86-9cdc6fe2c784,DAVIDV,DAVIDV,12/15/2011 3:38:27 PM,2011-12-15T15:38:27,542451.484,542451.484,4809147.0673,4809147.0673,False,True,False,False,True,False,,False,False,unmatched_asset,2008-02-10T00:00:00,1,False,1,False
Water_Main_Breaks_-8394745777553033727.csv,471,8457,8457,1660,1660,12/15/2011 3:38:26 PM,2011-12-15T15:38:26,MAIN,MAIN,,,,,,,,,,,REPAIR COMPLETED,REPAIR COMPLETED,12/15/2011 3:38:26 PM,2011-12-15T15:38:26,,,,,UNKNOWN,UNKNOWN,OTHER,OTHER,,,,,,,,,,,,,CATEGORY 1,CATEGORY 1,11754,11754,242,242,KEHL ST,KEHL ST,29660,29660,,,,,,,,,,,N,N,8c536138-4108-40c7-9d7c-416f16c14c2c,8c536138-4108-40c7-9d7c-416f16c14c2c,DAVIDV,DAVIDV,12/15/2011 3:38:26 PM,2011-12-15T15:38:26,541955.24,541955.24,4808667.0132,4808667.0132,False,True,False,False,True,False,,False,False,unmatched_asset,2011-12-15T00:00:00,1,False,1,False
Water_Main_Breaks_-8394745777553033727.csv,482,8468,8468,1829,1829,7/10/2013 12:00:00 AM,2013-07-10T00:00:00,MAIN,MAIN,,,,,,,,,,,REPAIR COMPLETED,REPAIR COMPLETED,2/7/2014 12:00:00 AM,2014-02-07T00:00:00,84937,84937,,,UNKNOWN,UNKNOWN,OTHER,OTHER,,,,,,,,,,,,,CATEGORY 1,CATEGORY 1,11061,11061,723,723,KING ST W,KING ST W,81208,81208,,,,,250,250,1889,1889,CI,CI,N,N,84b8ba78-b8f2-467c-9817-f5e2f902ba8e,84b8ba78-b8f2-467c-9817-f5e2f902ba8e,DAVIDV,DAVIDV,2/7/2014 12:00:00 AM,2014-02-07T00:00:00,539974.3524,539974.3524,4811492.2424,4811492.2424,False,True,False,False,True,False,,False,False,unmatched_asset,2013-07-10T00:00:00,1,False,1,False
Water_Main_Breaks_-8394745777553033727.csv,483,8469,8469,1830,1830,6/5/2013 12:00:00 AM,2013-06-05T00:00:00,MAIN,MAIN,,,,,,,,,,,REPAIR COMPLETED,REPAIR COMPLETED,2/7/2014 12:00:00 AM,2014-02-07T00:00:00,82863,82863,,,UNKNOWN,UNKNOWN,OTHER,OTHER,,,,,,,,,,,,,CATEGORY 1,CATEGORY 1,11352,11352,124,124,HEIMAN ST,HEIMAN ST,18400,18400,,,,,,,,,,,N,N,ef8cde1a-d5e2-4cf2-a312-da21d595ba75,ef8cde1a-d5e2-4cf2-a312-da21d595ba75,DAVIDV,DAVIDV,2/7/2014 12:00:00 AM,2014-02-07T00:00:00,541341.7745,541341.7745,4809059.3733,4809059.3733,False,True,False,False,True,False,,False,False,unmatched_asset,2013-06-05T00:00:00,1,False,1,False
Water_Main_Breaks_-8394745777553033727.csv,485,8471,8471,1864,1864,2/4/2013 12:00:00 AM,2013-02-04T00:00:00,MAIN,MAIN,,,,,,,,,,,REPAIR COMPLETED,REPAIR COMPLETED,2/7/2014 12:00:00 AM,2014-02-07T00:00:00,77207,77207,,,UNKNOWN,UNKNOWN,COMBINATION,COMBINATION,,,,,,,,,,,,,CATEGORY 1,CATEGORY 1,11696,11696,15,15,OTTAWA ST N,OTTAWA ST N,85694,85694,,,,,,,,,,,N,N,e7ee4030-62b3-4fba-a287-66647cb09a88,e7ee4030-62b3-4fba-a287-66647cb09a88,DAVIDV,DAVIDV,2/7/2014 12:00:00 AM,2014-02-07T00:00:00,542843.4456,542843.4456,4810096.6532,4810096.6532,False,True,False,False,True,False,,False,False,unmatched_asset,2013-02-04T00:00:00,1,False,1,False
Water_Main_Breaks_-8394745777553033727.csv,489,8475,8475,1975,1975,1/12/2014 12:00:00 AM,2014-01-12T00:00:00,MAIN,MAIN,,,,,,,,,,,REPAIR COMPLETED,REPAIR COMPLETED,8/8/2014 12:00:00 AM,2014-08-08T00:00:00,94617,94617,,,UNKNOWN,UNKNOWN,OTHER,OTHER,,,,,,,,,,,,,CATEGORY 1,CATEGORY 1,11743,11743,436,436,OTTAWA ST S,OTTAWA ST S,95460,95460,,,,,,,,,,,N,N,e74ad1a5-42c7-4a11-bc90-78ed7ad24a44,e74ad1a5-42c7-4a11-bc90-78ed7ad24a44,DAVIDV,DAVIDV,8/8/2014 12:00:00 AM,2014-08-08T00:00:00,542105.84,542105.84,4808840.4268,4808840.4268,False,True,False,False,True,False,,False,False,unmatched_asset,2014-01-12T00:00:00,1,False,1,False
Water_Main_Breaks_-8394745777553033727.csv,498,8484,8484,1985,1985,4/18/2014 12:00:00 AM,2014-04-18T00:00:00,MAIN,MAIN,,,,,,,,,,,REPAIR COMPLETED,REPAIR COMPLETED,1/14/2015 12:00:00 AM,2015-01-14T00:00:00,99740,99740,,,UNKNOWN,UNKNOWN,OTHER,OTHER,,,,,,,,,,,,,CATEGORY 1,CATEGORY 1,6770,6770,15,15,WEBER ST E,WEBER ST E,40760,40760,,,,,,,,,,,N,N,586b84e7-bedb-47be-ab17-0d46e61f7e3d,586b84e7-bedb-47be-ab17-0d46e61f7e3d,DAVIDV,DAVIDV,1/14/2015 12:00:00 AM,2015-01-14T00:00:00,541509.5696,541509.5696,4811102.6464,4811102.6464,False,True,False,False,True,False,,False,False,unmatched_asset,2014-04-18T00:00:00,1,False,1,False
Water_Main_Breaks_-8394745777553033727.csv,500,8486,8486,1987,1987,5/18/2014 12:00:00 AM,2014-05-18T00:00:00,MAIN,MAIN,,,,,,,,,,,REPAIR COMPLETED,REPAIR COMPLETED,1/14/2015 12:00:00 AM,2015-01-14T00:00:00,101423,101423,,,UNKNOWN,UNKNOWN,OTHER,OTHER,,,,,,,,,,,,,CATEGORY 1,CATEGORY 1,9226,9226,526,526,CHARLES ST E,CHARLES ST E,6710,6710,,,,,100,100,1922,1922,CI,CI,N,N,2f4df6d7-8b9d-4482-b722-40d7f4a001f9,2f4df6d7-8b9d-4482-b722-40d7f4a001f9,DAVIDV,DAVIDV,1/14/2015 12:00:00 AM,2015-01-14T00:00:00,542579.3587,542579.3587,4810018.3836,4810018.3836,False,True,False,False,True,False,,False,False,unmatched_asset,2014-05-18T00:00:00,1,False,1,False
Water_Main_Breaks_-8394745777553033727.csv,511,8497,8497,1006,1006,12/19/2006 12:00:00 AM,2006-12-19T00:00:00,MAIN,MAIN,,,,,,,,,,,REPAIR COMPLETED,REPAIR COMPLETED,12/15/2011 3:38:27 PM,2011-12-15T15:38:27,,,,,UNKNOWN,UNKNOWN,OTHER,OTHER,,,,,,,,,,,,,CATEGORY 1,CATEGORY 1,13107,13107,73,73,BRIDGE ST E,BRIDGE ST E,444,444,,,,,,,,,,,N,N,e82d2806-040a-40aa-a8fa-ead2987f758b,e82d2806-040a-40aa-a8fa-ead2987f758b,DAVIDV,DAVIDV,12/15/2011 3:38:27 PM,2011-12-15T15:38:27,542443.4679,542443.4679,4814179.8278,4814179.8278,False,True,False,False,True,False,,False,False,unmatched_asset,2006-12-19T00:00:00,1,False,1,False
Water_Main_Breaks_-8394745777553033727.csv,514,8500,8500,121,121,1/26/2000 12:00:00 AM,2000-01-26T00:00:00,MAIN,MAIN,,,,,,,,,,,REPAIR COMPLETED,REPAIR COMPLETED,12/15/2011 3:38:26 PM,2011-12-15T15:38:26,,,,,UNKNOWN,UNKNOWN,OTHER,OTHER,,,,,,,,,,,,,CATEGORY 1,CATEGORY 1,10172,10172,435,435,EAST AVE,EAST AVE,11070,11070,,,,,,,,,,,N,N,e66397da-7e62-4282-b8f5-21f10115de62,e66397da-7e62-4282-b8f5-21f10115de62,DAVIDV,DAVIDV,12/15/2011 3:38:26 PM,2011-12-15T15:38:26,543001.6399,543001.6399,4810518.139,4810518.139,False,True,False,False,True,False,,False,False,unmatched_asset,2000-01-26T00:00:00,1,False,1,False
Water_Main_Breaks_-8394745777553033727.csv,515,8501,8501,1273,1273,8/31/2001 12:00:00 AM,2001-08-31T00:00:00,MAIN,MAIN,,,,,,,,,,,REPAIR COMPLETED,REPAIR COMPLETED,12/15/2011 3:38:27 PM,2011-12-15T15:38:27,,,,,UNKNOWN,UNKNOWN,OTHER,OTHER,,,,,,,,,,,,,CATEGORY 1,CATEGORY 1,10169,10169,435,435,EAST AVE,EAST AVE,11060,11060,,,,,,,,,,,N,N,30216673-15e8-4cf5-8cf1-b4f457cc7d97,30216673-15e8-4cf5-8cf1-b4f457cc7d97,DAVIDV,DAVIDV,12/15/2011 3:38:27 PM,2011-12-15T15:38:27,542974.4938,542974.4938,4810575.0136,4810575.0136,False,True,False,False,True,False,,False,False,unmatched_asset,2001-08-31T00:00:00,1,False,1,False
Water_Main_Breaks_-8394745777553033727.csv,518,8504,8504,71,71,1/29/2003 12:00:00 AM,2003-01-29T00:00:00,MAIN,MAIN,,,,,,,,,,,REPAIR COMPLETED,REPAIR COMPLETED,12/15/2011 3:38:26 PM,2011-12-15T15:38:26,,,,,UNKNOWN,UNKNOWN,OTHER,OTHER,,,,,,,,,,,,,CATEGORY 1,CATEGORY 1,8795,8795,188,188,JOSEPH ST,JOSEPH ST,59980,59980,,,,,,,,,,,N,N,03301eb8-5541-4a62-816b-ffddf60bb10b,03301eb8-5541-4a62-816b-ffddf60bb10b,DAVIDV,DAVIDV,12/15/2011 3:38:26 PM,2011-12-15T15:38:26,540435.1497,540435.1497,4811038.2396,4811038.2396,False,True,False,False,True,False,,False,False,unmatched_asset,2003-01-29T00:00:00,1,False,1,False
Water_Main_Breaks_-8394745777553033727.csv,522,8508,8508,42,42,11/26/1997 12:00:00 AM,1997-11-26T00:00:00,MAIN,MAIN,,,,,,,,,,,REPAIR COMPLETED,REPAIR COMPLETED,12/15/2011 3:38:26 PM,2011-12-15T15:38:26,,,,,UNKNOWN,UNKNOWN,OTHER,OTHER,,,,,,,,,,,,,CATEGORY 1,CATEGORY 1,9382,9382,89,89,OTTAWA ST S,OTTAWA ST S,29630,29630,,,,,150,150,1923,1923,CI,CI,N,N,f19ccdba-3680-401c-8252-05d0e73dafa3,f19ccdba-3680-401c-8252-05d0e73dafa3,DAVIDV,DAVIDV,12/15/2011 3:38:26 PM,2011-12-15T15:38:26,542578.9251,542578.9251,4809781.8164,4809781.8164,False,True,False,False,True,False,,False,False,unmatched_asset,1997-11-26T00:00:00,1,False,1,False
Water_Main_Breaks_-8394745777553033727.csv,528,8514,8514,330,330,11/8/2002 12:00:00 AM,2002-11-08T00:00:00,MAIN,MAIN,,,,,,,,,,,REPAIR COMPLETED,REPAIR COMPLETED,12/15/2011 3:38:26 PM,2011-12-15T15:38:26,,,,,UNKNOWN,UNKNOWN,OTHER,OTHER,,,,,,,,,,,,,CATEGORY 1,CATEGORY 1,11523,11523,12,12,HOFFMAN ST,HOFFMAN ST,19660,19660,,,,,150,150,1956,1956,CI,CI,N,N,17a58f57-72f9-4d7d-a7fb-d77b5056e346,17a58f57-72f9-4d7d-a7fb-d77b5056e346,DAVIDV,DAVIDV,12/15/2011 3:38:26 PM,2011-12-15T15:38:26,542235.9544,542235.9544,4808875.4788,4808875.4788,False,True,False,False,True,False,,False,False,unmatched_asset,2002-11-08T00:00:00,1,False,1,False
Water_Main_Breaks_-8394745777553033727.csv,531,8517,8517,1357,1357,1/29/2009 12:00:00 AM,2009-01-29T00:00:00,MAIN,MAIN,,,,,,,,,,,REPAIR COMPLETED,REPAIR COMPLETED,12/15/2011 3:38:28 PM,2011-12-15T15:38:28,4029,4029,,,UNKNOWN,UNKNOWN,OTHER,OTHER,,,,,,,,,,,,,CATEGORY 1,CATEGORY 1,11278,11278,234,234,CHAPEL ST,CHAPEL ST,6500,6500,,,,,,,,,,,N,N,9cd2186f-d530-4287-bc64-00b747d2c2f6,9cd2186f-d530-4287-bc64-00b747d2c2f6,DAVIDV,DAVIDV,12/15/2011 3:38:28 PM,2011-12-15T15:38:28,542716.1379,542716.1379,4811532.8833,4811532.8833,False,True,False,False,True,False,,False,False,unmatched_asset,2009-01-29T00:00:00,1,False,1,False
Water_Main_Breaks_-8394745777553033727.csv,533,8519,8519,535,535,11/14/1999 12:00:00 AM,1999-11-14T00:00:00,MAIN,MAIN,,,,,,,,,,,REPAIR COMPLETED,REPAIR COMPLETED,12/15/2011 3:38:27 PM,2011-12-15T15:38:27,,,,,UNKNOWN,UNKNOWN,OTHER,OTHER,,,,,,,,,,,,,CATEGORY 1,CATEGORY 1,22328,22328,115,115,JANSEN AVE,JANSEN AVE,20570,20570,,,,,150,150,1961,1961,CI,CI,N,N,b91b9081-e36e-477d-b68d-b089db2320bb,b91b9081-e36e-477d-b68d-b089db2320bb,DAVIDV,DAVIDV,12/15/2011 3:38:27 PM,2011-12-15T15:38:27,545872.2532,545872.2532,4808919.3733,4808919.3733,False,True,False,False,True,False,,False,False,unmatched_asset,1999-11-14T00:00:00,1,False,1,False
Water_Main_Breaks_-8394745777553033727.csv,549,8535,8535,1936,1936,2/10/2014 12:00:00 AM,2014-02-10T00:00:00,MAIN,MAIN,,,,,,,,,,,REPAIR COMPLETED,REPAIR COMPLETED,8/8/2014 12:00:00 AM,2014-08-08T00:00:00,96402,96402,,,UNKNOWN,UNKNOWN,OTHER,OTHER,,,,,,,,,,,,,CATEGORY 1,CATEGORY 1,9781,9781,216,216,CHAPEL ST,CHAPEL ST,6490,6490,,,,,,,,,,,N,N,9881683d-ff18-4ae0-a803-47917946674e,9881683d-ff18-4ae0-a803-47917946674e,DAVIDV,DAVIDV,8/8/2014 12:00:00 AM,2014-08-08T00:00:00,542659.41,542659.41,4811491.437,4811491.437,False,True,False,False,True,False,,False,False,unmatched_asset,2014-02-10T00:00:00,1,False,1,False
Water_Main_Breaks_-8394745777553033727.csv,551,8537,8537,1938,1938,2/7/2014 12:00:00 AM,2014-02-07T00:00:00,MAIN,MAIN,,,,,,,,,,,REPAIR COMPLETED,REPAIR COMPLETED,8/8/2014 12:00:00 AM,2014-08-08T00:00:00,96270,96270,,,UNKNOWN,UNKNOWN,OTHER,OTHER,,,,,,,,,,,,,CATEGORY 1,CATEGORY 1,6648,6648,39,39,HEBEL PL,HEBEL PL,78014,78014,,,,,,,,,,,N,N,1f46bdf0-769b-47cd-9ad4-a3f4beaf3359,1f46bdf0-769b-47cd-9ad4-a3f4beaf3359,DAVIDV,DAVIDV,8/8/2014 12:00:00 AM,2014-08-08T00:00:00,541261.1482,541261.1482,4810365.3667,4810365.3667,False,True,False,False,True,False,,False,False,unmatched_asset,2014-02-07T00:00:00,1,False,1,False
Water_Main_Breaks_-8394745777553033727.csv,556,8542,8542,1943,1943,2/3/2014 12:00:00 AM,2014-02-03T00:00:00,MAIN,MAIN,,,,,,,,,,,REPAIR COMPLETED,REPAIR COMPLETED,8/8/2014 12:00:00 AM,2014-08-08T00:00:00,95709,95709,,,UNKNOWN,UNKNOWN,OTHER,OTHER,,,,,,,,,,,,,CATEGORY 1,CATEGORY 1,602090,602090,177,177,WINDALE CRES,WINDALE CRES,82468,82468,,,,,,,,,,,N,N,ce18a554-7a6c-49c5-b7a3-a8037b6b421d,ce18a554-7a6c-49c5-b7a3-a8037b6b421d,DAVIDV,DAVIDV,8/8/2014 12:00:00 AM,2014-08-08T00:00:00,539947.2842,539947.2842,4807582.2436,4807582.2436,False,True,False,False,True,False,,False,False,unmatched_asset,2014-02-03T00:00:00,1,False,1,False
Water_Main_Breaks_-8394745777553033727.csv,558,8544,8544,1945,1945,1/31/2014 12:00:00 AM,2014-01-31T00:00:00,MAIN,MAIN,,,,,,,,,,,REPAIR COMPLETED,REPAIR COMPLETED,8/8/2014 12:00:00 AM,2014-08-08T00:00:00,95711,95711,,,UNKNOWN,UNKNOWN,OTHER,OTHER,,,,,,,,,,,,,CATEGORY 1,CATEGORY 1,22313,22313,48,48,GUERIN AVE,GUERIN AVE,17770,17770,,,,,,,,,,,N,N,fdf9296f-e887-43f3-9423-fdb64e6a0ba8,fdf9296f-e887-43f3-9423-fdb64e6a0ba8,DAVIDV,DAVIDV,10/25/2021 9:33:27 AM,2021-10-25T09:33:27,545819.7267,545819.7267,4809011.7091,4809011.7091,False,True,False,False,True,False,,False,False,unmatched_asset,2014-01-31T00:00:00,1,False,1,False
Water_Main_Breaks_-8394745777553033727.csv,564,8550,8550,1951,1951,1/31/2014 12:00:00 AM,2014-01-31T00:00:00,MAIN,MAIN,,,,,,,,,,,REPAIR COMPLETED,REPAIR COMPLETED,8/8/2014 12:00:00 AM,2014-08-08T00:00:00,95643,95643,,,UNKNOWN,UNKNOWN,OTHER,OTHER,,,,,,,,,,,,,CATEGORY 1,CATEGORY 1,10185,10185,371,371,WEBER ST E,WEBER ST E,40960,40960,,,,,,,,,,,N,N,90ad9fff-3baa-4944-a162-a7c3ce45b4de,90ad9fff-3baa-4944-a162-a7c3ce45b4de,DAVIDV,DAVIDV,8/8/2014 12:00:00 AM,2014-08-08T00:00:00,542980.6108,542980.6108,4810347.6973,4810347.6973,False,True,False,False,True,False,,False,False,unmatched_asset,2014-01-31T00:00:00,1,False,1,False
Water_Main_Breaks_-8394745777553033727.csv,570,8556,8556,1957,1957,1/26/2014 12:00:00 AM,2014-01-26T00:00:00,MAIN,MAIN,,,,,,,,,,,REPAIR COMPLETED,REPAIR COMPLETED,8/8/2014 12:00:00 AM,2014-08-08T00:00:00,95367,95367,,,UNKNOWN,UNKNOWN,OTHER,OTHER,,,,,,,,,,,,,CATEGORY 1,CATEGORY 1,10184,10184,160,160,OTTAWA ST N,OTTAWA ST N,95502,95502,,,,,,,,,,,N,N,5ee814fc-0feb-4fbc-be12-758a7b6e0943,5ee814fc-0feb-4fbc-be12-758a7b6e0943,DAVIDV,DAVIDV,8/8/2014 12:00:00 AM,2014-08-08T00:00:00,543117.8561,543117.8561,4810276.0212,4810276.0212,False,True,False,False,True,False,,False,False,unmatched_asset,2014-01-26T00:00:00,1,False,1,False
Water_Main_Breaks_-8394745777553033727.csv,574,8560,8560,277,277,11/16/1997 12:00:00 AM,1997-11-16T00:00:00,MAIN,MAIN,,,,,,,,,,,REPAIR COMPLETED,REPAIR COMPLETED,12/15/2011 3:38:26 PM,2011-12-15T15:38:26,,,,,UNKNOWN,UNKNOWN,OTHER,OTHER,,,,,,,,,,,,,CATEGORY 1,CATEGORY 1,15837,15837,62,62,ISLINGTON AVE,ISLINGTON AVE,20470,20470,,,,,150,150,1955,1955,CI,CI,N,N,5df1989e-bb19-4306-9315-ef14d2550a54,5df1989e-bb19-4306-9315-ef14d2550a54,DAVIDV,DAVIDV,12/15/2011 3:38:26 PM,2011-12-15T15:38:26,543431.3759,543431.3759,4811889.6563,4811889.6563,False,True,False,False,True,False,,False,False,unmatched_asset,1997-11-16T00:00:00,1,False,1,False
Water_Main_Breaks_-8394745777553033727.csv,582,8568,8568,1300,1300,2/8/2004 12:00:00 AM,2004-02-08T00:00:00,MAIN,MAIN,,,,,,,,,,,REPAIR COMPLETED,REPAIR COMPLETED,12/15/2011 3:38:28 PM,2011-12-15T15:38:28,,,,,UNKNOWN,UNKNOWN,OTHER,OTHER,,,,,,,,,,,,,CATEGORY 1,CATEGORY 1,8790,8790,55,55,BRAMM ST,BRAMM ST,139634,139634,,,,,300,300,2018,2018,PVC,PVC,N,N,2906febe-3f61-4fce-ba6d-c5c9090306ae,2906febe-3f61-4fce-ba6d-c5c9090306ae,DAVIDV,DAVIDV,12/15/2011 3:38:28 PM,2011-12-15T15:38:28,540328,540328,4810873,4810873,False,True,False,False,True,False,,False,False,unmatched_asset,2004-02-08T00:00:00,1,False,1,False
Water_Main_Breaks_-8394745777553033727.csv,590,8576,8576,162,162,1/18/2000 12:00:00 AM,2000-01-18T00:00:00,MAIN,MAIN,,,,,,,,,,,REPAIR COMPLETED,REPAIR COMPLETED,12/15/2011 3:38:26 PM,2011-12-15T15:38:26,,,,,UNKNOWN,UNKNOWN,OTHER,OTHER,,,,,,,,,,,,,CATEGORY 1,CATEGORY 1,11697,11697,62,62,BRICK ST,BRICK ST,4430,4430,,,,,150,150,1952,1952,DI,DI,N,N,9d76975d-3b2d-4bff-9452-868d5a2a46f4,9d76975d-3b2d-4bff-9452-868d5a2a46f4,DAVIDV,DAVIDV,12/15/2011 3:38:26 PM,2011-12-15T15:38:26,543002.8479,543002.8479,4810101.2888,4810101.2888,False,True,False,False,True,False,,False,False,unmatched_asset,2000-01-18T00:00:00,1,False,1,False
Water_Main_Breaks_-8394745777553033727.csv,592,8578,8578,1336,1336,1/12/2009 12:00:00 AM,2009-01-12T00:00:00,MAIN,MAIN,,,,,,,,,,,REPAIR COMPLETED,REPAIR COMPLETED,12/15/2011 3:38:28 PM,2011-12-15T15:38:28,3089,3089,,,UNKNOWN,UNKNOWN,OTHER,OTHER,,,,,,,,,,,,,CATEGORY 1,CATEGORY 1,20951,20951,15,15,ADMIRAL RD,ADMIRAL RD,81454,81454,,,,,,,,,,,N,N,c2717c60-4cfd-4a77-a3f2-c268f7981d82,c2717c60-4cfd-4a77-a3f2-c268f7981d82,DAVIDV,DAVIDV,12/15/2011 3:38:28 PM,2011-12-15T15:38:28,539959.6771,539959.6771,4809383.5225,4809383.5225,False,True,False,False,True,False,,False,False,unmatched_asset,2009-01-12T00:00:00,1,False,1,False
Water_Main_Breaks_-8394745777553033727.csv,594,8580,8580,288,288,2/22/2003 12:00:00 AM,2003-02-22T00:00:00,MAIN,MAIN,,,,,,,,,,,REPAIR COMPLETED,REPAIR COMPLETED,12/15/2011 3:38:26 PM,2011-12-15T15:38:26,,,,,UNKNOWN,UNKNOWN,OTHER,OTHER,,,,,,,,,,,,,CATEGORY 1,CATEGORY 1,40030,40030,109,109,FIFE AVE,FIFE AVE,63540,63540,,,,,,,,,,,N,N,9aea7a98-8075-4dc0-b2bb-5935bdd5a416,9aea7a98-8075-4dc0-b2bb-5935bdd5a416,DAVIDV,DAVIDV,12/15/2011 3:38:26 PM,2011-12-15T15:38:26,543156.7502,543156.7502,4811854.5781,4811854.5781,False,True,False,False,True,False,,False,False,unmatched_asset,2003-02-22T00:00:00,1,False,1,False
Water_Main_Breaks_-8394745777553033727.csv,595,8581,8581,62,62,6/7/1999 12:00:00 AM,1999-06-07T00:00:00,MAIN,MAIN,,,,,,,,,,,REPAIR COMPLETED,REPAIR COMPLETED,12/15/2011 3:38:26 PM,2011-12-15T15:38:26,,,,,UNKNOWN,UNKNOWN,OTHER,OTHER,,,,,,,,,,,,,CATEGORY 1,CATEGORY 1,9393,9393,135,135,OTTAWA ST S,OTTAWA ST S,29620,29620,,,,,150,150,1929,1929,CI,CI,N,N,83867d3d-24a8-427d-a230-808718926ec6,83867d3d-24a8-427d-a230-808718926ec6,DAVIDV,DAVIDV,12/15/2011 3:38:26 PM,2011-12-15T15:38:26,542468.5123,542468.5123,4809646.4728,4809646.4728,False,True,False,False,True,False,,False,False,unmatched_asset,1999-06-07T00:00:00,1,False,1,False
Water_Main_Breaks_-8394745777553033727.csv,598,8584,8584,987,987,2/20/2003 12:00:00 AM,2003-02-20T00:00:00,MAIN,MAIN,,,,,,,,,,,REPAIR COMPLETED,REPAIR COMPLETED,12/15/2011 3:38:27 PM,2011-12-15T15:38:27,,,,,UNKNOWN,UNKNOWN,OTHER,OTHER,,,,,,,,,,,,,CATEGORY 1,CATEGORY 1,6700,6700,55,55,DUKE ST W,DUKE ST W,10530,10530,,,,,100,100,1976,1976,DI,DI,N,N,8664c7e9-106e-4483-b5f4-faf0d1071421,8664c7e9-106e-4483-b5f4-faf0d1071421,DAVIDV,DAVIDV,12/15/2011 3:38:27 PM,2011-12-15T15:38:27,541220.4159,541220.4159,4811107.2841,4811107.2841,False,True,False,False,True,False,,False,False,unmatched_asset,2003-02-20T00:00:00,1,False,1,False
Water_Main_Breaks_-8394745777553033727.csv,602,8588,8588,1008,1008,12/13/2002 12:00:00 AM,2002-12-13T00:00:00,MAIN,MAIN,,,,,,,,,,,REPAIR COMPLETED,REPAIR COMPLETED,12/15/2011 3:38:27 PM,2011-12-15T15:38:27,,,,,UNKNOWN,UNKNOWN,OTHER,OTHER,,,,,,,,,,,,,CATEGORY 1,CATEGORY 1,13090,13090,44,44,BRIDGE ST E,BRIDGE ST E,489,489,,,,,,,,,,,N,N,fd851860-bd51-4183-ad59-2ea6f34537ca,fd851860-bd51-4183-ad59-2ea6f34537ca,DAVIDV,DAVIDV,12/15/2011 3:38:27 PM,2011-12-15T15:38:27,542232.0799,542232.0799,4814285.37,4814285.37,False,True,False,False,True,False,,False,False,unmatched_asset,2002-12-13T00:00:00,1,False,1,False
Water_Main_Breaks_-8394745777553033727.csv,604,8590,8590,1097,1097,2/18/2007 12:00:00 AM,2007-02-18T00:00:00,MAIN,MAIN,,,,,,,,,,,REPAIR COMPLETED,REPAIR COMPLETED,12/15/2011 3:38:27 PM,2011-12-15T15:38:27,169774,169774,,,UNKNOWN,UNKNOWN,AGE,AGE,,,,,,,,,,,,,CATEGORY 1,CATEGORY 1,9411,9411,147,147,VANIER DR,VANIER DR,39040,39040,,,,,200,200,1953,1953,CI,CI,N,N,ef9beb38-2d12-4cf5-9937-c24501eec0fe,ef9beb38-2d12-4cf5-9937-c24501eec0fe,DAVIDV,DAVIDV,12/15/2011 3:38:27 PM,2011-12-15T15:38:27,543471.0112,543471.0112,4808418.9573,4808418.9573,False,True,False,False,True,False,,False,False,unmatched_asset,2007-02-18T00:00:00,1,False,1,False
Water_Main_Breaks_-8394745777553033727.csv,609,8595,8595,820,820,8/1/2006 12:00:00 AM,2006-08-01T00:00:00,MAIN,MAIN,,,,,,,,,,,REPAIR COMPLETED,REPAIR COMPLETED,12/15/2011 3:38:27 PM,2011-12-15T15:38:27,,,,,UNKNOWN,UNKNOWN,OTHER,OTHER,,,,,,,,,,,,,CATEGORY 1,CATEGORY 1,10863,10863,844,844,COURTLAND AVE E,COURTLAND AVE E,8420,8420,,,,,,,,,,,N,N,1606f760-b3e6-4d6b-8858-96f139a013da,1606f760-b3e6-4d6b-8858-96f139a013da,DAVIDV,DAVIDV,12/15/2011 3:38:27 PM,2011-12-15T15:38:27,543130.9994,543130.9994,4808492.1129,4808492.1129,False,True,False,False,True,False,,False,False,unmatched_asset,2006-08-01T00:00:00,1,False,1,False
Water_Main_Breaks_-8394745777553033727.csv,610,8596,8596,1370,1370,2/14/2009 12:00:00 AM,2009-02-14T00:00:00,MAIN,MAIN,,,,,,,,,,,REPAIR COMPLETED,REPAIR COMPLETED,12/15/2011 3:38:28 PM,2011-12-15T15:38:28,4902,4902,,,UNKNOWN,UNKNOWN,OTHER,OTHER,,,,,,,,,,,,,CATEGORY 1,CATEGORY 1,22328,22328,99,99,JANSEN AVE,JANSEN AVE,20570,20570,,,,,150,150,1961,1961,CI,CI,N,N,b13ce28e-9e55-4da4-9ea5-0722cde5cd7b,b13ce28e-9e55-4da4-9ea5-0722cde5cd7b,DAVIDV,DAVIDV,12/15/2011 3:38:28 PM,2011-12-15T15:38:28,545846.9894,545846.9894,4808899.0554,4808899.0554,False,True,False,False,True,False,,False,False,unmatched_asset,2009-02-14T00:00:00,2,True,2,True
Water_Main_Breaks_-8394745777553033727.csv,616,8602,8602,287,287,3/2/2004 12:00:00 AM,2004-03-02T00:00:00,MAIN,MAIN,,,,,,,,,,,REPAIR COMPLETED,REPAIR COMPLETED,12/15/2011 3:38:26 PM,2011-12-15T15:38:26,,,,,UNKNOWN,UNKNOWN,OTHER,OTHER,,,,,,,,,,,,,CATEGORY 1,CATEGORY 1,9896,9896,88,88,CAMBRIDGE AVE,CAMBRIDGE AVE,57690,57690,,,,,,,,,,,N,N,cc75d1ad-2923-4c19-b93a-6b79043c6189,cc75d1ad-2923-4c19-b93a-6b79043c6189,DAVIDV,DAVIDV,12/15/2011 3:38:26 PM,2011-12-15T15:38:26,543409.805,543409.805,4811620.9415,4811620.9415,False,True,False,False,True,False,,False,False,unmatched_asset,2004-03-02T00:00:00,1,False,1,False
Water_Main_Breaks_-8394745777553033727.csv,617,8603,8603,274,274,12/21/2001 12:00:00 AM,2001-12-21T00:00:00,MAIN,MAIN,,,,,,,,,,,REPAIR COMPLETED,REPAIR COMPLETED,12/15/2011 3:38:26 PM,2011-12-15T15:38:26,,,,,UNKNOWN,UNKNOWN,OTHER,OTHER,,,,,,,,,,,,,CATEGORY 1,CATEGORY 1,8648,8648,36,36,SANDRA AVE,SANDRA AVE,33920,33920,,,,,150,150,1954,1954,CI,CI,N,N,52806c68-b4cc-47d9-bc6e-19db584591a5,52806c68-b4cc-47d9-bc6e-19db584591a5,DAVIDV,DAVIDV,12/15/2011 3:38:26 PM,2011-12-15T15:38:26,539784.1011,539784.1011,4810070.4402,4810070.4402,False,True,False,False,True,False,,False,False,unmatched_asset,2001-12-21T00:00:00,1,False,1,False
Water_Main_Breaks_-8394745777553033727.csv,619,8605,8605,29,29,2/16/2006 12:00:00 AM,2006-02-16T00:00:00,MAIN,MAIN,,,,,,,,,,,REPAIR COMPLETED,REPAIR COMPLETED,12/15/2011 3:38:26 PM,2011-12-15T15:38:26,,,,,UNKNOWN,UNKNOWN,OTHER,OTHER,,,,,,,,,,,,,CATEGORY 1,CATEGORY 1,9213,9213,24,24,SHELDON AVE N,SHELDON AVE N,34620,34620,,,,,150,150,1922,1922,CI,CI,N,N,3cdced5f-cf82-4c10-ac7b-c0f3d483e758,3cdced5f-cf82-4c10-ac7b-c0f3d483e758,DAVIDV,DAVIDV,12/15/2011 3:38:26 PM,2011-12-15T15:38:26,543055.52,543055.52,4809941.0648,4809941.0648,False,True,False,False,True,False,,False,False,unmatched_asset,2006-02-16T00:00:00,1,False,1,False
Water_Main_Breaks_-8394745777553033727.csv,620,8606,8606,1261,1261,12/1/2008 12:00:00 AM,2008-12-01T00:00:00,MAIN,MAIN,,,,,,,,,,,REPAIR COMPLETED,REPAIR COMPLETED,12/15/2011 3:38:27 PM,2011-12-15T15:38:27,2326,2326,,,UNKNOWN,UNKNOWN,OTHER,OTHER,,,,,,,,,,,,,CATEGORY 1,CATEGORY 1,11284,11284,159,159,BECKER ST,BECKER ST,1780,1780,,,,,,,,,,,N,N,01e1de36-9e2a-465a-b153-b2eab7f65ee1,01e1de36-9e2a-465a-b153-b2eab7f65ee1,DAVIDV,DAVIDV,12/15/2011 3:38:27 PM,2011-12-15T15:38:27,543040.4849,543040.4849,4811535.3439,4811535.3439,False,True,False,False,True,False,,False,False,unmatched_asset,2008-12-01T00:00:00,1,False,1,False
Water_Main_Breaks_-8394745777553033727.csv,623,8609,8609,157,157,5/5/1997 12:00:00 AM,1997-05-05T00:00:00,MAIN,MAIN,,,,,,,,,,,REPAIR COMPLETED,REPAIR COMPLETED,12/15/2011 3:38:26 PM,2011-12-15T15:38:26,,,,,UNKNOWN,UNKNOWN,OTHER,OTHER,,,,,,,,,,,,,CATEGORY 1,CATEGORY 1,11697,11697,58,58,BRICK ST,BRICK ST,4430,4430,,,,,150,150,1952,1952,DI,DI,N,N,361b2087-4470-4933-b478-e05680f90af2,361b2087-4470-4933-b478-e05680f90af2,DAVIDV,DAVIDV,12/15/2011 3:38:26 PM,2011-12-15T15:38:26,542990.9718,542990.9718,4810093.2294,4810093.2294,False,True,False,False,True,False,,False,False,unmatched_asset,1997-05-05T00:00:00,1,False,1,False
Water_Main_Breaks_-8394745777553033727.csv,628,8614,8614,669,669,7/11/1997 12:00:00 AM,1997-07-11T00:00:00,MAIN,MAIN,,,,,,,,,,,REPAIR COMPLETED,REPAIR COMPLETED,12/15/2011 3:38:27 PM,2011-12-15T15:38:27,,,,,UNKNOWN,UNKNOWN,OTHER,OTHER,,,,,,,,,,,,,CATEGORY 1,CATEGORY 1,8795,8795,280,280,JOSEPH ST,JOSEPH ST,20670,20670,,,,,,,,,,,N,N,10b6e764-9300-4a7d-8579-08c86131763c,10b6e764-9300-4a7d-8579-08c86131763c,DAVIDV,DAVIDV,12/15/2011 3:38:27 PM,2011-12-15T15:38:27,540385.5928,540385.5928,4811068.5677,4811068.5677,False,True,False,False,True,False,,False,False,unmatched_asset,1997-07-11T00:00:00,1,False,1,False
Water_Main_Breaks_-8394745777553033727.csv,629,8615,8615,208,208,12/3/1999 12:00:00 AM,1999-12-03T00:00:00,MAIN,MAIN,,,,,,,,,,,REPAIR COMPLETED,REPAIR COMPLETED,12/15/2011 3:38:26 PM,2011-12-15T15:38:26,,,,,UNKNOWN,UNKNOWN,OTHER,OTHER,,,,,,,,,,,,,CATEGORY 1,CATEGORY 1,9884,9884,44,44,CAMBRIDGE AVE,CAMBRIDGE AVE,5250,5250,,,,,,,,,,,N,N,2aec670f-5319-45e7-a3a8-7bacef2f7d0f,2aec670f-5319-45e7-a3a8-7bacef2f7d0f,DAVIDV,DAVIDV,12/15/2011 3:38:26 PM,2011-12-15T15:38:26,543307.7762,543307.7762,4811744.6742,4811744.6742,False,True,False,False,True,False,,False,False,unmatched_asset,1999-12-03T00:00:00,1,False,1,False
Water_Main_Breaks_-8394745777553033727.csv,632,8618,8618,278,278,12/10/1997 12:00:00 AM,1997-12-10T00:00:00,MAIN,MAIN,,,,,,,,,,,REPAIR COMPLETED,REPAIR COMPLETED,12/15/2011 3:38:26 PM,2011-12-15T15:38:26,,,,,UNKNOWN,UNKNOWN,OTHER,OTHER,,,,,,,,,,,,,CATEGORY 1,CATEGORY 1,9921,9921,228,228,SHERWOOD AVE,SHERWOOD AVE,34860,34860,,,,,150,150,1954,1954,CI,CI,N,N,838943d6-8546-4e4d-9e56-fe1569ba1407,838943d6-8546-4e4d-9e56-fe1569ba1407,DAVIDV,DAVIDV,12/15/2011 3:38:26 PM,2011-12-15T15:38:26,543626.1631,543626.1631,4811798.6133,4811798.6133,False,True,False,False,True,False,,False,False,unmatched_asset,1997-12-10T00:00:00,1,False,1,False
Water_Main_Breaks_-8394745777553033727.csv,634,8620,8620,557,557,12/15/2005 12:00:00 AM,2005-12-15T00:00:00,MAIN,MAIN,,,,,,,,,,,REPAIR COMPLETED,REPAIR COMPLETED,12/15/2011 3:38:27 PM,2011-12-15T15:38:27,,,,,UNKNOWN,UNKNOWN,OTHER,OTHER,,,,,,,,,,,,,CATEGORY 1,CATEGORY 1,12113,12113,20,20,WINDOM RD,WINDOM RD,43740,43740,,,,,,,,,,,N,N,995944f8-c6dc-47b9-bed1-c083736e24f9,995944f8-c6dc-47b9-bed1-c083736e24f9,DAVIDV,DAVIDV,12/15/2011 3:38:27 PM,2011-12-15T15:38:27,546290.4053,546290.4053,4808860.3961,4808860.3961,False,True,False,False,True,False,,False,False,unmatched_asset,2005-12-15T00:00:00,1,False,1,False
Water_Main_Breaks_-8394745777553033727.csv,636,8622,8622,1961,1961,1/24/2014 12:00:00 AM,2014-01-24T00:00:00,MAIN,MAIN,,,,,,,,,,,REPAIR COMPLETED,REPAIR COMPLETED,8/8/2014 12:00:00 AM,2014-08-08T00:00:00,95342,95342,,,UNKNOWN,UNKNOWN,OTHER,OTHER,,,,,,,,,,,,,CATEGORY 1,CATEGORY 1,23267,23267,92,92,CONWAY DR,CONWAY DR,7960,7960,,,,,,,,,,,N,N,bf86b59b-2b4c-4518-8f6e-99b90c5bdd61,bf86b59b-2b4c-4518-8f6e-99b90c5bdd61,DAVIDV,DAVIDV,8/8/2014 12:00:00 AM,2014-08-08T00:00:00,545372.6334,545372.6334,4810822.3283,4810822.3283,False,True,False,False,True,False,,False,False,unmatched_asset,2014-01-24T00:00:00,1,False,1,False
Water_Main_Breaks_-8394745777553033727.csv,645,8631,8631,1970,1970,1/15/2014 12:00:00 AM,2014-01-15T00:00:00,MAIN,MAIN,,,,,,,,,,,REPAIR COMPLETED,REPAIR COMPLETED,8/8/2014 12:00:00 AM,2014-08-08T00:00:00,94832,94832,,,UNKNOWN,UNKNOWN,OTHER,OTHER,,,,,,,,,,,,,CATEGORY 1,CATEGORY 1,23238,23238,10,10,WAYNE DR,WAYNE DR,40740,40740,,,,,,,,,,,N,N,899457b5-79c5-4e9e-824b-36bb7613821f,899457b5-79c5-4e9e-824b-36bb7613821f,DAVIDV,DAVIDV,8/8/2014 12:00:00 AM,2014-08-08T00:00:00,545252.6515,545252.6515,4810653.0535,4810653.0535,False,True,False,False,True,False,,False,False,unmatched_asset,2014-01-15T00:00:00,1,False,1,False
Water_Main_Breaks_-8394745777553033727.csv,658,8644,8644,37,37,2/5/1999 12:00:00 AM,1999-02-05T00:00:00,MAIN,MAIN,,,,,,,,,,,REPAIR COMPLETED,REPAIR COMPLETED,12/15/2011 3:38:26 PM,2011-12-15T15:38:26,,,,,UNKNOWN,UNKNOWN,OTHER,OTHER,,,,,,,,,,,,,CATEGORY 1,CATEGORY 1,9226,9226,534,534,CHARLES ST E,CHARLES ST E,6710,6710,,,,,100,100,1922,1922,CI,CI,N,N,6b2c03d8-3ffe-4d4c-9b85-f34539823554,6b2c03d8-3ffe-4d4c-9b85-f34539823554,DAVIDV,DAVIDV,12/15/2011 3:38:26 PM,2011-12-15T15:38:26,542601.6216,542601.6216,4810005.196,4810005.196,False,True,False,False,True,False,,False,False,unmatched_asset,1999-02-05T00:00:00,1,False,1,False
Water_Main_Breaks_-8394745777553033727.csv,659,8645,8645,368,368,9/1/1998 12:00:00 AM,1998-09-01T00:00:00,MAIN,MAIN,,,,,,,,,,,REPAIR COMPLETED,REPAIR COMPLETED,12/15/2011 3:38:26 PM,2011-12-15T15:38:26,,,,,UNKNOWN,UNKNOWN,OTHER,OTHER,,,,,,,,,,,,,CATEGORY 1,CATEGORY 1,6453,6453,741,741,STIRLING AVE S,STIRLING AVE S,36230,36230,,,,,,,,,,,N,N,96fcab57-1baa-420a-bcce-113eda8480fb,96fcab57-1baa-420a-bcce-113eda8480fb,DAVIDV,DAVIDV,12/15/2011 3:38:26 PM,2011-12-15T15:38:26,540758.2787,540758.2787,4808646.2864,4808646.2864,False,True,False,False,True,False,,False,False,unmatched_asset,1998-09-01T00:00:00,1,False,1,False
Water_Main_Breaks_-8394745777553033727.csv,663,8649,8649,2131,2131,4/25/2015 12:00:00 AM,2015-04-25T00:00:00,MAIN,MAIN,,,,,,,,,,,REPAIR COMPLETED,REPAIR COMPLETED,1/22/2016 12:00:00 AM,2016-01-22T00:00:00,131099,131099,,,UNKNOWN,UNKNOWN,OTHER,OTHER,,,,,,,,,,,,,CATEGORY 1,CATEGORY 1,10185,10185,393,393,WEBER ST E,WEBER ST E,40960,40960,,,,,,,,,,,N,N,236a805f-dac0-48ff-a1fd-ad41a8912efd,236a805f-dac0-48ff-a1fd-ad41a8912efd,DAVIDV,DAVIDV,11/27/2018 12:00:00 AM,2018-11-27T00:00:00,543043.1757,543043.1757,4810317.0539,4810317.0539,False,True,False,False,True,False,,False,False,unmatched_asset,2015-04-25T00:00:00,1,False,1,False
Water_Main_Breaks_-8394745777553033727.csv,675,8661,8661,2143,2143,8/24/2015 12:00:00 AM,2015-08-24T00:00:00,MAIN,MAIN,,,,,,,,,,,REPAIR COMPLETED,REPAIR COMPLETED,1/22/2016 12:00:00 AM,2016-01-22T00:00:00,142756,142756,,,UNKNOWN,UNKNOWN,OTHER,OTHER,,,,,,,,,,,,,CATEGORY 1,CATEGORY 1,9238,9238,16,16,MAURICE ST,MAURICE ST,25700,25700,,,,,,,,,,,N,N,52244347-57ab-49db-b52f-9afbda62fd52,52244347-57ab-49db-b52f-9afbda62fd52,DAVIDV,DAVIDV,11/27/2018 12:00:00 AM,2018-11-27T00:00:00,542705.4461,542705.4461,4809853.0315,4809853.0315,False,True,False,False,True,False,,False,False,unmatched_asset,2015-08-24T00:00:00,1,False,1,False
Water_Main_Breaks_-8394745777553033727.csv,688,8674,8674,627,627,11/30/1999 12:00:00 AM,1999-11-30T00:00:00,MAIN,MAIN,,,,,,,,,,,REPAIR COMPLETED,REPAIR COMPLETED,12/15/2011 3:38:27 PM,2011-12-15T15:38:27,,,,,UNKNOWN,UNKNOWN,OTHER,OTHER,,,,,,,,,,,,,CATEGORY 1,CATEGORY 1,23047,23047,359,359,SOUTHILL DR,SOUTHILL DR,35260,35260,,,,,,,,,,,N,N,934027eb-1ef3-4f3d-93c3-2bc16d3b7415,934027eb-1ef3-4f3d-93c3-2bc16d3b7415,DAVIDV,DAVIDV,12/15/2011 3:38:27 PM,2011-12-15T15:38:27,546358.9734,546358.9734,4808732.9377,4808732.9377,False,True,False,False,True,False,,False,False,unmatched_asset,1999-11-30T00:00:00,1,False,1,False
Water_Main_Breaks_-8394745777553033727.csv,692,8678,8678,505,505,12/15/2011 12:00:00 AM,2011-12-15T00:00:00,MAIN,MAIN,,,,,,,,,,,REPAIR COMPLETED,REPAIR COMPLETED,12/15/2011 3:38:27 PM,2011-12-15T15:38:27,,,,,UNKNOWN,UNKNOWN,OTHER,OTHER,,,,,,,,,,,,,CATEGORY 1,CATEGORY 1,0,0,,,,,0,0,,,,,,,,,,,N,N,7ce0a441-0385-45b6-b915-6c6d1a8c0876,7ce0a441-0385-45b6-b915-6c6d1a8c0876,DAVIDV,DAVIDV,12/15/2011 3:38:27 PM,2011-12-15T15:38:27,534552.3803,534552.3803,4810209.6512,4810209.6512,False,True,False,False,True,True,,False,False,unmatched_asset,2011-12-15T00:00:00,7,True,7,True
Water_Main_Breaks_-8394745777553033727.csv,696,8682,8682,1379,1379,3/17/2009 12:00:00 AM,2009-03-17T00:00:00,MAIN,MAIN,,,,,,,,,,,REPAIR COMPLETED,REPAIR COMPLETED,12/15/2011 3:38:28 PM,2011-12-15T15:38:28,6590,6590,,,UNKNOWN,UNKNOWN,OTHER,OTHER,,,,,,,,,,,,,CATEGORY 1,CATEGORY 1,11697,11697,35,35,BRICK ST,BRICK ST,4430,4430,,,,,150,150,1952,1952,DI,DI,N,N,92fb2859-0587-4ed7-abb6-18414f565212,92fb2859-0587-4ed7-abb6-18414f565212,DAVIDV,DAVIDV,12/15/2011 3:38:28 PM,2011-12-15T15:38:28,542927.1228,542927.1228,4810049.9004,4810049.9004,False,True,False,False,True,False,,False,False,unmatched_asset,2009-03-17T00:00:00,1,False,1,False
Water_Main_Breaks_-8394745777553033727.csv,698,8684,8684,1387,1387,5/25/2009 12:00:00 AM,2009-05-25T00:00:00,MAIN,MAIN,,,,,,,,,,,REPAIR COMPLETED,REPAIR COMPLETED,12/15/2011 3:38:28 PM,2011-12-15T15:38:28,10575,10575,,,UNKNOWN,UNKNOWN,OTHER,OTHER,,,,,,,,,,,,,CATEGORY 1,CATEGORY 1,9393,9393,,,OTTAWA ST S,OTTAWA ST S,29620,29620,,,,,150,150,1929,1929,CI,CI,N,N,f0c167bf-6af7-48f1-b565-fd979854e958,f0c167bf-6af7-48f1-b565-fd979854e958,DAVIDV,DAVIDV,12/15/2011 3:38:28 PM,2011-12-15T15:38:28,542457.0556,542457.0556,4809632.1853,4809632.1853,False,True,False,False,True,False,,False,False,unmatched_asset,2009-05-25T00:00:00,1,False,1,False
Water_Main_Breaks_-8394745777553033727.csv,700,8686,8686,681,681,3/8/1997 12:00:00 AM,1997-03-08T00:00:00,MAIN,MAIN,,,,,,,,,,,REPAIR COMPLETED,REPAIR COMPLETED,12/15/2011 3:38:27 PM,2011-12-15T15:38:27,,,,,UNKNOWN,UNKNOWN,OTHER,OTHER,,,,,,,,,,,,,CATEGORY 1,CATEGORY 1,11505,11505,102,102,CONWAY DR,CONWAY DR,7970,7970,,,,,,,,,,,N,N,86530cf9-40ad-413b-83ad-c9653e645cc0,86530cf9-40ad-413b-83ad-c9653e645cc0,DAVIDV,DAVIDV,12/15/2011 3:38:27 PM,2011-12-15T15:38:27,545409.0249,545409.0249,4810851.6789,4810851.6789,False,True,False,False,True,False,,False,False,unmatched_asset,1997-03-08T00:00:00,1,False,1,False
Water_Main_Breaks_-8394745777553033727.csv,704,8690,8690,734,734,10/27/2006 12:00:00 AM,2006-10-27T00:00:00,MAIN,MAIN,,,,,,,,,,,REPAIR COMPLETED,REPAIR COMPLETED,12/15/2011 3:38:27 PM,2011-12-15T15:38:27,,,,,UNKNOWN,UNKNOWN,OTHER,OTHER,,,,,,,,,,,,,CATEGORY 1,CATEGORY 1,11614,11614,15,15,HUGO CRES,HUGO CRES,20030,20030,,,,,150,150,1963,1963,CI,CI,N,N,d428ba08-3bcc-4a00-91c3-11ad6edf25cf,d428ba08-3bcc-4a00-91c3-11ad6edf25cf,DAVIDV,DAVIDV,12/15/2011 3:38:27 PM,2011-12-15T15:38:27,541238.8052,541238.8052,4808884.9057,4808884.9057,False,True,False,False,True,False,,False,False,unmatched_asset,2006-10-27T00:00:00,1,False,1,False
Water_Main_Breaks_-8394745777553033727.csv,707,8693,8693,1392,1392,6/13/2009 12:00:00 AM,2009-06-13T00:00:00,MAIN,MAIN,,,,,,,,,,,REPAIR COMPLETED,REPAIR COMPLETED,12/15/2011 3:38:28 PM,2011-12-15T15:38:28,11819,11819,,,UNKNOWN,UNKNOWN,OTHER,OTHER,,,,,,,,,,,,,CATEGORY 1,CATEGORY 1,10748,10748,177,177,HAYWARD AVE,HAYWARD AVE,76729,76729,,,,,150,150,1967,1967,DI,DI,N,N,b8ee4b5a-3f25-439c-aac7-0b084c8f2de7,b8ee4b5a-3f25-439c-aac7-0b084c8f2de7,DAVIDV,DAVIDV,12/15/2011 3:38:28 PM,2011-12-15T15:38:28,542926.5009,542926.5009,4808179.9666,4808179.9666,False,True,False,False,True,False,,False,False,unmatched_asset,2009-06-13T00:00:00,1,False,1,False
Water_Main_Breaks_-8394745777553033727.csv,713,8699,8699,227,227,1/9/1999 12:00:00 AM,1999-01-09T00:00:00,MAIN,MAIN,,,,,,,,,,,REPAIR COMPLETED,REPAIR COMPLETED,12/15/2011 3:38:26 PM,2011-12-15T15:38:26,,,,,UNKNOWN,UNKNOWN,OTHER,OTHER,,,,,,,,,,,,,CATEGORY 1,CATEGORY 1,13306,13306,96,96,SECOND AVE,SECOND AVE,90616,90616,,,,,,,,,,,N,N,65320d7d-cbb2-4f1c-93b8-ad9011208c81,65320d7d-cbb2-4f1c-93b8-ad9011208c81,DAVIDV,DAVIDV,12/15/2011 3:38:26 PM,2011-12-15T15:38:26,544003.3685,544003.3685,4809038.0333,4809038.0333,False,True,False,False,True,False,,False,False,unmatched_asset,1999-01-09T00:00:00,1,False,1,False
Water_Main_Breaks_-8394745777553033727.csv,718,8704,8704,1055,1055,1/14/2007 12:00:00 AM,2007-01-14T00:00:00,MAIN,MAIN,,,,,,,,,,,REPAIR COMPLETED,REPAIR COMPLETED,12/15/2011 3:38:27 PM,2011-12-15T15:38:27,168480,168480,,,UNKNOWN,UNKNOWN,OTHER,OTHER,,,,,,,,,,,,,CATEGORY 1,CATEGORY 1,12566,12566,176,176,BRIDGE ST E,BRIDGE ST E,4648,4648,,,,,,,,,,,N,N,31d5c878-7c96-4c1e-b3bb-c8432bea823f,31d5c878-7c96-4c1e-b3bb-c8432bea823f,DAVIDV,DAVIDV,12/15/2011 3:38:27 PM,2011-12-15T15:38:27,542879.8531,542879.8531,4813964.9685,4813964.9685,False,True,False,False,True,False,,False,False,unmatched_asset,2007-01-14T00:00:00,1,False,1,False
Water_Main_Breaks_-8394745777553033727.csv,723,8709,8709,614,614,10/13/2005 12:00:00 AM,2005-10-13T00:00:00,MAIN,MAIN,,,,,,,,,,,REPAIR COMPLETED,REPAIR COMPLETED,12/15/2011 3:38:27 PM,2011-12-15T15:38:27,,,,,UNKNOWN,UNKNOWN,OTHER,OTHER,,,,,,,,,,,,,CATEGORY 1,CATEGORY 1,22316,22316,66,66,GUERIN AVE,GUERIN AVE,17780,17780,,,,,,,,,,,N,N,08567da9-6286-4485-ace3-3a96dc06994f,08567da9-6286-4485-ace3-3a96dc06994f,DAVIDV,DAVIDV,10/25/2021 9:27:41 AM,2021-10-25T09:27:41,545855.1484,545855.1484,4808967.6344,4808967.6344,False,True,False,False,True,False,,False,False,unmatched_asset,2005-10-13T00:00:00,1,False,1,False
Water_Main_Breaks_-8394745777553033727.csv,724,8710,8710,191,191,3/2/2004 12:00:00 AM,2004-03-02T00:00:00,MAIN,MAIN,,,,,,,,,,,REPAIR COMPLETED,REPAIR COMPLETED,12/15/2011 3:38:26 PM,2011-12-15T15:38:26,,,,,UNKNOWN,UNKNOWN,OTHER,OTHER,,,,,,,,,,,,,CATEGORY 1,CATEGORY 1,11278,11278,226,226,CHAPEL ST,CHAPEL ST,6500,6500,,,,,,,,,,,N,N,5b85d3d0-5d75-4525-b883-e1746430bc58,5b85d3d0-5d75-4525-b883-e1746430bc58,DAVIDV,DAVIDV,12/15/2011 3:38:26 PM,2011-12-15T15:38:26,542682.3895,542682.3895,4811507.1321,4811507.1321,False,True,False,False,True,False,,False,False,unmatched_asset,2004-03-02T00:00:00,1,False,1,False
Water_Main_Breaks_-8394745777553033727.csv,730,8716,8716,309,309,1/15/2003 12:00:00 AM,2003-01-15T00:00:00,MAIN,MAIN,,,,,,,,,,,REPAIR COMPLETED,REPAIR COMPLETED,12/15/2011 3:38:26 PM,2011-12-15T15:38:26,,,,,UNKNOWN,UNKNOWN,OTHER,OTHER,,,,,,,,,,,,,CATEGORY 1,CATEGORY 1,70030,70030,30,30,BURN PL,BURN PL,5110,5110,,,,,,,,,,,N,N,7fd18410-bab8-4448-89a5-40caede07445,7fd18410-bab8-4448-89a5-40caede07445,DAVIDV,DAVIDV,12/15/2011 3:38:26 PM,2011-12-15T15:38:26,539841.3677,539841.3677,4809876.8078,4809876.8078,False,True,False,False,True,False,,False,False,unmatched_asset,2003-01-15T00:00:00,1,False,1,False
Water_Main_Breaks_-8394745777553033727.csv,731,8717,8717,514,514,1/16/2004 12:00:00 AM,2004-01-16T00:00:00,MAIN,MAIN,,,,,,,,,,,REPAIR COMPLETED,REPAIR COMPLETED,12/15/2011 3:38:27 PM,2011-12-15T15:38:27,,,,,UNKNOWN,UNKNOWN,OTHER,OTHER,,,,,,,,,,,,,CATEGORY 1,CATEGORY 1,12096,12096,124,124,WALKER ST,WALKER ST,40340,40340,,,,,,,,,,,N,N,cf044425-a058-452f-83aa-3961ea2e2b71,cf044425-a058-452f-83aa-3961ea2e2b71,DAVIDV,DAVIDV,10/25/2021 9:27:21 AM,2021-10-25T09:27:21,545641.8687,545641.8687,4809043.9443,4809043.9443,False,True,False,False,True,False,,False,False,unmatched_asset,2004-01-16T00:00:00,1,False,1,False
Water_Main_Breaks_-8394745777553033727.csv,735,8721,8721,2331,2331,2/4/2018 12:00:00 AM,2018-02-04T00:00:00,MAIN,MAIN,,,,,,,,,,,REPAIR COMPLETED,REPAIR COMPLETED,11/27/2018 12:00:00 AM,2018-11-27T00:00:00,203519,203519,,,UNKNOWN,UNKNOWN,OTHER,OTHER,,,,,,,,,,,,,CATEGORY 1,CATEGORY 1,10953,10953,417,417,GREENFIELD AVE,GREENFIELD AVE,17380,17380,,,,,,,,,,,N,N,c276243a-10d4-4e22-bac7-0b23233c2779,c276243a-10d4-4e22-bac7-0b23233c2779,GIS_DATA,GIS_DATA,11/27/2018 12:00:00 AM,2018-11-27T00:00:00,544612.8805,544612.8805,4808344.7046,4808344.7046,False,True,False,False,True,False,,False,False,unmatched_asset,2018-02-04T00:00:00,1,False,1,False
Water_Main_Breaks_-8394745777553033727.csv,736,8722,8722,2332,2332,2/2/2018 12:00:00 AM,2018-02-02T00:00:00,MAIN,MAIN,,,,,,,,,,,REPAIR COMPLETED,REPAIR COMPLETED,11/27/2018 12:00:00 AM,2018-11-27T00:00:00,203466,203466,,,UNKNOWN,UNKNOWN,OTHER,OTHER,,,,,,,,,,,,,CATEGORY 1,CATEGORY 1,9232,9232,11,11,OTTAWA ST N,OTTAWA ST N,84436,84436,,,,,,,,,,,N,N,000bfed1-fb3b-41ce-9b2e-e42c1f51ad45,000bfed1-fb3b-41ce-9b2e-e42c1f51ad45,GIS_DATA,GIS_DATA,11/27/2018 12:00:00 AM,2018-11-27T00:00:00,542755.959,542755.959,4810031.7424,4810031.7424,False,True,False,False,True,False,,False,False,unmatched_asset,2018-02-02T00:00:00,1,False,1,False
Water_Main_Breaks_-8394745777553033727.csv,737,8723,8723,2333,2333,2/3/2018 12:00:00 AM,2018-02-03T00:00:00,MAIN,MAIN,,,,,,,,,,,REPAIR COMPLETED,REPAIR COMPLETED,11/27/2018 12:00:00 AM,2018-11-27T00:00:00,203514,203514,,,UNKNOWN,UNKNOWN,OTHER,OTHER,,,,,,,,,,,,,CATEGORY 1,CATEGORY 1,22319,22319,49,49,FLORENCE AVE,FLORENCE AVE,14680,14680,,,,,,,,,,,N,N,0136aeca-2cec-429e-8f91-2d0f8d52b087,0136aeca-2cec-429e-8f91-2d0f8d52b087,DAVIDV,DAVIDV,10/25/2021 9:33:56 AM,2021-10-25T09:33:56,545612.0357,545612.0357,4808825.8574,4808825.8574,False,True,False,False,True,False,,False,False,unmatched_asset,2018-02-03T00:00:00,1,False,1,False
Water_Main_Breaks_-8394745777553033727.csv,743,8729,8729,2339,2339,1/20/2018 12:00:00 AM,2018-01-20T00:00:00,MAIN,MAIN,,,,,,,,,,,REPAIR COMPLETED,REPAIR COMPLETED,11/27/2018 12:00:00 AM,2018-11-27T00:00:00,201812,201812,,,UNKNOWN,UNKNOWN,OTHER,OTHER,,,,,,,,,,,,,CATEGORY 1,CATEGORY 1,10060,10060,270,270,KIPLING AVE,KIPLING AVE,39050,39050,,,,,150,150,1959,1959,CI,CI,N,N,ce7a335a-2633-47e5-bf75-2fa02e86359f,ce7a335a-2633-47e5-bf75-2fa02e86359f,GIS_DATA,GIS_DATA,11/27/2018 12:00:00 AM,2018-11-27T00:00:00,543664.1522,543664.1522,4808178.2704,4808178.2704,False,True,False,False,True,False,,False,False,unmatched_asset,2018-01-20T00:00:00,1,False,1,False
Water_Main_Breaks_-8394745777553033727.csv,747,8733,8733,2152,2152,11/10/2015 12:00:00 AM,2015-11-10T00:00:00,MAIN,MAIN,,,,,,,,,,,REPAIR COMPLETED,REPAIR COMPLETED,1/22/2016 12:00:00 AM,2016-01-22T00:00:00,147435,147435,,,UNKNOWN,UNKNOWN,OTHER,OTHER,,,,,,,,,,,,,CATEGORY 1,CATEGORY 1,11743,11743,436,436,OTTAWA ST S,OTTAWA ST S,95460,95460,,,,,,,,,,,N,N,83d36948-db05-4ecc-a5cc-a25781ae87d8,83d36948-db05-4ecc-a5cc-a25781ae87d8,DAVIDV,DAVIDV,11/27/2018 12:00:00 AM,2018-11-27T00:00:00,542108.9881,542108.9881,4808845.3938,4808845.3938,False,True,False,False,True,False,,False,False,unmatched_asset,2015-11-10T00:00:00,1,False,1,False
Water_Main_Breaks_-8394745777553033727.csv,752,8738,8738,267,267,7/20/2005 12:00:00 AM,2005-07-20T00:00:00,MAIN,MAIN,,,,,,,,,,,REPAIR COMPLETED,REPAIR COMPLETED,12/15/2011 3:38:26 PM,2011-12-15T15:38:26,,,,,UNKNOWN,UNKNOWN,OTHER,OTHER,,,,,,,,,,,,,CATEGORY 1,CATEGORY 1,11743,11743,473,473,OTTAWA ST S,OTTAWA ST S,29660,29660,,,,,,,,,,,N,N,346376f6-1b5e-41dc-9b2a-bbe387e68717,346376f6-1b5e-41dc-9b2a-bbe387e68717,DAVIDV,DAVIDV,12/15/2011 3:38:26 PM,2011-12-15T15:38:26,542046.5607,542046.5607,4808771.0233,4808771.0233,False,True,False,False,True,False,,False,False,unmatched_asset,2005-07-20T00:00:00,1,False,1,False
Water_Main_Breaks_-8394745777553033727.csv,755,8741,8741,34,34,1/21/2003 12:00:00 AM,2003-01-21T00:00:00,MAIN,MAIN,,,,,,,,,,,REPAIR COMPLETED,REPAIR COMPLETED,12/15/2011 3:38:26 PM,2011-12-15T15:38:26,,,,,UNKNOWN,UNKNOWN,OTHER,OTHER,,,,,,,,,,,,,CATEGORY 1,CATEGORY 1,10138,10138,175,175,SHELDON AVE N,SHELDON AVE N,34670,34670,,,,,150,150,1946,1946,CI,CI,N,N,7ae608de-207b-459d-9767-93f7d13e1a6d,7ae608de-207b-459d-9767-93f7d13e1a6d,DAVIDV,DAVIDV,12/15/2011 3:38:26 PM,2011-12-15T15:38:26,543462.6918,543462.6918,4810192.9376,4810192.9376,False,True,False,False,True,False,,False,False,unmatched_asset,2003-01-21T00:00:00,1,False,1,False
Water_Main_Breaks_-8394745777553033727.csv,760,8746,8746,1007,1007,10/25/1998 12:00:00 AM,1998-10-25T00:00:00,MAIN,MAIN,,,,,,,,,,,REPAIR COMPLETED,REPAIR COMPLETED,12/15/2011 3:38:27 PM,2011-12-15T15:38:27,,,,,UNKNOWN,UNKNOWN,OTHER,OTHER,,,,,,,,,,,,,CATEGORY 1,CATEGORY 1,13090,13090,42,42,BRIDGE ST E,BRIDGE ST E,489,489,,,,,,,,,,,N,N,dd8961e3-db03-4d43-9b7c-70f3c0496303,dd8961e3-db03-4d43-9b7c-70f3c0496303,DAVIDV,DAVIDV,12/15/2011 3:38:27 PM,2011-12-15T15:38:27,542213.694,542213.694,4814294.6176,4814294.6176,False,True,False,False,True,False,,False,False,unmatched_asset,1998-10-25T00:00:00,1,False,1,False
Water_Main_Breaks_-8394745777553033727.csv,765,8751,8751,2148,2148,10/23/2015 12:00:00 AM,2015-10-23T00:00:00,MAIN,MAIN,,,,,,,,,,,REPAIR COMPLETED,REPAIR COMPLETED,1/22/2016 12:00:00 AM,2016-01-22T00:00:00,146587,146587,,,UNKNOWN,UNKNOWN,OTHER,OTHER,,,,,,,,,,,,,CATEGORY 1,CATEGORY 1,10748,10748,177,177,HAYWARD AVE,HAYWARD AVE,76729,76729,,,,,150,150,1967,1967,DI,DI,N,N,2f232fb0-9084-4e65-85c1-f86ad5b82a81,2f232fb0-9084-4e65-85c1-f86ad5b82a81,DAVIDV,DAVIDV,11/27/2018 12:00:00 AM,2018-11-27T00:00:00,542938.4494,542938.4494,4808185.8173,4808185.8173,False,True,False,False,True,False,,False,False,unmatched_asset,2015-10-23T00:00:00,1,False,1,False
Water_Main_Breaks_-8394745777553033727.csv,767,8753,8753,2150,2150,11/5/2015 12:00:00 AM,2015-11-05T00:00:00,MAIN,MAIN,,,,,,,,,,,REPAIR COMPLETED,REPAIR COMPLETED,1/22/2016 12:00:00 AM,2016-01-22T00:00:00,147407,147407,,,UNKNOWN,UNKNOWN,OTHER,OTHER,,,,,,,,,,,,,CATEGORY 1,CATEGORY 1,10748,10748,177,177,HAYWARD AVE,HAYWARD AVE,58030,58030,,,,,150,150,1967,1967,DI,DI,N,N,dfa6740d-7986-4bb9-b255-657ccecc9395,dfa6740d-7986-4bb9-b255-657ccecc9395,DAVIDV,DAVIDV,11/27/2018 12:00:00 AM,2018-11-27T00:00:00,542976.4,542976.4,4808204.3998,4808204.3998,False,True,False,False,True,False,,False,False,unmatched_asset,2015-11-05T00:00:00,1,False,1,False
Water_Main_Breaks_-8394745777553033727.csv,773,8759,8759,2321,2321,2/19/2018 12:00:00 AM,2018-02-19T00:00:00,MAIN,MAIN,,,,,,,,,,,REPAIR COMPLETED,REPAIR COMPLETED,11/27/2018 12:00:00 AM,2018-11-27T00:00:00,205283,205283,,,UNKNOWN,UNKNOWN,OTHER,OTHER,,,,,,,,,,,,,CATEGORY 1,CATEGORY 1,10951,10951,30,30,TRAYNOR AVE,TRAYNOR AVE,38190,38190,,,,,,,,,,,N,N,b93ba918-3eb3-41ed-a185-bf16ec5588a4,b93ba918-3eb3-41ed-a185-bf16ec5588a4,GIS_DATA,GIS_DATA,11/27/2018 12:00:00 AM,2018-11-27T00:00:00,544898.2596,544898.2596,4808393.9333,4808393.9333,False,True,False,False,True,False,,False,False,unmatched_asset,2018-02-19T00:00:00,1,False,1,False
Water_Main_Breaks_-8394745777553033727.csv,776,8762,8762,2324,2324,2/13/2018 12:00:00 AM,2018-02-13T00:00:00,MAIN,MAIN,,,,,,,,,,,REPAIR COMPLETED,REPAIR COMPLETED,11/27/2018 12:00:00 AM,2018-11-27T00:00:00,204975,204975,,,UNKNOWN,UNKNOWN,OTHER,OTHER,,,,,,,,,,,,,CATEGORY 1,CATEGORY 1,23238,23238,30,30,WAYNE DR,WAYNE DR,40740,40740,,,,,,,,,,,N,N,4579d66d-9f6e-4e06-a4d7-c56037a74df7,4579d66d-9f6e-4e06-a4d7-c56037a74df7,GIS_DATA,GIS_DATA,11/27/2018 12:00:00 AM,2018-11-27T00:00:00,545306.6472,545306.6472,4810586.1176,4810586.1176,False,True,False,False,True,False,,False,False,unmatched_asset,2018-02-13T00:00:00,1,False,1,False
Water_Main_Breaks_-8394745777553033727.csv,782,8768,8768,171,171,12/21/2002 12:00:00 AM,2002-12-21T00:00:00,MAIN,MAIN,,,,,,,,,,,REPAIR COMPLETED,REPAIR COMPLETED,12/15/2011 3:38:26 PM,2011-12-15T15:38:26,,,,,UNKNOWN,UNKNOWN,OTHER,OTHER,,,,,,,,,,,,,CATEGORY 1,CATEGORY 1,11696,11696,15,15,OTTAWA ST N,OTTAWA ST N,29200,29200,,,,,,,,,,,N,N,64aa5e48-5dd3-4cea-bc83-f015eb689efd,64aa5e48-5dd3-4cea-bc83-f015eb689efd,DAVIDV,DAVIDV,12/15/2011 3:38:26 PM,2011-12-15T15:38:26,542861.0021,542861.0021,4810108.4656,4810108.4656,False,True,False,False,True,False,,False,False,unmatched_asset,2002-12-21T00:00:00,1,False,1,False
Water_Main_Breaks_-8394745777553033727.csv,800,8786,8786,189,189,12/21/2004 12:00:00 AM,2004-12-21T00:00:00,MAIN,MAIN,,,,,,,,,,,REPAIR COMPLETED,REPAIR COMPLETED,12/15/2011 3:38:26 PM,2011-12-15T15:38:26,,,,,UNKNOWN,UNKNOWN,OTHER,OTHER,,,,,,,,,,,,,CATEGORY 1,CATEGORY 1,9872,9872,172,172,BRUCE ST,BRUCE ST,4950,4950,,,,,,,,,,,N,N,30325fe5-1e54-4e5e-91c6-fed82a58221c,30325fe5-1e54-4e5e-91c6-fed82a58221c,DAVIDV,DAVIDV,12/15/2011 3:38:26 PM,2011-12-15T15:38:26,543160.7921,543160.7921,4811776.3503,4811776.3503,False,True,False,False,True,False,,False,False,unmatched_asset,2004-12-21T00:00:00,1,False,1,False
Water_Main_Breaks_-8394745777553033727.csv,803,8789,8789,1256,1256,12/1/2008 12:00:00 AM,2008-12-01T00:00:00,MAIN,MAIN,,,,,,,,,,,REPAIR COMPLETED,REPAIR COMPLETED,12/15/2011 3:38:27 PM,2011-12-15T15:38:27,2294,2294,,,UNKNOWN,UNKNOWN,OTHER,OTHER,,,,,,,,,,,,,CATEGORY 1,CATEGORY 1,12586,12586,66,66,LANG CRES,LANG CRES,24390,24390,,,,,150,150,1948,1948,CI,CI,N,N,1098da2d-de7d-49ed-a3a0-d7970f0151ad,1098da2d-de7d-49ed-a3a0-d7970f0151ad,DAVIDV,DAVIDV,12/15/2011 3:38:27 PM,2011-12-15T15:38:27,541244.7389,541244.7389,4813974.786,4813974.786,False,True,False,False,True,False,,False,False,unmatched_asset,2008-12-01T00:00:00,1,False,1,False
Water_Main_Breaks_-8394745777553033727.csv,804,8790,8790,43,43,12/20/2002 12:00:00 AM,2002-12-20T00:00:00,MAIN,MAIN,,,,,,,,,,,REPAIR COMPLETED,REPAIR COMPLETED,12/15/2011 3:38:26 PM,2011-12-15T15:38:26,,,,,UNKNOWN,UNKNOWN,OTHER,OTHER,,,,,,,,,,,,,CATEGORY 1,CATEGORY 1,9382,9382,89,89,OTTAWA ST S,OTTAWA ST S,29630,29630,,,,,150,150,1923,1923,CI,CI,N,N,decf92a4-4498-4e16-ac9b-afa2d02b450d,decf92a4-4498-4e16-ac9b-afa2d02b450d,DAVIDV,DAVIDV,12/15/2011 3:38:26 PM,2011-12-15T15:38:26,542570.6256,542570.6256,4809771.762,4809771.762,False,True,False,False,True,False,,False,False,unmatched_asset,2002-12-20T00:00:00,1,False,1,False
Water_Main_Breaks_-8394745777553033727.csv,816,8802,8802,128,128,12/23/1998 12:00:00 AM,1998-12-23T00:00:00,MAIN,MAIN,,,,,,,,,,,REPAIR COMPLETED,REPAIR COMPLETED,12/15/2011 3:38:26 PM,2011-12-15T15:38:26,,,,,UNKNOWN,UNKNOWN,OTHER,OTHER,,,,,,,,,,,,,CATEGORY 1,CATEGORY 1,10877,10877,395,395,OTTAWA ST S,OTTAWA ST S,29680,29680,,,,,,,,,,,N,N,4314f748-ee67-4cc1-bc86-b372b21a189d,4314f748-ee67-4cc1-bc86-b372b21a189d,DAVIDV,DAVIDV,12/15/2011 3:38:26 PM,2011-12-15T15:38:26,542155.7635,542155.7635,4808998.9264,4808998.9264,False,True,False,False,True,False,,False,False,unmatched_asset,1998-12-23T00:00:00,1,False,1,False
Water_Main_Breaks_-8394745777553033727.csv,819,8805,8805,1390,1390,6/1/2009 12:00:00 AM,2009-06-01T00:00:00,MAIN,MAIN,,,,,,,,,,,REPAIR COMPLETED,REPAIR COMPLETED,12/15/2011 3:38:28 PM,2011-12-15T15:38:28,10862,10862,,,UNKNOWN,UNKNOWN,OTHER,OTHER,,,,,,,,,,,,,CATEGORY 1,CATEGORY 1,9884,9884,24,24,CAMBRIDGE AVE,CAMBRIDGE AVE,5250,5250,,,,,,,,,,,N,N,027ecfb4-ab56-4235-b40c-fcc4872be434,027ecfb4-ab56-4235-b40c-fcc4872be434,DAVIDV,DAVIDV,12/15/2011 3:38:28 PM,2011-12-15T15:38:28,543264.2827,543264.2827,4811797.1533,4811797.1533,False,True,False,False,True,False,,False,False,unmatched_asset,2009-06-01T00:00:00,1,False,1,False
Water_Main_Breaks_-8394745777553033727.csv,837,8823,8823,1729,1729,1/21/2012 12:00:00 AM,2012-01-21T00:00:00,MAIN,MAIN,,,,,,,,,,,REPAIR COMPLETED,REPAIR COMPLETED,3/7/2013 12:00:00 AM,2013-03-07T00:00:00,60002,60002,,,UNKNOWN,UNKNOWN,OTHER,OTHER,,,,,,,,,,,,,CATEGORY 1,CATEGORY 1,10899,10899,,,MILL ST,MILL ST,26750,26750,,,,,,,,,,,N,N,c62309c7-5fb8-4e4d-962b-36e4516f3d6a,c62309c7-5fb8-4e4d-962b-36e4516f3d6a,DAVIDV,DAVIDV,3/7/2013 12:00:00 AM,2013-03-07T00:00:00,541856.7792,541856.7792,4809260.4868,4809260.4868,False,True,False,False,True,False,,False,False,unmatched_asset,2012-01-21T00:00:00,1,False,1,False
Water_Main_Breaks_-8394745777553033727.csv,838,8824,8824,1730,1730,1/21/2012 12:00:00 AM,2012-01-21T00:00:00,MAIN,MAIN,,,,,,,,,,,REPAIR COMPLETED,REPAIR COMPLETED,3/7/2013 12:00:00 AM,2013-03-07T00:00:00,60003,60003,,,UNKNOWN,UNKNOWN,COMBINATION,COMBINATION,,,,,,,,,,,,,CATEGORY 1,CATEGORY 1,11455,11455,526,526,MILL ST,MILL ST,26700,26700,,,,,,,,,,,N,N,2ac3e094-b905-424b-bd22-782360116203,2ac3e094-b905-424b-bd22-782360116203,DAVIDV,DAVIDV,3/7/2013 12:00:00 AM,2013-03-07T00:00:00,542449.4516,542449.4516,4809147.4796,4809147.4796,False,True,False,False,True,False,,False,False,unmatched_asset,2012-01-21T00:00:00,1,False,1,False
Water_Main_Breaks_-8394745777553033727.csv,848,8834,8834,422,422,6/28/1997 12:00:00 AM,1997-06-28T00:00:00,MAIN,MAIN,,,,,,,,,,,REPAIR COMPLETED,REPAIR COMPLETED,12/15/2011 3:38:26 PM,2011-12-15T15:38:26,,,,,UNKNOWN,UNKNOWN,OTHER,OTHER,,,,,,,,,,,,,CATEGORY 1,CATEGORY 1,10185,10185,375,375,WEBER ST E,WEBER ST E,40960,40960,,,,,,,,,,,N,N,38f00da0-a590-44f8-bfcd-f368830c694c,38f00da0-a590-44f8-bfcd-f368830c694c,DAVIDV,DAVIDV,12/15/2011 3:38:26 PM,2011-12-15T15:38:26,542995.6391,542995.6391,4810340.3366,4810340.3366,False,True,False,False,True,False,,False,False,unmatched_asset,1997-06-28T00:00:00,1,False,1,False
Water_Main_Breaks_-8394745777553033727.csv,850,8836,8836,163,163,2/6/2001 12:00:00 AM,2001-02-06T00:00:00,MAIN,MAIN,,,,,,,,,,,REPAIR COMPLETED,REPAIR COMPLETED,12/15/2011 3:38:26 PM,2011-12-15T15:38:26,,,,,UNKNOWN,UNKNOWN,OTHER,OTHER,,,,,,,,,,,,,CATEGORY 1,CATEGORY 1,11697,11697,62,62,BRICK ST,BRICK ST,4430,4430,,,,,150,150,1952,1952,DI,DI,N,N,59dce886-88e5-45fd-a26b-f78bd1180c98,59dce886-88e5-45fd-a26b-f78bd1180c98,DAVIDV,DAVIDV,12/15/2011 3:38:26 PM,2011-12-15T15:38:26,543015.2639,543015.2639,4810109.7142,4810109.7142,False,True,False,False,True,False,,False,False,unmatched_asset,2001-02-06T00:00:00,1,False,1,False
Water_Main_Breaks_-8394745777553033727.csv,853,8839,8839,60,60,12/30/2001 12:00:00 AM,2001-12-30T00:00:00,MAIN,MAIN,,,,,,,,,,,REPAIR COMPLETED,REPAIR COMPLETED,12/15/2011 3:38:26 PM,2011-12-15T15:38:26,,,,,UNKNOWN,UNKNOWN,OTHER,OTHER,,,,,,,,,,,,,CATEGORY 1,CATEGORY 1,11455,11455,530,530,MILL ST,MILL ST,26700,26700,,,,,,,,,,,N,N,fc652dcb-7f77-42fb-a57d-b0971eeb2d03,fc652dcb-7f77-42fb-a57d-b0971eeb2d03,DAVIDV,DAVIDV,12/15/2011 3:38:26 PM,2011-12-15T15:38:26,542503.5281,542503.5281,4809136.5074,4809136.5074,False,True,False,False,True,False,,False,False,unmatched_asset,2001-12-30T00:00:00,1,False,1,False
Water_Main_Breaks_-8394745777553033727.csv,856,8842,8842,1238,1238,11/6/2008 12:00:00 AM,2008-11-06T00:00:00,MAIN,MAIN,,,,,,,,,,,REPAIR COMPLETED,REPAIR COMPLETED,12/15/2011 3:38:27 PM,2011-12-15T15:38:27,203432,203432,,,UNKNOWN,UNKNOWN,OTHER,OTHER,,,,,,,,,,,,,CATEGORY 1,CATEGORY 1,6770,6770,15,15,WEBER ST E,WEBER ST E,40770,40770,,,,,,,,,,,N,N,75fd7a3a-fec6-4d04-9998-9ae6ee42d46f,75fd7a3a-fec6-4d04-9998-9ae6ee42d46f,DAVIDV,DAVIDV,12/15/2011 3:38:27 PM,2011-12-15T15:38:27,541495.3702,541495.3702,4811118.4515,4811118.4515,False,True,False,False,True,False,,False,False,unmatched_asset,2008-11-06T00:00:00,1,False,1,False
Water_Main_Breaks_-8394745777553033727.csv,865,8851,8851,1898,1898,3/17/2014 12:00:00 AM,2014-03-17T00:00:00,MAIN,MAIN,,,,,,,,,,,REPAIR COMPLETED,REPAIR COMPLETED,8/8/2014 12:00:00 AM,2014-08-08T00:00:00,97848,97848,,,UNKNOWN,UNKNOWN,OTHER,OTHER,,,,,,,,,,,,,CATEGORY 1,CATEGORY 1,13264,13264,123,123,FAIRMOUNT RD,FAIRMOUNT RD,83172,83172,,,,,,,,,,,N,N,8e708729-ea9b-47ab-8600-c978b971135a,8e708729-ea9b-47ab-8600-c978b971135a,DAVIDV,DAVIDV,8/8/2014 12:00:00 AM,2014-08-08T00:00:00,543877.4468,543877.4468,4810025.5014,4810025.5014,False,True,False,False,True,False,,False,False,unmatched_asset,2014-03-17T00:00:00,1,False,1,False
Water_Main_Breaks_-8394745777553033727.csv,867,8853,8853,1901,1901,3/16/2014 12:00:00 AM,2014-03-16T00:00:00,MAIN,MAIN,,,,,,,,,,,REPAIR COMPLETED,REPAIR COMPLETED,8/8/2014 12:00:00 AM,2014-08-08T00:00:00,97762,97762,,,UNKNOWN,UNKNOWN,OTHER,OTHER,,,,,,,,,,,,,CATEGORY 1,CATEGORY 1,22959,22959,209,209,VANIER DR,VANIER DR,39040,39040,,,,,200,200,1953,1953,CI,CI,N,N,ca2c4fa4-9b39-4a63-8931-20952dc21613,ca2c4fa4-9b39-4a63-8931-20952dc21613,DAVIDV,DAVIDV,8/8/2014 12:00:00 AM,2014-08-08T00:00:00,543557.998,543557.998,4808310.5932,4808310.5932,False,True,False,False,True,False,,False,False,unmatched_asset,2014-03-16T00:00:00,1,False,1,False
Water_Main_Breaks_-8394745777553033727.csv,868,8854,8854,1902,1902,3/13/2014 12:00:00 AM,2014-03-13T00:00:00,MAIN,MAIN,,,,,,,,,,,REPAIR COMPLETED,REPAIR COMPLETED,8/8/2014 12:00:00 AM,2014-08-08T00:00:00,97666,97666,,,UNKNOWN,UNKNOWN,OTHER,OTHER,,,,,,,,,,,,,CATEGORY 1,CATEGORY 1,11697,11697,23,23,BRICK ST,BRICK ST,4430,4430,,,,,150,150,1952,1952,DI,DI,N,N,6dd8c375-eb5a-426c-8f85-074998436fd3,6dd8c375-eb5a-426c-8f85-074998436fd3,DAVIDV,DAVIDV,8/8/2014 12:00:00 AM,2014-08-08T00:00:00,542851.2256,542851.2256,4810085.356,4810085.356,False,True,False,False,True,False,,False,False,unmatched_asset,2014-03-13T00:00:00,1,False,1,False
Water_Main_Breaks_-8394745777553033727.csv,869,8855,8855,1903,1903,3/13/2014 12:00:00 AM,2014-03-13T00:00:00,MAIN,MAIN,,,,,,,,,,,REPAIR COMPLETED,REPAIR COMPLETED,8/8/2014 12:00:00 AM,2014-08-08T00:00:00,97665,97665,,,UNKNOWN,UNKNOWN,OTHER,OTHER,,,,,,,,,,,,,CATEGORY 1,CATEGORY 1,6759,6759,39,39,WEBER ST E,WEBER ST E,40800,40800,,,,,,,,,,,N,N,163f6511-8798-44b3-b8e5-87acc20051f8,163f6511-8798-44b3-b8e5-87acc20051f8,DAVIDV,DAVIDV,8/8/2014 12:00:00 AM,2014-08-08T00:00:00,541597.0463,541597.0463,4811049.3609,4811049.3609,False,True,False,False,True,False,,False,False,unmatched_asset,2014-03-13T00:00:00,1,False,1,False
Water_Main_Breaks_-8394745777553033727.csv,879,8865,8865,1913,1913,2/24/2014 12:00:00 AM,2014-02-24T00:00:00,MAIN,MAIN,,,,,,,,,,,REPAIR COMPLETED,REPAIR COMPLETED,8/8/2014 12:00:00 AM,2014-08-08T00:00:00,96939,96939,,,UNKNOWN,UNKNOWN,OTHER,OTHER,,,,,,,,,,,,,CATEGORY 1,CATEGORY 1,22848,22848,271,271,SHELDON AVE N,SHELDON AVE N,34680,34680,,,,,150,150,1946,1946,CI,CI,N,N,d99baaa9-a707-4570-9a17-814c064e4bf3,d99baaa9-a707-4570-9a17-814c064e4bf3,DAVIDV,DAVIDV,8/8/2014 12:00:00 AM,2014-08-08T00:00:00,543740.0008,543740.0008,4810273.5896,4810273.5896,False,True,False,False,True,False,,False,False,unmatched_asset,2014-02-24T00:00:00,1,False,1,False
Water_Main_Breaks_-8394745777553033727.csv,888,8874,8874,1924,1924,2/17/2014 12:00:00 AM,2014-02-17T00:00:00,MAIN,MAIN,,,,,,,,,,,REPAIR COMPLETED,REPAIR COMPLETED,8/8/2014 12:00:00 AM,2014-08-08T00:00:00,96646,96646,,,UNKNOWN,UNKNOWN,OTHER,OTHER,,,,,,,,,,,,,CATEGORY 1,CATEGORY 1,23047,23047,407,407,SOUTHILL DR,SOUTHILL DR,35260,35260,,,,,,,,,,,N,N,f38840bd-7b6d-4096-af6c-202e263184f4,f38840bd-7b6d-4096-af6c-202e263184f4,DAVIDV,DAVIDV,8/8/2014 12:00:00 AM,2014-08-08T00:00:00,546268.3137,546268.3137,4808557.6667,4808557.6667,False,True,False,False,True,False,,False,False,unmatched_asset,2014-02-17T00:00:00,1,False,1,False
Water_Main_Breaks_-8394745777553033727.csv,891,8877,8877,1740,1740,6/11/2012 12:00:00 AM,2012-06-11T00:00:00,MAIN,MAIN,,,,,,,,,,,REPAIR COMPLETED,REPAIR COMPLETED,3/7/2013 12:00:00 AM,2013-03-07T00:00:00,66765,66765,,,UNKNOWN,UNKNOWN,AGE,AGE,,,,,,,,,,,,,CATEGORY 1,CATEGORY 1,6743,6743,8,8,DUKE ST E,DUKE ST E,63740,63740,,,,,300,300,1991,1991,DI,DI,N,N,e14637e0-516c-4ed4-966b-6fc1c514d931,e14637e0-516c-4ed4-966b-6fc1c514d931,DAVIDV,DAVIDV,3/7/2013 12:00:00 AM,2013-03-07T00:00:00,541425.1132,541425.1132,4810995.5736,4810995.5736,False,True,False,False,True,False,,False,False,unmatched_asset,2012-06-11T00:00:00,1,False,1,False
Water_Main_Breaks_-8394745777553033727.csv,892,8878,8878,1741,1741,6/12/2012 12:00:00 AM,2012-06-12T00:00:00,MAIN,MAIN,,,,,,,,,,,REPAIR COMPLETED,REPAIR COMPLETED,3/7/2013 12:00:00 AM,2013-03-07T00:00:00,66715,66715,,,UNKNOWN,UNKNOWN,AGE,AGE,,,,,,,,,,,,,CATEGORY 1,CATEGORY 1,7085,7085,48,48,VALEWOOD PL,VALEWOOD PL,38960,38960,,,,,,,,,,,N,N,2f271364-5fd1-480f-a4f8-e57f2747e571,2f271364-5fd1-480f-a4f8-e57f2747e571,DAVIDV,DAVIDV,3/7/2013 12:00:00 AM,2013-03-07T00:00:00,541242.1206,541242.1206,4813357.7417,4813357.7417,False,True,False,False,True,False,,False,False,unmatched_asset,2012-06-12T00:00:00,1,False,1,False
Water_Main_Breaks_-8394745777553033727.csv,894,8880,8880,1744,1744,7/18/2012 12:00:00 AM,2012-07-18T00:00:00,MAIN,MAIN,,,,,,,,,,,REPAIR COMPLETED,REPAIR COMPLETED,3/7/2013 12:00:00 AM,2013-03-07T00:00:00,68413,68413,,,UNKNOWN,UNKNOWN,OTHER,OTHER,,,,,,,,,,,,,CATEGORY 1,CATEGORY 1,1734,1734,600,600,KING ST W,KING ST W,21450,21450,,,,,250,250,1889,1889,CI,CI,N,N,58a443e8-2f43-4e36-a605-97671093936e,58a443e8-2f43-4e36-a605-97671093936e,DAVIDV,DAVIDV,3/7/2013 12:00:00 AM,2013-03-07T00:00:00,540361.0768,540361.0768,4811328.1212,4811328.1212,False,True,False,False,True,False,,False,False,unmatched_asset,2012-07-18T00:00:00,1,False,1,False
Water_Main_Breaks_-8394745777553033727.csv,897,8883,8883,8,8,8/23/2001 12:00:00 AM,2001-08-23T00:00:00,MAIN,MAIN,,,,,,,,,,,REPAIR COMPLETED,REPAIR COMPLETED,12/15/2011 3:38:26 PM,2011-12-15T15:38:26,,,,,UNKNOWN,UNKNOWN,OTHER,OTHER,,,,,,,,,,,,,CATEGORY 1,CATEGORY 1,11061,11061,787,787,KING ST W,KING ST W,21390,21390,,,,,250,250,1889,1889,CI,CI,N,N,2b819ce3-bea8-43ee-b03d-459e81a6aa95,2b819ce3-bea8-43ee-b03d-459e81a6aa95,DAVIDV,DAVIDV,12/15/2011 3:38:26 PM,2011-12-15T15:38:26,539752.3111,539752.3111,4811589.39,4811589.39,False,True,False,False,True,False,,False,False,unmatched_asset,2001-08-23T00:00:00,1,False,1,False
Water_Main_Breaks_-8394745777553033727.csv,900,8886,8886,376,376,1/16/2006 12:00:00 AM,2006-01-16T00:00:00,MAIN,MAIN,,,,,,,,,,,REPAIR COMPLETED,REPAIR COMPLETED,12/15/2011 3:38:26 PM,2011-12-15T15:38:26,,,,,UNKNOWN,UNKNOWN,OTHER,OTHER,,,,,,,,,,,,,CATEGORY 1,CATEGORY 1,10951,10951,26,26,TRAYNOR AVE,TRAYNOR AVE,38190,38190,,,,,,,,,,,N,N,710c9db3-2a34-4fd2-b2da-a83feff75e18,710c9db3-2a34-4fd2-b2da-a83feff75e18,DAVIDV,DAVIDV,12/15/2011 3:38:26 PM,2011-12-15T15:38:26,544910.8046,544910.8046,4808425.8229,4808425.8229,False,True,False,False,True,False,,False,False,unmatched_asset,2006-01-16T00:00:00,1,False,1,False
Water_Main_Breaks_-8394745777553033727.csv,916,8902,8902,78,78,7/4/2004 12:00:00 AM,2004-07-04T00:00:00,MAIN,MAIN,,,,,,,,,,,REPAIR COMPLETED,REPAIR COMPLETED,12/15/2011 3:38:26 PM,2011-12-15T15:38:26,,,,,UNKNOWN,UNKNOWN,OTHER,OTHER,,,,,,,,,,,,,CATEGORY 1,CATEGORY 1,10070,10070,1668,1668,KING ST E,KING ST E,21870,21870,,,,,100,100,1937,1937,CI,CI,N,N,98c04975-fd6d-4636-b93e-7becb901433b,98c04975-fd6d-4636-b93e-7becb901433b,DAVIDV,DAVIDV,12/15/2011 3:38:26 PM,2011-12-15T15:38:26,543560.0699,543560.0699,4809606.998,4809606.998,False,True,False,False,True,False,,False,False,unmatched_asset,2004-07-04T00:00:00,1,False,1,False
Water_Main_Breaks_-8394745777553033727.csv,919,8905,8905,1996,1996,6/26/2014 12:00:00 AM,2014-06-26T00:00:00,MAIN,MAIN,,,,,,,,,,,REPAIR COMPLETED,REPAIR COMPLETED,1/14/2015 12:00:00 AM,2015-01-14T00:00:00,103581,103581,,,UNKNOWN,UNKNOWN,OTHER,OTHER,,,,,,,,,,,,,CATEGORY 1,CATEGORY 1,11705,11705,600,600,WEBER ST E,WEBER ST E,40980,40980,,,,,,,,,,,N,N,9bb2bf09-f0c4-4b96-8d27-66a1e193da5e,9bb2bf09-f0c4-4b96-8d27-66a1e193da5e,DAVIDV,DAVIDV,1/14/2015 12:00:00 AM,2015-01-14T00:00:00,543256.7622,543256.7622,4810093.1469,4810093.1469,False,True,False,False,True,False,,False,False,unmatched_asset,2014-06-26T00:00:00,1,False,1,False
Water_Main_Breaks_-8394745777553033727.csv,923,8909,8909,2000,2000,8/20/2014 12:00:00 AM,2014-08-20T00:00:00,MAIN,MAIN,,,,,,,,,,,REPAIR COMPLETED,REPAIR COMPLETED,1/14/2015 12:00:00 AM,2015-01-14T00:00:00,106323,106323,,,UNKNOWN,UNKNOWN,OTHER,OTHER,,,,,,,,,,,,,CATEGORY 1,CATEGORY 1,12376,12376,109,109,LANG CRES,LANG CRES,89608,89608,,,,,150,150,1961,1961,CI,CI,N,N,ee0223bd-79a1-4a01-bdf3-49cc52dfbce6,ee0223bd-79a1-4a01-bdf3-49cc52dfbce6,DAVIDV,DAVIDV,1/14/2015 12:00:00 AM,2015-01-14T00:00:00,541182.2192,541182.2192,4813686.9681,4813686.9681,False,True,False,False,True,False,,False,False,unmatched_asset,2014-08-20T00:00:00,1,False,1,False
Water_Main_Breaks_-8394745777553033727.csv,925,8911,8911,2002,2002,9/4/2014 12:00:00 AM,2014-09-04T00:00:00,MAIN,MAIN,,,,,,,,,,,REPAIR COMPLETED,REPAIR COMPLETED,1/14/2015 12:00:00 AM,2015-01-14T00:00:00,107068,107068,,,UNKNOWN,UNKNOWN,OTHER,OTHER,,,,,,,,,,,,,CATEGORY 1,CATEGORY 1,9382,9382,85,85,OTTAWA ST S,OTTAWA ST S,29630,29630,,,,,150,150,1923,1923,CI,CI,N,N,0e3e758d-d2db-4312-af4e-3ac5675d5630,0e3e758d-d2db-4312-af4e-3ac5675d5630,DAVIDV,DAVIDV,1/14/2015 12:00:00 AM,2015-01-14T00:00:00,542606.2767,542606.2767,4809817.5805,4809817.5805,False,True,False,False,True,False,,False,False,unmatched_asset,2014-09-04T00:00:00,1,False,1,False
Water_Main_Breaks_-8394745777553033727.csv,933,8919,8919,2011,2011,10/30/2014 12:00:00 AM,2014-10-30T00:00:00,MAIN,MAIN,,,,,,,,,,,REPAIR COMPLETED,REPAIR COMPLETED,1/14/2015 12:00:00 AM,2015-01-14T00:00:00,110500,110500,,,UNKNOWN,UNKNOWN,OTHER,OTHER,,,,,,,,,,,,,CATEGORY 1,CATEGORY 1,22959,22959,225,225,VANIER DR,VANIER DR,39040,39040,,,,,200,200,1953,1953,CI,CI,N,N,176e47c4-eb95-4847-b0ec-dd7352b7be9d,176e47c4-eb95-4847-b0ec-dd7352b7be9d,DAVIDV,DAVIDV,1/14/2015 12:00:00 AM,2015-01-14T00:00:00,543598.3475,543598.3475,4808260.2844,4808260.2844,False,True,False,False,True,False,,False,False,unmatched_asset,2014-10-30T00:00:00,1,False,1,False
Water_Main_Breaks_-8394745777553033727.csv,942,8928,8928,2020,2020,11/28/2014 12:00:00 AM,2014-11-28T00:00:00,MAIN,MAIN,,,,,,,,,,,REPAIR COMPLETED,REPAIR COMPLETED,1/14/2015 12:00:00 AM,2015-01-14T00:00:00,112032,112032,,,UNKNOWN,UNKNOWN,OTHER,OTHER,,,,,,,,,,,,,CATEGORY 1,CATEGORY 1,23041,23041,245,245,THALER AVE,THALER AVE,37620,37620,,,,,,,,,,,N,N,0f34135d-3f5f-46b9-aa31-15d5a166c80b,0f34135d-3f5f-46b9-aa31-15d5a166c80b,DAVIDV,DAVIDV,1/14/2015 12:00:00 AM,2015-01-14T00:00:00,546190.1249,546190.1249,4809001.4641,4809001.4641,False,True,False,False,True,False,,False,False,unmatched_asset,2014-11-28T00:00:00,1,False,1,False
Water_Main_Breaks_-8394745777553033727.csv,943,8929,8929,2021,2021,11/28/2014 12:00:00 AM,2014-11-28T00:00:00,MAIN,MAIN,,,,,,,,,,,REPAIR COMPLETED,REPAIR COMPLETED,1/14/2015 12:00:00 AM,2015-01-14T00:00:00,112109,112109,,,UNKNOWN,UNKNOWN,OTHER,OTHER,,,,,,,,,,,,,CATEGORY 1,CATEGORY 1,23235,23235,10,10,CONWAY DR,CONWAY DR,7940,7940,,,,,,,,,,,N,N,c65f8387-c9bd-4843-a701-90640b5cd06f,c65f8387-c9bd-4843-a701-90640b5cd06f,DAVIDV,DAVIDV,1/14/2015 12:00:00 AM,2015-01-14T00:00:00,545136.7769,545136.7769,4810651.0488,4810651.0488,False,True,False,False,True,False,,False,False,unmatched_asset,2014-11-28T00:00:00,1,False,1,False
Water_Main_Breaks_-8394745777553033727.csv,951,8937,8937,2029,2029,3/30/2015 12:00:00 AM,2015-03-30T00:00:00,MAIN,MAIN,,,,,,,,,,,REPAIR COMPLETED,REPAIR COMPLETED,4/15/2015 12:00:00 AM,2015-04-15T00:00:00,129140,129140,,,UNKNOWN,UNKNOWN,OTHER,OTHER,,,,,,,,,,,,,CATEGORY 1,CATEGORY 1,10996,10996,59,59,FRANKLIN ST S,FRANKLIN ST S,15460,15460,,,,,,,,,,,N,N,f5c340f1-7204-47b1-aa6b-7f79151a1500,f5c340f1-7204-47b1-aa6b-7f79151a1500,DAVIDV,DAVIDV,4/15/2015 12:00:00 AM,2015-04-15T00:00:00,544516.4039,544516.4039,4808907.5758,4808907.5758,False,True,False,False,True,False,,False,False,unmatched_asset,2015-03-30T00:00:00,1,False,1,False
Water_Main_Breaks_-8394745777553033727.csv,962,8948,8948,1642,1642,1/1/1996 12:00:00 AM,1996-01-01T00:00:00,MAIN,MAIN,,,,,,,,,,,REPAIR COMPLETED,REPAIR COMPLETED,12/15/2011 3:38:58 PM,2011-12-15T15:38:58,,,,,UNKNOWN,UNKNOWN,OTHER,OTHER,,,,,,,,,,,,,CATEGORY 1,CATEGORY 1,11614,11614,18,18,HUGO CRES,HUGO CRES,96228,96228,,,,,150,150,1963,1963,CI,CI,N,N,04eb18da-fee5-4a1b-b3e2-bfc00ad4f04f,04eb18da-fee5-4a1b-b3e2-bfc00ad4f04f,DAVIDV,DAVIDV,12/15/2011 3:38:58 PM,2011-12-15T15:38:58,541253.4003,541253.4003,4808866.7016,4808866.7016,False,True,False,False,True,False,,False,False,unmatched_asset,1996-01-01T00:00:00,1,False,1,False
Water_Main_Breaks_-8394745777553033727.csv,963,8949,8949,158,158,2/15/1998 12:00:00 AM,1998-02-15T00:00:00,MAIN,MAIN,,,,,,,,,,,REPAIR COMPLETED,REPAIR COMPLETED,12/15/2011 3:38:26 PM,2011-12-15T15:38:26,,,,,UNKNOWN,UNKNOWN,OTHER,OTHER,,,,,,,,,,,,,CATEGORY 1,CATEGORY 1,11697,11697,35,35,BRICK ST,BRICK ST,4430,4430,,,,,150,150,1952,1952,DI,DI,N,N,eb55d9a3-0e2d-4d38-a6cb-244f06d9cf63,eb55d9a3-0e2d-4d38-a6cb-244f06d9cf63,DAVIDV,DAVIDV,12/15/2011 3:38:26 PM,2011-12-15T15:38:26,542937.9462,542937.9462,4810057.2459,4810057.2459,False,True,False,False,True,False,,False,False,unmatched_asset,1998-02-15T00:00:00,1,False,1,False
Water_Main_Breaks_-8394745777553033727.csv,968,8954,8954,993,993,1/19/2005 12:00:00 AM,2005-01-19T00:00:00,MAIN,MAIN,,,,,,,,,,,REPAIR COMPLETED,REPAIR COMPLETED,12/15/2011 3:38:27 PM,2011-12-15T15:38:27,,,,,UNKNOWN,UNKNOWN,OTHER,OTHER,,,,,,,,,,,,,CATEGORY 1,CATEGORY 1,23052,23052,263,263,FERGUS AVE,FERGUS AVE,14300,14300,,,,,,,,,,,N,N,87ec2ee8-ad9f-4a32-9022-d3e96bfbdbfd,87ec2ee8-ad9f-4a32-9022-d3e96bfbdbfd,DAVIDV,DAVIDV,12/15/2011 3:38:27 PM,2011-12-15T15:38:27,545624.1752,545624.1752,4809511.8149,4809511.8149,False,True,False,False,True,False,,False,False,unmatched_asset,2005-01-19T00:00:00,1,False,1,False
Water_Main_Breaks_-8394745777553033727.csv,978,8964,8964,1368,1368,2/14/2009 12:00:00 AM,2009-02-14T00:00:00,MAIN,MAIN,,,,,,,,,,,REPAIR COMPLETED,REPAIR COMPLETED,12/15/2011 3:38:28 PM,2011-12-15T15:38:28,4894,4894,,,UNKNOWN,UNKNOWN,OTHER,OTHER,,,,,,,,,,,,,CATEGORY 1,CATEGORY 1,22322,22322,39,39,JANSEN AVE,JANSEN AVE,20570,20570,,,,,150,150,1961,1961,CI,CI,N,N,e0f9be1d-ebd9-4b8b-8d36-896ace18c7af,e0f9be1d-ebd9-4b8b-8d36-896ace18c7af,DAVIDV,DAVIDV,12/15/2011 3:38:28 PM,2011-12-15T15:38:28,545720.2939,545720.2939,4808798.0191,4808798.0191,False,True,False,False,True,False,,False,False,unmatched_asset,2009-02-14T00:00:00,2,True,2,True
Water_Main_Breaks_-8394745777553033727.csv,980,8966,8966,310,310,1/18/2005 12:00:00 AM,2005-01-18T00:00:00,MAIN,MAIN,,,,,,,,,,,REPAIR COMPLETED,REPAIR COMPLETED,12/15/2011 3:38:26 PM,2011-12-15T15:38:26,,,,,UNKNOWN,UNKNOWN,OTHER,OTHER,,,,,,,,,,,,,CATEGORY 1,CATEGORY 1,8634,8634,10,10,BURN PL,BURN PL,5110,5110,,,,,100,100,1955,1955,CI,CI,N,N,70cdc6d0-b840-484b-9cd1-bb7be569564b,70cdc6d0-b840-484b-9cd1-bb7be569564b,DAVIDV,DAVIDV,12/15/2011 3:38:26 PM,2011-12-15T15:38:26,539792.592,539792.592,4809852.655,4809852.655,False,True,False,False,True,False,,False,False,unmatched_asset,2005-01-18T00:00:00,1,False,1,False
Water_Main_Breaks_-8394745777553033727.csv,982,8968,8968,1423,1423,12/15/2009 12:00:00 AM,2009-12-15T00:00:00,MAIN,MAIN,,,,,,,,,,,REPAIR COMPLETED,REPAIR COMPLETED,12/15/2011 3:38:28 PM,2011-12-15T15:38:28,21249,21249,,,UNKNOWN,UNKNOWN,OTHER,OTHER,,,,,,,,,,,,,CATEGORY 1,CATEGORY 1,6863,6863,142,142,WEBER ST E,WEBER ST E,40880,40880,,,,,,,,,,,N,N,195fa0dd-c095-46b4-b8e0-c6909bb9e979,195fa0dd-c095-46b4-b8e0-c6909bb9e979,DAVIDV,DAVIDV,12/15/2011 3:38:28 PM,2011-12-15T15:38:28,542058.6256,542058.6256,4810767.9817,4810767.9817,False,True,False,False,True,False,,False,False,unmatched_asset,2009-12-15T00:00:00,1,False,1,False
Water_Main_Breaks_-8394745777553033727.csv,983,8969,8969,172,172,1/29/2003 12:00:00 AM,2003-01-29T00:00:00,MAIN,MAIN,,,,,,,,,,,REPAIR COMPLETED,REPAIR COMPLETED,12/15/2011 3:38:26 PM,2011-12-15T15:38:26,,,,,UNKNOWN,UNKNOWN,OTHER,OTHER,,,,,,,,,,,,,CATEGORY 1,CATEGORY 1,11696,11696,23,23,OTTAWA ST N,OTTAWA ST N,29200,29200,,,,,,,,,,,N,N,61c5e348-fcdd-4172-b340-444175f99fff,61c5e348-fcdd-4172-b340-444175f99fff,DAVIDV,DAVIDV,12/15/2011 3:38:26 PM,2011-12-15T15:38:26,542924.0806,542924.0806,4810150.9646,4810150.9646,False,True,False,False,True,False,,False,False,unmatched_asset,2003-01-29T00:00:00,1,False,1,False
Water_Main_Breaks_-8394745777553033727.csv,985,8971,8971,1174,1174,12/18/2007 12:00:00 AM,2007-12-18T00:00:00,MAIN,MAIN,,,,,,,,,,,REPAIR COMPLETED,REPAIR COMPLETED,12/15/2011 3:38:27 PM,2011-12-15T15:38:27,186692,186692,,,UNKNOWN,UNKNOWN,OTHER,OTHER,,,,,,,,,,,,,CATEGORY 1,CATEGORY 1,11544,11544,134,134,HUBER ST,HUBER ST,19990,19990,,,,,,,,,,,N,N,594ccac5-e1aa-4fa6-941d-b5868584798b,594ccac5-e1aa-4fa6-941d-b5868584798b,DAVIDV,DAVIDV,10/25/2021 9:28:40 AM,2021-10-25T09:28:40,545568.4198,545568.4198,4808945.5004,4808945.5004,False,True,False,False,True,False,,False,False,unmatched_asset,2007-12-18T00:00:00,1,False,1,False
Water_Main_Breaks_-8394745777553033727.csv,987,8973,8973,1389,1389,5/28/2009 12:00:00 AM,2009-05-28T00:00:00,MAIN,MAIN,,,,,,,,,,,REPAIR COMPLETED,REPAIR COMPLETED,12/15/2011 3:38:28 PM,2011-12-15T15:38:28,10777,10777,,,UNKNOWN,UNKNOWN,OTHER,OTHER,,,,,,,,,,,,,CATEGORY 1,CATEGORY 1,10996,10996,132,132,FRANKLIN ST S,FRANKLIN ST S,15460,15460,,,,,,,,,,,N,N,0a8d439d-b3eb-48eb-afde-4750ab03d035,0a8d439d-b3eb-48eb-afde-4750ab03d035,DAVIDV,DAVIDV,12/15/2011 3:38:28 PM,2011-12-15T15:38:28,544436.0645,544436.0645,4808721.2344,4808721.2344,False,True,False,False,True,False,,False,False,unmatched_asset,2009-05-28T00:00:00,1,False,1,False
Water_Main_Breaks_-8394745777553033727.csv,990,8976,8976,1679,1679,12/15/2011 3:38:26 PM,2011-12-15T15:38:26,MAIN,MAIN,,,,,,,,,,,REPAIR COMPLETED,REPAIR COMPLETED,12/15/2011 3:38:26 PM,2011-12-15T15:38:26,,,,,UNKNOWN,UNKNOWN,OTHER,OTHER,,,,,,,,,,,,,CATEGORY 1,CATEGORY 1,6309,6309,494,494,STIRLING AVE S,STIRLING AVE S,79396,79396,,,,,,,,,,,N,N,ccdca413-c910-4ed6-8b17-3bb3432d9638,ccdca413-c910-4ed6-8b17-3bb3432d9638,DAVIDV,DAVIDV,12/15/2011 3:38:26 PM,2011-12-15T15:38:26,541074.1804,541074.1804,4809341.7837,4809341.7837,False,True,False,False,True,False,,False,False,unmatched_asset,2011-12-15T00:00:00,1,False,1,False
Water_Main_Breaks_-8394745777553033727.csv,994,8980,8980,2153,2153,11/12/2015 12:00:00 AM,2015-11-12T00:00:00,MAIN,MAIN,,,,,,,,,,,REPAIR COMPLETED,REPAIR COMPLETED,1/22/2016 12:00:00 AM,2016-01-22T00:00:00,147842,147842,,,UNKNOWN,UNKNOWN,OTHER,OTHER,,,,,,,,,,,,,CATEGORY 1,CATEGORY 1,10748,10748,133,133,HAYWARD AVE,HAYWARD AVE,84006,84006,,,,,150,150,1967,1967,DI,DI,N,N,1d32e5d0-d888-4669-8544-03dbefef8eaa,1d32e5d0-d888-4669-8544-03dbefef8eaa,DAVIDV,DAVIDV,11/27/2018 12:00:00 AM,2018-11-27T00:00:00,543007.513,543007.513,4808219.6344,4808219.6344,False,True,False,False,True,False,,False,False,unmatched_asset,2015-11-12T00:00:00,1,False,1,False
Water_Main_Breaks_-8394745777553033727.csv,995,8981,8981,2154,2154,11/19/2015 12:00:00 AM,2015-11-19T00:00:00,MAIN,MAIN,,,,,,,,,,,REPAIR COMPLETED,REPAIR COMPLETED,1/22/2016 12:00:00 AM,2016-01-22T00:00:00,148467,148467,,,UNKNOWN,UNKNOWN,OTHER,OTHER,,,,,,,,,,,,,CATEGORY 1,CATEGORY 1,9762,9762,63,63,BECKER ST,BECKER ST,95100,95100,,,,,,,,,,,N,N,fac489b5-f42c-4690-9618-de9f0d04f8c2,fac489b5-f42c-4690-9618-de9f0d04f8c2,DAVIDV,DAVIDV,11/27/2018 12:00:00 AM,2018-11-27T00:00:00,542880.1491,542880.1491,4811729.7451,4811729.7451,False,True,False,False,True,False,,False,False,unmatched_asset,2015-11-19T00:00:00,1,False,1,False
Water_Main_Breaks_-8394745777553033727.csv,998,8984,8984,2157,2157,11/29/2015 12:00:00 AM,2015-11-29T00:00:00,MAIN,MAIN,,,,,,,,,,,REPAIR COMPLETED,REPAIR COMPLETED,1/22/2016 12:00:00 AM,2016-01-22T00:00:00,149343,149343,,,UNKNOWN,UNKNOWN,OTHER,OTHER,,,,,,,,,,,,,CATEGORY 1,CATEGORY 1,6316,6316,258,258,LORNE AVE,LORNE AVE,24090,24090,,,,,150,150,1952,1952,CI,CI,N,N,67979593-44a3-4724-b179-187dfca9c686,67979593-44a3-4724-b179-187dfca9c686,DAVIDV,DAVIDV,11/27/2018 12:00:00 AM,2018-11-27T00:00:00,541075.3765,541075.3765,4809092.7425,4809092.7425,False,True,False,False,True,False,,False,False,unmatched_asset,2015-11-29T00:00:00,1,False,1,False
Water_Main_Breaks_-8394745777553033727.csv,1000,8986,8986,2159,2159,11/30/2015 12:00:00 AM,2015-11-30T00:00:00,MAIN,MAIN,,,,,,,,,,,REPAIR COMPLETED,REPAIR COMPLETED,1/22/2016 12:00:00 AM,2016-01-22T00:00:00,149428,149428,,,UNKNOWN,UNKNOWN,OTHER,OTHER,,,,,,,,,,,,,CATEGORY 1,CATEGORY 1,6743,6743,2,2,DUKE ST E,DUKE ST E,63740,63740,,,,,300,300,1991,1991,DI,DI,N,N,1944b394-5f15-4bba-860d-d4889281dc1d,1944b394-5f15-4bba-860d-d4889281dc1d,DAVIDV,DAVIDV,11/27/2018 12:00:00 AM,2018-11-27T00:00:00,541417.5983,541417.5983,4810999.6224,4810999.6224,False,True,False,False,True,False,,False,False,unmatched_asset,2015-11-30T00:00:00,1,False,1,False
Water_Main_Breaks_-8394745777553033727.csv,1009,8995,8995,2169,2169,1/23/2015 12:00:00 AM,2015-01-23T00:00:00,MAIN,MAIN,,,,,,,,,,,REPAIR COMPLETED,REPAIR COMPLETED,1/22/2016 12:00:00 AM,2016-01-22T00:00:00,125552,125552,,,UNKNOWN,UNKNOWN,OTHER,OTHER,,,,,,,,,,,,,CATEGORY 1,CATEGORY 1,20951,20951,6,6,ADMIRAL RD,ADMIRAL RD,63330,63330,,,,,,,,,,,N,N,eb651888-bca5-430a-a0e0-db15d7692d3d,eb651888-bca5-430a-a0e0-db15d7692d3d,DAVIDV,DAVIDV,11/27/2018 12:00:00 AM,2018-11-27T00:00:00,539993.6064,539993.6064,4809430.6409,4809430.6409,False,True,False,False,True,False,,False,False,unmatched_asset,2015-01-23T00:00:00,1,False,1,False
Water_Main_Breaks_-8394745777553033727.csv,1014,9000,9000,2036,2036,3/23/2015 12:00:00 AM,2015-03-23T00:00:00,MAIN,MAIN,,,,,,,,,,,REPAIR COMPLETED,REPAIR COMPLETED,4/15/2015 12:00:00 AM,2015-04-15T00:00:00,128630,128630,,,UNKNOWN,UNKNOWN,OTHER,OTHER,,,,,,,,,,,,,CATEGORY 1,CATEGORY 1,13264,13264,123,123,FAIRMOUNT RD,FAIRMOUNT RD,13830,13830,,,,,,,,,,,N,N,713c2ba7-bbb7-4083-b527-891d2c8bf730,713c2ba7-bbb7-4083-b527-891d2c8bf730,DAVIDV,DAVIDV,4/15/2015 12:00:00 AM,2015-04-15T00:00:00,543854.0784,543854.0784,4810027.624,4810027.624,False,True,False,False,True,False,,False,False,unmatched_asset,2015-03-23T00:00:00,1,False,1,False
Water_Main_Breaks_-8394745777553033727.csv,1016,9002,9002,2038,2038,3/18/2015 12:00:00 AM,2015-03-18T00:00:00,MAIN,MAIN,,,,,,,,,,,REPAIR COMPLETED,REPAIR COMPLETED,4/15/2015 12:00:00 AM,2015-04-15T00:00:00,128436,128436,,,UNKNOWN,UNKNOWN,OTHER,OTHER,,,,,,,,,,,,,CATEGORY 1,CATEGORY 1,23041,23041,280,280,THALER AVE,THALER AVE,37620,37620,,,,,150,150,1961,1961,CI,CI,N,N,6b4d47ec-2bb6-4927-b9ea-039ba8d5bb44,6b4d47ec-2bb6-4927-b9ea-039ba8d5bb44,DAVIDV,DAVIDV,4/15/2015 12:00:00 AM,2015-04-15T00:00:00,546323.3739,546323.3739,4808910.3502,4808910.3502,False,True,False,False,True,False,,False,False,unmatched_asset,2015-03-18T00:00:00,1,False,1,False
Water_Main_Breaks_-8394745777553033727.csv,1017,9003,9003,2039,2039,3/18/2015 12:00:00 AM,2015-03-18T00:00:00,MAIN,MAIN,,,,,,,,,,,REPAIR COMPLETED,REPAIR COMPLETED,4/15/2015 12:00:00 AM,2015-04-15T00:00:00,128388,128388,,,UNKNOWN,UNKNOWN,OTHER,OTHER,,,,,,,,,,,,,CATEGORY 1,CATEGORY 1,6700,6700,55,55,DUKE ST W,DUKE ST W,10530,10530,,,,,100,100,1976,1976,DI,DI,N,N,b679fd74-55af-444b-a0ec-4e0daa736618,b679fd74-55af-444b-a0ec-4e0daa736618,DAVIDV,DAVIDV,4/15/2015 12:00:00 AM,2015-04-15T00:00:00,541224.886,541224.886,4811104.7688,4811104.7688,False,True,False,False,True,False,,False,False,unmatched_asset,2015-03-18T00:00:00,1,False,1,False
Water_Main_Breaks_-8394745777553033727.csv,1022,9008,9008,2048,2048,3/9/2015 12:00:00 AM,2015-03-09T00:00:00,MAIN,MAIN,,,,,,,,,,,REPAIR COMPLETED,REPAIR COMPLETED,4/15/2015 12:00:00 AM,2015-04-15T00:00:00,127787,127787,,,UNKNOWN,UNKNOWN,OTHER,OTHER,,,,,,,,,,,,,CATEGORY 1,CATEGORY 1,11175,11175,257,257,AHRENS ST W,AHRENS ST W,78074,78074,,,,,150,150,1925,1925,CI,CI,N,N,d1fd6fa3-c53b-4147-b8c7-044a57c94405,d1fd6fa3-c53b-4147-b8c7-044a57c94405,DAVIDV,DAVIDV,4/15/2015 12:00:00 AM,2015-04-15T00:00:00,540651.8522,540651.8522,4812316.8051,4812316.8051,False,True,False,False,True,False,,False,False,unmatched_asset,2015-03-09T00:00:00,1,False,1,False
Water_Main_Breaks_-8394745777553033727.csv,1024,9010,9010,2050,2050,3/6/2015 12:00:00 AM,2015-03-06T00:00:00,MAIN,MAIN,,,,,,,,,,,REPAIR COMPLETED,REPAIR COMPLETED,4/15/2015 12:00:00 AM,2015-04-15T00:00:00,127700,127700,,,UNKNOWN,UNKNOWN,OTHER,OTHER,,,,,,,,,,,,,CATEGORY 1,CATEGORY 1,10137,10137,220,220,FAIRMOUNT RD,FAIRMOUNT RD,34670,34670,,,,,150,150,1946,1946,CI,CI,N,N,73f8defb-db26-4475-a235-ad6b0de6841d,73f8defb-db26-4475-a235-ad6b0de6841d,DAVIDV,DAVIDV,4/15/2015 12:00:00 AM,2015-04-15T00:00:00,543572.7638,543572.7638,4810252.4586,4810252.4586,False,True,False,False,True,False,,False,False,unmatched_asset,2015-03-06T00:00:00,1,False,1,False
Water_Main_Breaks_-8394745777553033727.csv,1028,9014,9014,2054,2054,3/5/2015 12:00:00 AM,2015-03-05T00:00:00,MAIN,MAIN,,,,,,,,,,,REPAIR COMPLETED,REPAIR COMPLETED,4/15/2015 12:00:00 AM,2015-04-15T00:00:00,127616,127616,,,UNKNOWN,UNKNOWN,OTHER,OTHER,,,,,,,,,,,,,CATEGORY 1,CATEGORY 1,9232,9232,11,11,OTTAWA ST N,OTTAWA ST N,84436,84436,,,,,,,,,,,N,N,bf725718-68a6-4bda-862a-494dd9999f7f,bf725718-68a6-4bda-862a-494dd9999f7f,DAVIDV,DAVIDV,4/15/2015 12:00:00 AM,2015-04-15T00:00:00,542754.4331,542754.4331,4810029.3556,4810029.3556,False,True,False,False,True,False,,False,False,unmatched_asset,2015-03-05T00:00:00,1,False,1,False
Water_Main_Breaks_-8394745777553033727.csv,1031,9017,9017,2057,2057,3/3/2015 12:00:00 AM,2015-03-03T00:00:00,MAIN,MAIN,,,,,,,,,,,REPAIR COMPLETED,REPAIR COMPLETED,4/15/2015 12:00:00 AM,2015-04-15T00:00:00,127440,127440,,,UNKNOWN,UNKNOWN,OTHER,OTHER,,,,,,,,,,,,,CATEGORY 1,CATEGORY 1,23238,23238,26,26,WAYNE DR,WAYNE DR,40740,40740,,,,,,,,,,,N,N,85aa71b3-9c98-48d9-a17e-0f65e6568f84,85aa71b3-9c98-48d9-a17e-0f65e6568f84,DAVIDV,DAVIDV,4/15/2015 12:00:00 AM,2015-04-15T00:00:00,545293.218,545293.218,4810602.7655,4810602.7655,False,True,False,False,True,False,,False,False,unmatched_asset,2015-03-03T00:00:00,1,False,1,False
Water_Main_Breaks_-8394745777553033727.csv,1034,9020,9020,2060,2060,3/2/2015 12:00:00 AM,2015-03-02T00:00:00,MAIN,MAIN,,,,,,,,,,,REPAIR COMPLETED,REPAIR COMPLETED,4/15/2015 12:00:00 AM,2015-04-15T00:00:00,127336,127336,,,UNKNOWN,UNKNOWN,OTHER,OTHER,,,,,,,,,,,,,CATEGORY 1,CATEGORY 1,10133,10133,135,135,SHELDON AVE N,SHELDON AVE N,34650,34650,,,,,150,150,1946,1946,CI,CI,N,N,e9805731-2562-40b8-b787-1e1a3365415a,e9805731-2562-40b8-b787-1e1a3365415a,DAVIDV,DAVIDV,4/15/2015 12:00:00 AM,2015-04-15T00:00:00,543354.0375,543354.0375,4810126.449,4810126.449,False,True,False,False,True,False,,False,False,unmatched_asset,2015-03-02T00:00:00,1,False,1,False
Water_Main_Breaks_-8394745777553033727.csv,1045,9031,9031,332,332,2/18/2005 12:00:00 AM,2005-02-18T00:00:00,MAIN,MAIN,,,,,,,,,,,REPAIR COMPLETED,REPAIR COMPLETED,12/15/2011 3:38:26 PM,2011-12-15T15:38:26,,,,,UNKNOWN,UNKNOWN,OTHER,OTHER,,,,,,,,,,,,,CATEGORY 1,CATEGORY 1,10129,10129,194,194,OTTAWA ST N,OTTAWA ST N,29230,29230,,,,,,,,,,,N,N,56d1f466-206c-48b4-981c-e36ac93613a7,56d1f466-206c-48b4-981c-e36ac93613a7,DAVIDV,DAVIDV,12/15/2011 3:38:26 PM,2011-12-15T15:38:26,543257.2412,543257.2412,4810349.283,4810349.283,False,True,False,False,True,False,,False,False,unmatched_asset,2005-02-18T00:00:00,1,False,1,False
Water_Main_Breaks_-8394745777553033727.csv,1049,9035,9035,164,164,3/8/2005 12:00:00 AM,2005-03-08T00:00:00,MAIN,MAIN,,,,,,,,,,,REPAIR COMPLETED,REPAIR COMPLETED,12/15/2011 3:38:26 PM,2011-12-15T15:38:26,,,,,UNKNOWN,UNKNOWN,OTHER,OTHER,,,,,,,,,,,,,CATEGORY 1,CATEGORY 1,11697,11697,39,39,BRICK ST,BRICK ST,4430,4430,,,,,150,150,1952,1952,DI,DI,N,N,b9d05109-067f-4057-ab3f-8f348f4bed62,b9d05109-067f-4057-ab3f-8f348f4bed62,DAVIDV,DAVIDV,12/15/2011 3:38:26 PM,2011-12-15T15:38:26,542945.1771,542945.1771,4810062.1532,4810062.1532,False,True,False,False,True,False,,False,False,unmatched_asset,2005-03-08T00:00:00,1,False,1,False
Water_Main_Breaks_-8394745777553033727.csv,1053,9039,9039,791,791,1/22/1998 12:00:00 AM,1998-01-22T00:00:00,MAIN,MAIN,,,,,,,,,,,REPAIR COMPLETED,REPAIR COMPLETED,12/15/2011 3:38:27 PM,2011-12-15T15:38:27,,,,,UNKNOWN,UNKNOWN,OTHER,OTHER,,,,,,,,,,,,,CATEGORY 1,CATEGORY 1,23240,23240,70,70,CONWAY DR,CONWAY DR,89516,89516,,,,,,,,,,,N,N,8474bf24-4aaa-4109-97c1-fc8af6c7737c,8474bf24-4aaa-4109-97c1-fc8af6c7737c,DAVIDV,DAVIDV,12/15/2011 3:38:27 PM,2011-12-15T15:38:27,545304.8954,545304.8954,4810767.7835,4810767.7835,False,True,False,False,True,False,,False,False,unmatched_asset,1998-01-22T00:00:00,1,False,1,False
Water_Main_Breaks_-8394745777553033727.csv,1054,9040,9040,122,122,6/15/2005 12:00:00 AM,2005-06-15T00:00:00,MAIN,MAIN,,,,,,,,,,,REPAIR COMPLETED,REPAIR COMPLETED,12/15/2011 3:38:26 PM,2011-12-15T15:38:26,,,,,UNKNOWN,UNKNOWN,OTHER,OTHER,,,,,,,,,,,,,CATEGORY 1,CATEGORY 1,10172,10172,435,435,EAST AVE,EAST AVE,11070,11070,,,,,,,,,,,N,N,000c274c-685e-4f66-bd52-2a7dcbb3b0c8,000c274c-685e-4f66-bd52-2a7dcbb3b0c8,DAVIDV,DAVIDV,12/15/2011 3:38:26 PM,2011-12-15T15:38:26,542998.066,542998.066,4810525.8407,4810525.8407,False,True,False,False,True,False,,False,False,unmatched_asset,2005-06-15T00:00:00,1,False,1,False
Water_Main_Breaks_-8394745777553033727.csv,1055,9041,9041,127,127,12/18/1998 12:00:00 AM,1998-12-18T00:00:00,MAIN,MAIN,,,,,,,,,,,REPAIR COMPLETED,REPAIR COMPLETED,12/15/2011 3:38:26 PM,2011-12-15T15:38:26,,,,,UNKNOWN,UNKNOWN,OTHER,OTHER,,,,,,,,,,,,,CATEGORY 1,CATEGORY 1,10877,10877,393,393,OTTAWA ST S,OTTAWA ST S,29680,29680,,,,,,,,,,,N,N,ac0f49c2-3e7e-4ccd-8fbc-e539e4778ae3,ac0f49c2-3e7e-4ccd-8fbc-e539e4778ae3,DAVIDV,DAVIDV,12/15/2011 3:38:26 PM,2011-12-15T15:38:26,542157.4245,542157.4245,4809005.9938,4809005.9938,False,True,False,False,True,False,,False,False,unmatched_asset,1998-12-18T00:00:00,1,False,1,False
Water_Main_Breaks_-8394745777553033727.csv,1059,9045,9045,1383,1383,4/28/2009 12:00:00 AM,2009-04-28T00:00:00,MAIN,MAIN,,,,,,,,,,,REPAIR COMPLETED,REPAIR COMPLETED,12/15/2011 3:38:28 PM,2011-12-15T15:38:28,9180,9180,,,UNKNOWN,UNKNOWN,OTHER,OTHER,,,,,,,,,,,,,CATEGORY 1,CATEGORY 1,11743,11743,426,426,OTTAWA ST S,OTTAWA ST S,95460,95460,,,,,,,,,,,N,N,afa46e4a-73c6-4845-9c49-6b63788a103e,afa46e4a-73c6-4845-9c49-6b63788a103e,DAVIDV,DAVIDV,12/15/2011 3:38:28 PM,2011-12-15T15:38:28,542123.8759,542123.8759,4808873.9267,4808873.9267,False,True,False,False,True,False,,False,False,unmatched_asset,2009-04-28T00:00:00,1,False,1,False
Water_Main_Breaks_-8394745777553033727.csv,1067,9053,9053,1683,1683,12/15/2011 3:38:26 PM,2011-12-15T15:38:26,MAIN,MAIN,,,,,,,,,,,REPAIR COMPLETED,REPAIR COMPLETED,12/15/2011 3:38:26 PM,2011-12-15T15:38:26,,,,,UNKNOWN,UNKNOWN,OTHER,OTHER,,,,,,,,,,,,,CATEGORY 1,CATEGORY 1,10899,10899,419,419,MILL ST,MILL ST,26760,26760,,,,,300,300,1930,1930,CI,CI,N,N,9d0b1057-1ffe-480d-901f-61a5eb70793b,9d0b1057-1ffe-480d-901f-61a5eb70793b,DAVIDV,DAVIDV,12/15/2011 3:38:26 PM,2011-12-15T15:38:26,542129.4888,542129.4888,4809211.518,4809211.518,False,True,False,False,True,False,,False,False,unmatched_asset,2011-12-15T00:00:00,1,False,1,False
Water_Main_Breaks_-8394745777553033727.csv,1068,9054,9054,272,272,1/14/1999 12:00:00 AM,1999-01-14T00:00:00,MAIN,MAIN,,,,,,,,,,,REPAIR COMPLETED,REPAIR COMPLETED,12/15/2011 3:38:26 PM,2011-12-15T15:38:26,,,,,UNKNOWN,UNKNOWN,OTHER,OTHER,,,,,,,,,,,,,CATEGORY 1,CATEGORY 1,8648,8648,16,16,SANDRA AVE,SANDRA AVE,33920,33920,,,,,150,150,1954,1954,CI,CI,N,N,cd621634-7a3c-41a7-aa93-0b08baa089a2,cd621634-7a3c-41a7-aa93-0b08baa089a2,DAVIDV,DAVIDV,12/15/2011 3:38:26 PM,2011-12-15T15:38:26,539825.2553,539825.2553,4810093.7832,4810093.7832,False,True,False,False,True,False,,False,False,unmatched_asset,1999-01-14T00:00:00,1,False,1,False
Water_Main_Breaks_-8394745777553033727.csv,1071,9057,9057,816,816,12/4/2000 12:00:00 AM,2000-12-04T00:00:00,MAIN,MAIN,,,,,,,,,,,REPAIR COMPLETED,REPAIR COMPLETED,12/15/2011 3:38:27 PM,2011-12-15T15:38:27,,,,,UNKNOWN,UNKNOWN,OTHER,OTHER,,,,,,,,,,,,,CATEGORY 1,CATEGORY 1,8732,8732,46,46,WESTWOOD CRES,WESTWOOD CRES,42890,42890,,,,,,,,,,,N,N,d4888f81-16c6-45aa-9c1d-7066485f5de9,d4888f81-16c6-45aa-9c1d-7066485f5de9,DAVIDV,DAVIDV,12/15/2011 3:38:27 PM,2011-12-15T15:38:27,538107.7649,538107.7649,4810504.5028,4810504.5028,False,True,False,False,True,False,,False,False,unmatched_asset,2000-12-04T00:00:00,1,False,1,False
Water_Main_Breaks_-8394745777553033727.csv,1080,9066,9066,2074,2074,2/19/2015 12:00:00 AM,2015-02-19T00:00:00,MAIN,MAIN,,,,,,,,,,,REPAIR COMPLETED,REPAIR COMPLETED,4/15/2015 12:00:00 AM,2015-04-15T00:00:00,126747,126747,,,UNKNOWN,UNKNOWN,OTHER,OTHER,,,,,,,,,,,,,CATEGORY 1,CATEGORY 1,10060,10060,270,270,KIPLING AVE,KIPLING AVE,39050,39050,,,,,200,200,1953,1953,CI,CI,N,N,118de1c4-cf14-4919-812c-dba1e2509341,118de1c4-cf14-4919-812c-dba1e2509341,DAVIDV,DAVIDV,4/15/2015 12:00:00 AM,2015-04-15T00:00:00,543661.8821,543661.8821,4808181.1861,4808181.1861,False,True,False,False,True,False,,False,False,unmatched_asset,2015-02-19T00:00:00,1,False,1,False
Water_Main_Breaks_-8394745777553033727.csv,1086,9072,9072,2177,2177,1/9/2016 12:00:00 AM,2016-01-09T00:00:00,MAIN,MAIN,,,,,,,,,,,REPAIR COMPLETED,REPAIR COMPLETED,6/7/2016 12:00:00 AM,2016-06-07T00:00:00,151765,151765,,,UNKNOWN,UNKNOWN,OTHER,OTHER,,,,,,,,,,,,,CATEGORY 1,CATEGORY 1,9995,9995,304,304,GREENFIELD AVE,GREENFIELD AVE,88744,88744,,,,,,,,,,,N,N,03ffa964-bd6f-4196-b19e-7bdeb47a4287,03ffa964-bd6f-4196-b19e-7bdeb47a4287,DAVIDV,DAVIDV,11/27/2018 12:00:00 AM,2018-11-27T00:00:00,544328.7508,544328.7508,4808471.8493,4808471.8493,False,True,False,False,True,False,,False,False,unmatched_asset,2016-01-09T00:00:00,1,False,1,False
Water_Main_Breaks_-8394745777553033727.csv,1089,9075,9075,2180,2180,1/15/2016 12:00:00 AM,2016-01-15T00:00:00,MAIN,MAIN,,,,,,,,,,,REPAIR COMPLETED,REPAIR COMPLETED,6/7/2016 12:00:00 AM,2016-06-07T00:00:00,152151,152151,,,UNKNOWN,UNKNOWN,OTHER,OTHER,,,,,,,,,,,,,CATEGORY 1,CATEGORY 1,8795,8795,188,188,JOSEPH ST,JOSEPH ST,59980,59980,,,,,,,,,,,N,N,0318c415-84dc-4f6e-aef5-594af3cba31e,0318c415-84dc-4f6e-aef5-594af3cba31e,DAVIDV,DAVIDV,11/27/2018 12:00:00 AM,2018-11-27T00:00:00,540447.9991,540447.9991,4811032.7572,4811032.7572,False,True,False,False,True,False,,False,False,unmatched_asset,2016-01-15T00:00:00,1,False,1,False
Water_Main_Breaks_-8394745777553033727.csv,1096,9082,9082,2187,2187,1/28/2016 12:00:00 AM,2016-01-28T00:00:00,MAIN,MAIN,,,,,,,,,,,REPAIR COMPLETED,REPAIR COMPLETED,6/7/2016 12:00:00 AM,2016-06-07T00:00:00,152717,152717,,,UNKNOWN,UNKNOWN,OTHER,OTHER,,,,,,,,,,,,,CATEGORY 1,CATEGORY 1,11620,11620,440,440,STIRLING AVE S,STIRLING AVE S,76656,76656,,,,,150,150,1925,1925,CI,CI,N,N,cecd8241-eec2-43c5-a146-d875639327a2,cecd8241-eec2-43c5-a146-d875639327a2,DAVIDV,DAVIDV,11/27/2018 12:00:00 AM,2018-11-27T00:00:00,541237.8922,541237.8922,4809424.0589,4809424.0589,False,True,False,False,True,False,,False,False,unmatched_asset,2016-01-28T00:00:00,1,False,1,False
Water_Main_Breaks_-8394745777553033727.csv,1108,9094,9094,2076,2076,2/15/2015 12:00:00 AM,2015-02-15T00:00:00,MAIN,MAIN,,,,,,,,,,,REPAIR COMPLETED,REPAIR COMPLETED,4/15/2015 12:00:00 AM,2015-04-15T00:00:00,126569,126569,,,UNKNOWN,UNKNOWN,OTHER,OTHER,,,,,,,,,,,,,CATEGORY 1,CATEGORY 1,12610,12610,54,54,BRIDGE ST W,BRIDGE ST W,4530,4530,,,,,,,,,,,N,N,d24df8fc-1edb-4ff0-8308-d2f4f03bed51,d24df8fc-1edb-4ff0-8308-d2f4f03bed51,DAVIDV,DAVIDV,4/15/2015 12:00:00 AM,2015-04-15T00:00:00,541591.3836,541591.3836,4814634.9761,4814634.9761,False,True,False,False,True,False,,False,False,unmatched_asset,2015-02-15T00:00:00,1,False,1,False
Water_Main_Breaks_-8394745777553033727.csv,1124,9110,9110,2093,2093,1/28/2015 12:00:00 AM,2015-01-28T00:00:00,MAIN,MAIN,,,,,,,,,,,REPAIR COMPLETED,REPAIR COMPLETED,4/15/2015 12:00:00 AM,2015-04-15T00:00:00,125639,125639,,,UNKNOWN,UNKNOWN,OTHER,OTHER,,,,,,,,,,,,,CATEGORY 1,CATEGORY 1,23041,23041,265,265,THALER AVE,THALER AVE,37620,37620,,,,,,,,,,,N,N,6874da32-001b-416a-a247-ab3996ae39fc,6874da32-001b-416a-a247-ab3996ae39fc,DAVIDV,DAVIDV,4/15/2015 12:00:00 AM,2015-04-15T00:00:00,546245.2296,546245.2296,4808964.2806,4808964.2806,False,True,False,False,True,False,,False,False,unmatched_asset,2015-01-28T00:00:00,1,False,1,False
Water_Main_Breaks_-8394745777553033727.csv,1125,9111,9111,2094,2094,1/24/2015 12:00:00 AM,2015-01-24T00:00:00,MAIN,MAIN,,,,,,,,,,,REPAIR COMPLETED,REPAIR COMPLETED,4/15/2015 12:00:00 AM,2015-04-15T00:00:00,125570,125570,,,UNKNOWN,UNKNOWN,OTHER,OTHER,,,,,,,,,,,,,CATEGORY 1,CATEGORY 1,23047,23047,333,333,SOUTHILL DR,SOUTHILL DR,94682,94682,,,,,,,,,,,N,N,412f8bd4-5bce-42fd-9e39-dd5b29ebb826,412f8bd4-5bce-42fd-9e39-dd5b29ebb826,DAVIDV,DAVIDV,4/15/2015 12:00:00 AM,2015-04-15T00:00:00,546399.1561,546399.1561,4808831.5921,4808831.5921,False,True,False,False,True,False,,False,False,unmatched_asset,2015-01-24T00:00:00,1,False,1,False
Water_Main_Breaks_-8394745777553033727.csv,1130,9116,9116,2099,2099,1/21/2015 12:00:00 AM,2015-01-21T00:00:00,MAIN,MAIN,,,,,,,,,,,REPAIR COMPLETED,REPAIR COMPLETED,4/15/2015 12:00:00 AM,2015-04-15T00:00:00,125340,125340,,,UNKNOWN,UNKNOWN,OTHER,OTHER,,,,,,,,,,,,,CATEGORY 1,CATEGORY 1,11697,11697,23,23,BRICK ST,BRICK ST,85890,85890,,,,,,,,,,,N,N,45d98f8d-a75f-4098-a053-3f2b945ab5f9,45d98f8d-a75f-4098-a053-3f2b945ab5f9,DAVIDV,DAVIDV,4/15/2015 12:00:00 AM,2015-04-15T00:00:00,542848.9592,542848.9592,4810089.6266,4810089.6266,False,True,False,False,True,False,,False,False,unmatched_asset,2015-01-21T00:00:00,1,False,1,False
Water_Main_Breaks_-8394745777553033727.csv,1132,9118,9118,1245,1245,12/1/2008 12:00:00 AM,2008-12-01T00:00:00,MAIN,MAIN,,,,,,,,,,,REPAIR COMPLETED,REPAIR COMPLETED,12/15/2011 3:38:27 PM,2011-12-15T15:38:27,204331,204331,,,UNKNOWN,UNKNOWN,OTHER,OTHER,,,,,,,,,,,,,CATEGORY 1,CATEGORY 1,20966,20966,207,207,LORNE AVE,LORNE AVE,24080,24080,,,,,150,150,1950,1950,CI,CI,N,N,2d791a4e-a745-4c8c-a9ff-b76829e96723,2d791a4e-a745-4c8c-a9ff-b76829e96723,DAVIDV,DAVIDV,12/15/2011 3:38:27 PM,2011-12-15T15:38:27,541008.5933,541008.5933,4809227.4043,4809227.4043,False,True,False,False,True,False,,False,False,unmatched_asset,2008-12-01T00:00:00,1,False,1,False
Water_Main_Breaks_-8394745777553033727.csv,1141,9127,9127,553,553,2/17/1999 12:00:00 AM,1999-02-17T00:00:00,MAIN,MAIN,,,,,,,,,,,REPAIR COMPLETED,REPAIR COMPLETED,12/15/2011 3:38:27 PM,2011-12-15T15:38:27,,,,,UNKNOWN,UNKNOWN,OTHER,OTHER,,,,,,,,,,,,,CATEGORY 1,CATEGORY 1,23041,23041,281,281,THALER AVE,THALER AVE,37620,37620,,,,,,,,,,,N,N,e3367496-77b5-43ef-acf5-b720cb79da0a,e3367496-77b5-43ef-acf5-b720cb79da0a,DAVIDV,DAVIDV,12/15/2011 3:38:27 PM,2011-12-15T15:38:27,546305.1259,546305.1259,4808924.1229,4808924.1229,False,True,False,False,True,False,,False,False,unmatched_asset,1999-02-17T00:00:00,1,False,1,False
Water_Main_Breaks_-8394745777553033727.csv,1146,9132,9132,555,555,1/14/2003 12:00:00 AM,2003-01-14T00:00:00,MAIN,MAIN,,,,,,,,,,,REPAIR COMPLETED,REPAIR COMPLETED,12/15/2011 3:38:27 PM,2011-12-15T15:38:27,,,,,UNKNOWN,UNKNOWN,OTHER,OTHER,,,,,,,,,,,,,CATEGORY 1,CATEGORY 1,23041,23041,246,246,THALER AVE,THALER AVE,37620,37620,,,,,,,,,,,N,N,a2f4224b-bbbc-4740-901a-5c7ae7eaa518,a2f4224b-bbbc-4740-901a-5c7ae7eaa518,DAVIDV,DAVIDV,12/15/2011 3:38:27 PM,2011-12-15T15:38:27,546211.975,546211.975,4808986.7299,4808986.7299,False,True,False,False,True,False,,False,False,unmatched_asset,2003-01-14T00:00:00,1,False,1,False
Water_Main_Breaks_-8394745777553033727.csv,1147,9133,9133,1662,1662,12/15/2011 3:38:26 PM,2011-12-15T15:38:26,MAIN,MAIN,,,,,,,,,,,REPAIR COMPLETED,REPAIR COMPLETED,12/15/2011 3:38:26 PM,2011-12-15T15:38:26,,,,,UNKNOWN,UNKNOWN,OTHER,OTHER,,,,,,,,,,,,,CATEGORY 1,CATEGORY 1,11697,11697,51,51,BRICK ST,BRICK ST,4430,4430,,,,,150,150,1952,1952,DI,DI,N,N,ae7a9457-98a9-473b-88c7-2fdde311241e,ae7a9457-98a9-473b-88c7-2fdde311241e,DAVIDV,DAVIDV,12/15/2011 3:38:26 PM,2011-12-15T15:38:26,542971.1523,542971.1523,4810079.7796,4810079.7796,False,True,False,False,True,False,,False,False,unmatched_asset,2011-12-15T00:00:00,1,False,1,False
Water_Main_Breaks_-8394745777553033727.csv,1150,9136,9136,110,110,1/18/1998 12:00:00 AM,1998-01-18T00:00:00,MAIN,MAIN,,,,,,,,,,,REPAIR COMPLETED,REPAIR COMPLETED,12/15/2011 3:38:26 PM,2011-12-15T15:38:26,,,,,UNKNOWN,UNKNOWN,OTHER,OTHER,,,,,,,,,,,,,CATEGORY 1,CATEGORY 1,12586,12586,57,57,LANG CRES,LANG CRES,24390,24390,,,,,150,150,1948,1948,CI,CI,N,N,e3f7702b-559e-4981-b2f0-9ff9688acdb4,e3f7702b-559e-4981-b2f0-9ff9688acdb4,DAVIDV,DAVIDV,12/15/2011 3:38:26 PM,2011-12-15T15:38:26,541303.1451,541303.1451,4813976.9623,4813976.9623,False,True,False,False,True,False,,False,False,unmatched_asset,1998-01-18T00:00:00,1,False,1,False
Water_Main_Breaks_-8394745777553033727.csv,1151,9137,9137,1212,1212,3/18/2008 12:00:00 AM,2008-03-18T00:00:00,MAIN,MAIN,,,,,,,,,,,REPAIR COMPLETED,REPAIR COMPLETED,12/15/2011 3:38:27 PM,2011-12-15T15:38:27,190225,190225,,,UNKNOWN,UNKNOWN,OTHER,OTHER,,,,,,,,,,,,,CATEGORY 1,CATEGORY 1,11697,11697,62,62,BRICK ST,BRICK ST,4430,4430,,,,,150,150,1952,1952,DI,DI,N,N,1d3eb461-faf8-49f8-b26d-00a716fb8a58,1d3eb461-faf8-49f8-b26d-00a716fb8a58,DAVIDV,DAVIDV,12/15/2011 3:38:27 PM,2011-12-15T15:38:27,543005.3877,543005.3877,4810103.0122,4810103.0122,False,True,False,False,True,False,,False,False,unmatched_asset,2008-03-18T00:00:00,1,False,1,False
Water_Main_Breaks_-8394745777553033727.csv,1155,9141,9141,436,436,1/25/2000 12:00:00 AM,2000-01-25T00:00:00,MAIN,MAIN,,,,,,,,,,,REPAIR COMPLETED,REPAIR COMPLETED,12/15/2011 3:38:26 PM,2011-12-15T15:38:26,,,,,UNKNOWN,UNKNOWN,OTHER,OTHER,,,,,,,,,,,,,CATEGORY 1,CATEGORY 1,12610,12610,54,54,BRIDGE ST W,BRIDGE ST W,4530,4530,,,,,,,,,,,N,N,e2d7c0ef-7b60-44b2-91e8-816f12c0aae5,e2d7c0ef-7b60-44b2-91e8-816f12c0aae5,DAVIDV,DAVIDV,12/15/2011 3:38:26 PM,2011-12-15T15:38:26,541573.5787,541573.5787,4814651.3393,4814651.3393,False,True,False,False,True,False,,False,False,unmatched_asset,2000-01-25T00:00:00,1,False,1,False
Water_Main_Breaks_-8394745777553033727.csv,1157,9143,9143,1242,1242,11/24/2008 12:00:00 AM,2008-11-24T00:00:00,MAIN,MAIN,,,,,,,,,,,REPAIR COMPLETED,REPAIR COMPLETED,12/15/2011 3:38:27 PM,2011-12-15T15:38:27,204149,204149,,,UNKNOWN,UNKNOWN,OTHER,OTHER,,,,,,,,,,,,,CATEGORY 1,CATEGORY 1,20951,20951,78,78,ADMIRAL RD,ADMIRAL RD,63320,63320,,,,,,,,,,,N,N,465cfe58-b966-44cc-9952-5129a8ac15b3,465cfe58-b966-44cc-9952-5129a8ac15b3,DAVIDV,DAVIDV,12/15/2011 3:38:27 PM,2011-12-15T15:38:27,539814.4102,539814.4102,4809427.7683,4809427.7683,False,True,False,False,True,False,,False,False,unmatched_asset,2008-11-24T00:00:00,1,False,1,False
Water_Main_Breaks_-8394745777553033727.csv,1159,9145,9145,534,534,10/7/1999 12:00:00 AM,1999-10-07T00:00:00,MAIN,MAIN,,,,,,,,,,,REPAIR COMPLETED,REPAIR COMPLETED,12/15/2011 3:38:27 PM,2011-12-15T15:38:27,,,,,UNKNOWN,UNKNOWN,OTHER,OTHER,,,,,,,,,,,,,CATEGORY 1,CATEGORY 1,40005,40005,14,14,JANSEN AVE,JANSEN AVE,20560,20560,,,,,150,150,1961,1961,CI,CI,N,N,08c9d689-1805-43be-b085-906ad51a1969,08c9d689-1805-43be-b085-906ad51a1969,DAVIDV,DAVIDV,12/15/2011 3:38:27 PM,2011-12-15T15:38:27,545652.2202,545652.2202,4808717.5658,4808717.5658,False,True,False,False,True,False,,False,False,unmatched_asset,1999-10-07T00:00:00,1,False,1,False
Water_Main_Breaks_-8394745777553033727.csv,1163,9149,9149,2102,2102,1/18/2015 12:00:00 AM,2015-01-18T00:00:00,MAIN,MAIN,,,,,,,,,,,REPAIR COMPLETED,REPAIR COMPLETED,4/15/2015 12:00:00 AM,2015-04-15T00:00:00,125145,125145,,,UNKNOWN,UNKNOWN,OTHER,OTHER,,,,,,,,,,,,,CATEGORY 1,CATEGORY 1,10799,10799,153,153,FRANKLIN ST N,FRANKLIN ST N,15420,15420,,,,,300,300,1956,1956,CI,CI,N,N,26e1c941-7877-43c6-bb6a-00c5b9dcecd9,26e1c941-7877-43c6-bb6a-00c5b9dcecd9,DAVIDV,DAVIDV,4/15/2015 12:00:00 AM,2015-04-15T00:00:00,544835.2655,544835.2655,4809567.4706,4809567.4706,False,True,False,False,True,False,,False,False,unmatched_asset,2015-01-18T00:00:00,1,False,1,False
Water_Main_Breaks_-8394745777553033727.csv,1166,9152,9152,2200,2200,2/22/2016 12:00:00 AM,2016-02-22T00:00:00,MAIN,MAIN,,,,,,,,,,,REPAIR COMPLETED,REPAIR COMPLETED,6/7/2016 12:00:00 AM,2016-06-07T00:00:00,154123,154123,,,UNKNOWN,UNKNOWN,OTHER,OTHER,,,,,,,,,,,,,CATEGORY 1,CATEGORY 1,20773,20773,130,130,ABERDEEN RD,ABERDEEN RD,260,260,,,,,150,150,1955,1955,CI,CI,N,N,18d01798-c287-4f29-802d-acb46efa0e6a,18d01798-c287-4f29-802d-acb46efa0e6a,DAVIDV,DAVIDV,11/27/2018 12:00:00 AM,2018-11-27T00:00:00,538103.8743,538103.8743,4811068.3546,4811068.3546,False,True,False,False,True,False,,False,False,unmatched_asset,2016-02-22T00:00:00,1,False,1,False
Water_Main_Breaks_-8394745777553033727.csv,1172,9158,9158,2206,2206,5/4/2016 12:00:00 AM,2016-05-04T00:00:00,MAIN,MAIN,,,,,,,,,,,REPAIR COMPLETED,REPAIR COMPLETED,6/7/2016 12:00:00 AM,2016-06-07T00:00:00,158754,158754,,,UNKNOWN,UNKNOWN,OTHER,OTHER,,,,,,,,,,,,,CATEGORY 1,CATEGORY 1,10996,10996,116,116,FRANKLIN ST S,FRANKLIN ST S,15460,15460,,,,,,,,,,,N,N,015d36e4-1bf0-417f-9fc8-238771a11333,015d36e4-1bf0-417f-9fc8-238771a11333,DAVIDV,DAVIDV,11/27/2018 12:00:00 AM,2018-11-27T00:00:00,544463.2734,544463.2734,4808784.001,4808784.001,False,True,False,False,True,False,,False,False,unmatched_asset,2016-05-04T00:00:00,1,False,1,False
Water_Main_Breaks_-8394745777553033727.csv,1174,9160,9160,2103,2103,1/18/2015 12:00:00 AM,2015-01-18T00:00:00,MAIN,MAIN,,,,,,,,,,,REPAIR COMPLETED,REPAIR COMPLETED,4/15/2015 12:00:00 AM,2015-04-15T00:00:00,125146,125146,,,UNKNOWN,UNKNOWN,OTHER,OTHER,,,,,,,,,,,,,CATEGORY 1,CATEGORY 1,11697,11697,43,43,BRICK ST,BRICK ST,4430,4430,,,,,150,150,1952,1952,DI,DI,N,N,876025ec-f877-49a9-aaf9-f448aa6c2380,876025ec-f877-49a9-aaf9-f448aa6c2380,DAVIDV,DAVIDV,4/15/2015 12:00:00 AM,2015-04-15T00:00:00,542952.4375,542952.4375,4810067.0803,4810067.0803,False,True,False,False,True,False,,False,False,unmatched_asset,2015-01-18T00:00:00,1,False,1,False
Water_Main_Breaks_-8394745777553033727.csv,1177,9163,9163,2106,2106,1/14/2015 12:00:00 AM,2015-01-14T00:00:00,MAIN,MAIN,,,,,,,,,,,REPAIR COMPLETED,REPAIR COMPLETED,4/15/2015 12:00:00 AM,2015-04-15T00:00:00,125029,125029,,,UNKNOWN,UNKNOWN,OTHER,OTHER,,,,,,,,,,,,,CATEGORY 1,CATEGORY 1,10863,10863,808,808,COURTLAND AVE E,COURTLAND AVE E,8420,8420,,,,,,,,,,,N,N,2549b9e3-41fc-4a18-9bd6-a0afde212687,2549b9e3-41fc-4a18-9bd6-a0afde212687,DAVIDV,DAVIDV,4/15/2015 12:00:00 AM,2015-04-15T00:00:00,543047.0528,543047.0528,4808588.2209,4808588.2209,False,True,False,False,True,False,,False,False,unmatched_asset,2015-01-14T00:00:00,1,False,1,False
Water_Main_Breaks_-8394745777553033727.csv,1181,9167,9167,2110,2110,1/13/2015 12:00:00 AM,2015-01-13T00:00:00,MAIN,MAIN,,,,,,,,,,,REPAIR COMPLETED,REPAIR COMPLETED,4/15/2015 12:00:00 AM,2015-04-15T00:00:00,124963,124963,,,UNKNOWN,UNKNOWN,OTHER,OTHER,,,,,,,,,,,,,CATEGORY 1,CATEGORY 1,11732,11732,1183,1183,KING ST E,KING ST E,21760,21760,,,,,150,150,1922,1922,CI,CI,N,N,c9d0a471-c1ca-421f-93ce-db9500bda593,c9d0a471-c1ca-421f-93ce-db9500bda593,DAVIDV,DAVIDV,4/15/2015 12:00:00 AM,2015-04-15T00:00:00,542869.9046,542869.9046,4809964.0782,4809964.0782,False,True,False,False,True,False,,False,False,unmatched_asset,2015-01-13T00:00:00,1,False,1,False
Water_Main_Breaks_-8394745777553033727.csv,1185,9171,9171,1503,1503,10/6/2010 12:00:00 AM,2010-10-06T00:00:00,MAIN,MAIN,,,,,,,,,,,REPAIR COMPLETED,REPAIR COMPLETED,12/15/2011 3:38:28 PM,2011-12-15T15:38:28,35043,35043,,,CIRCUMFERENTIAL,CIRCUMFERENTIAL,AGE,AGE,,,,,,,,,,,,,CATEGORY 1,CATEGORY 1,15824,15824,130,130,ISLINGTON AVE,ISLINGTON AVE,34860,34860,,,,,150,150,1954,1954,CI,CI,N,N,478a197f-11c8-4310-8183-34721bc20aac,478a197f-11c8-4310-8183-34721bc20aac,DAVIDV,DAVIDV,12/15/2011 3:38:28 PM,2011-12-15T15:38:28,543589.946,543589.946,4811843.2693,4811843.2693,False,True,False,False,True,False,,False,False,unmatched_asset,2010-10-06T00:00:00,1,False,1,False
Water_Main_Breaks_-8394745777553033727.csv,1186,9172,9172,1610,1610,2/21/2011 12:00:00 AM,2011-02-21T00:00:00,MAIN,MAIN,,,,,,,,,,,REPAIR COMPLETED,REPAIR COMPLETED,12/15/2011 3:38:26 PM,2011-12-15T15:38:26,40789,40789,,,FITTING/JOINT,FITTING/JOINT,AGE,AGE,,,,,,,,,,,,,CATEGORY 1,CATEGORY 1,22938,22938,237,237,VANIER DR,VANIER DR,39050,39050,,,,,200,200,1953,1953,CI,CI,N,N,2f88a19a-c87e-40bc-806c-b8b1cf1be070,2f88a19a-c87e-40bc-806c-b8b1cf1be070,DAVIDV,DAVIDV,12/15/2011 3:38:26 PM,2011-12-15T15:38:26,543630.0007,543630.0007,4808220.8739,4808220.8739,False,True,False,False,True,False,,False,False,unmatched_asset,2011-02-21T00:00:00,1,False,1,False
Water_Main_Breaks_-8394745777553033727.csv,1188,9174,9174,1058,1058,1/20/2007 12:00:00 AM,2007-01-20T00:00:00,MAIN,MAIN,,,,,,,,,,,REPAIR COMPLETED,REPAIR COMPLETED,12/15/2011 3:38:27 PM,2011-12-15T15:38:27,168754,168754,,,CIRCUMFERENTIAL AND FITTING/JOINT,CIRCUMFERENTIAL AND FITTING/JOINT,AGE,AGE,,,,,,,,,,,,,CATEGORY 1,CATEGORY 1,9884,9884,14,14,CAMBRIDGE AVE,CAMBRIDGE AVE,5250,5250,,,,,,,,,,,N,N,68aef3b6-d925-435b-951a-973f191192c8,68aef3b6-d925-435b-951a-973f191192c8,DAVIDV,DAVIDV,12/15/2011 3:38:27 PM,2011-12-15T15:38:27,543244.3725,543244.3725,4811821.1421,4811821.1421,False,True,False,False,True,False,,False,False,unmatched_asset,2007-01-20T00:00:00,1,False,1,False
Water_Main_Breaks_-8394745777553033727.csv,1192,9178,9178,1709,1709,12/6/2011 12:00:00 AM,2011-12-06T00:00:00,MAIN,MAIN,,,,,,,,,,,REPAIR COMPLETED,REPAIR COMPLETED,12/15/2011 3:38:26 PM,2011-12-15T15:38:26,57761,57761,,,CORROSION,CORROSION,COMBINATION,COMBINATION,,,,,,,,,,,,,CATEGORY 1,CATEGORY 1,20951,20951,42,42,ADMIRAL RD,ADMIRAL RD,63320,63320,,,,,,,,,,,N,N,2b8c6255-050f-49d5-8d21-531a22505aba,2b8c6255-050f-49d5-8d21-531a22505aba,DAVIDV,DAVIDV,12/15/2011 3:38:26 PM,2011-12-15T15:38:26,539940.4574,539940.4574,4809373.5111,4809373.5111,False,True,False,False,True,False,,False,False,unmatched_asset,2011-12-06T00:00:00,1,False,1,False
Water_Main_Breaks_-8394745777553033727.csv,1194,9180,9180,1127,1127,4/2/2007 12:00:00 AM,2007-04-02T00:00:00,MAIN,MAIN,,,,,,,,,,,REPAIR COMPLETED,REPAIR COMPLETED,12/15/2011 3:38:27 PM,2011-12-15T15:38:27,171688,171688,,,CIRCUMFERENTIAL,CIRCUMFERENTIAL,AGE,AGE,,,,,,,,,,,,,CATEGORY 1,CATEGORY 1,10781,10781,95,95,FRANKLIN ST N,FRANKLIN ST N,15370,15370,,,,,300,300,1956,1956,CI,CI,N,N,c548487e-feaf-4217-9197-a6c3b297778e,c548487e-feaf-4217-9197-a6c3b297778e,DAVIDV,DAVIDV,12/15/2011 3:38:27 PM,2011-12-15T15:38:27,544762.0518,544762.0518,4809381.8843,4809381.8843,False,True,False,False,True,False,,False,False,unmatched_asset,2007-04-02T00:00:00,1,False,1,False
Water_Main_Breaks_-8394745777553033727.csv,1197,9183,9183,1416,1416,12/4/2009 12:00:00 AM,2009-12-04T00:00:00,MAIN,MAIN,,,,,,,,,,,REPAIR COMPLETED,REPAIR COMPLETED,12/15/2011 3:38:28 PM,2011-12-15T15:38:28,20820,20820,,,UNKNOWN,UNKNOWN,OTHER,OTHER,,,,,,,,,,,,,CATEGORY 1,CATEGORY 1,13297,13297,92,92,THIRD AVE,THIRD AVE,37770,37770,,,,,150,150,1953,1953,CI,CI,N,N,60fcda8a-c69d-47bf-a8dd-00d38e0ef57a,60fcda8a-c69d-47bf-a8dd-00d38e0ef57a,DAVIDV,DAVIDV,12/15/2011 3:38:28 PM,2011-12-15T15:38:28,544097.3793,544097.3793,4809004.6558,4809004.6558,False,True,False,False,True,False,,False,False,unmatched_asset,2009-12-04T00:00:00,1,False,1,False
Water_Main_Breaks_-8394745777553033727.csv,1200,9186,9186,1684,1684,12/15/2011 3:38:26 PM,2011-12-15T15:38:26,MAIN,MAIN,,,,,,,,,,,REPAIR COMPLETED,REPAIR COMPLETED,12/15/2011 3:38:26 PM,2011-12-15T15:38:26,,,,,UNKNOWN,UNKNOWN,OTHER,OTHER,,,,,,,,,,,,,CATEGORY 1,CATEGORY 1,6433,6433,119,119,HIGHLAND RD E,HIGHLAND RD E,82202,82202,,,,,,,,,,,N,N,b3ab9a3e-3e23-4fc9-92c9-73f98720fe55,b3ab9a3e-3e23-4fc9-92c9-73f98720fe55,DAVIDV,DAVIDV,12/15/2011 3:38:26 PM,2011-12-15T15:38:26,540948.6655,540948.6655,4809723.4014,4809723.4014,False,True,False,False,True,False,,False,False,unmatched_asset,2011-12-15T00:00:00,1,False,1,False
Water_Main_Breaks_-8394745777553033727.csv,1210,9196,9196,169,169,1/31/2000 12:00:00 AM,2000-01-31T00:00:00,MAIN,MAIN,,,,,,,,,,,REPAIR COMPLETED,REPAIR COMPLETED,12/15/2011 3:38:26 PM,2011-12-15T15:38:26,,,,,UNKNOWN,UNKNOWN,OTHER,OTHER,,,,,,,,,,,,,CATEGORY 1,CATEGORY 1,11696,11696,23,23,OTTAWA ST N,OTTAWA ST N,29200,29200,,,,,,,,,,,N,N,6268a875-4165-432b-906b-9937bf825d36,6268a875-4165-432b-906b-9937bf825d36,DAVIDV,DAVIDV,12/15/2011 3:38:26 PM,2011-12-15T15:38:26,542915.664,542915.664,4810145.2912,4810145.2912,False,True,False,False,True,False,,False,False,unmatched_asset,2000-01-31T00:00:00,1,False,1,False
Water_Main_Breaks_-8394745777553033727.csv,1224,9210,9210,329,329,11/27/1998 12:00:00 AM,1998-11-27T00:00:00,MAIN,MAIN,,,,,,,,,,,REPAIR COMPLETED,REPAIR COMPLETED,12/15/2011 3:38:26 PM,2011-12-15T15:38:26,,,,,UNKNOWN,UNKNOWN,OTHER,OTHER,,,,,,,,,,,,,CATEGORY 1,CATEGORY 1,11523,11523,6,6,HOFFMAN ST,HOFFMAN ST,19660,19660,,,,,150,150,1956,1956,CI,CI,N,N,578651a4-d8a0-4ccf-bbe1-5eb4fe56810f,578651a4-d8a0-4ccf-bbe1-5eb4fe56810f,DAVIDV,DAVIDV,12/15/2011 3:38:26 PM,2011-12-15T15:38:26,542314.0536,542314.0536,4808853.1983,4808853.1983,False,True,False,False,True,False,,False,False,unmatched_asset,1998-11-27T00:00:00,1,False,1,False
Water_Main_Breaks_-8394745777553033727.csv,1226,9212,9212,126,126,2/9/1997 12:00:00 AM,1997-02-09T00:00:00,MAIN,MAIN,,,,,,,,,,,REPAIR COMPLETED,REPAIR COMPLETED,12/15/2011 3:38:26 PM,2011-12-15T15:38:26,,,,,UNKNOWN,UNKNOWN,OTHER,OTHER,,,,,,,,,,,,,CATEGORY 1,CATEGORY 1,10877,10877,395,395,OTTAWA ST S,OTTAWA ST S,29680,29680,,,,,,,,,,,N,N,03ca1e23-e8d0-4ca9-bebe-d5571da1c7a5,03ca1e23-e8d0-4ca9-bebe-d5571da1c7a5,DAVIDV,DAVIDV,12/15/2011 3:38:26 PM,2011-12-15T15:38:26,542154.724,542154.724,4808993.915,4808993.915,False,True,False,False,True,False,,False,False,unmatched_asset,1997-02-09T00:00:00,1,False,1,False
Water_Main_Breaks_-8394745777553033727.csv,1239,9226,9226,1567,1567,1/4/2011 12:00:00 AM,2011-01-04T00:00:00,MAIN,MAIN,,,,,,,,,,,REPAIR COMPLETED,REPAIR COMPLETED,12/15/2011 3:38:26 PM,2011-12-15T15:38:26,38818,38818,,,CIRCUMFERENTIAL,CIRCUMFERENTIAL,COMBINATION,COMBINATION,,,,,,,,,,,,,CATEGORY 1,CATEGORY 1,13306,13306,58,58,SECOND AVE,SECOND AVE,34210,34210,,,,,,,,,,,N,N,ea4f22b1-1a20-408e-85f5-e09baf73823c,ea4f22b1-1a20-408e-85f5-e09baf73823c,DAVIDV,DAVIDV,12/15/2011 3:38:26 PM,2011-12-15T15:38:26,544052.3391,544052.3391,4809152.2455,4809152.2455,False,True,False,False,True,False,,False,False,unmatched_asset,2011-01-04T00:00:00,1,False,1,False
Water_Main_Breaks_-8394745777553033727.csv,1241,9228,9228,1133,1133,5/18/2007 12:00:00 AM,2007-05-18T00:00:00,MAIN,MAIN,,,,,,,,,,,REPAIR COMPLETED,REPAIR COMPLETED,12/15/2011 3:38:27 PM,2011-12-15T15:38:27,174567,174567,,,CIRCUMFERENTIAL,CIRCUMFERENTIAL,AGE,AGE,,,,,,,,,,,,,CATEGORY 1,CATEGORY 1,10070,10070,1732,1732,KING ST E,KING ST E,21890,21890,,,,,100,100,1937,1937,CI,CI,N,N,f87ce7fc-dffc-4590-ae89-28559879bc87,f87ce7fc-dffc-4590-ae89-28559879bc87,DAVIDV,DAVIDV,12/15/2011 3:38:27 PM,2011-12-15T15:38:27,543660.4125,543660.4125,4809559.3866,4809559.3866,False,True,False,False,True,False,,False,False,unmatched_asset,2007-05-18T00:00:00,1,False,1,False
Water_Main_Breaks_-8394745777553033727.csv,1244,9231,9231,1589,1589,1/27/2011 12:00:00 AM,2011-01-27T00:00:00,MAIN,MAIN,,,,,,,,,,,REPAIR COMPLETED,REPAIR COMPLETED,12/15/2011 3:38:26 PM,2011-12-15T15:38:26,39868,39868,,,FITTING/JOINT,FITTING/JOINT,AGE,AGE,,,,,,,,,,,,,CATEGORY 1,CATEGORY 1,40030,40030,109,109,FIFE AVE,FIFE AVE,63540,63540,,,,,,,,,,,N,N,42baa535-01d9-4eaa-9186-231c3ba7c169,42baa535-01d9-4eaa-9186-231c3ba7c169,DAVIDV,DAVIDV,12/15/2011 3:38:26 PM,2011-12-15T15:38:26,543158.3577,543158.3577,4811855.3007,4811855.3007,False,True,False,False,True,False,,False,False,unmatched_asset,2011-01-27T00:00:00,1,False,1,False
Water_Main_Breaks_-8394745777553033727.csv,1249,9237,9237,1533,1533,12/31/2010 12:00:00 AM,2010-12-31T00:00:00,MAIN,MAIN,,,,,,,,,,,REPAIR COMPLETED,REPAIR COMPLETED,12/15/2011 3:38:27 PM,2011-12-15T15:38:27,38833,38833,,,CIRCUMFERENTIAL,CIRCUMFERENTIAL,COMBINATION,COMBINATION,,,,,,,,,,,,,CATEGORY 1,CATEGORY 1,12096,12096,130,130,WALKER ST,WALKER ST,40340,40340,,,,,,,,,,,N,N,08262b8f-66b6-4978-8848-b22d8bf4a16d,08262b8f-66b6-4978-8848-b22d8bf4a16d,DAVIDV,DAVIDV,10/25/2021 9:32:09 AM,2021-10-25T09:32:09,545654.8933,545654.8933,4809027.7414,4809027.7414,False,True,False,False,True,False,,False,False,unmatched_asset,2010-12-31T00:00:00,1,False,1,False
Water_Main_Breaks_-8394745777553033727.csv,1252,9240,9240,1340,1340,1/15/2009 12:00:00 AM,2009-01-15T00:00:00,MAIN,MAIN,,,,,,,,,,,REPAIR COMPLETED,REPAIR COMPLETED,12/15/2011 3:38:28 PM,2011-12-15T15:38:28,3390,3390,,,UNKNOWN,UNKNOWN,OTHER,OTHER,,,,,,,,,,,,,CATEGORY 1,CATEGORY 1,10951,10951,71,71,TRAYNOR AVE,TRAYNOR AVE,38190,38190,,,,,,,,,,,N,N,a01cf9e1-dfc6-46e7-8cc7-1cc622614a8d,a01cf9e1-dfc6-46e7-8cc7-1cc622614a8d,DAVIDV,DAVIDV,12/15/2011 3:38:28 PM,2011-12-15T15:38:28,544855.1214,544855.1214,4808284.2822,4808284.2822,False,True,False,False,True,False,,False,False,unmatched_asset,2009-01-15T00:00:00,1,False,1,False
Water_Main_Breaks_-8394745777553033727.csv,1264,9252,9252,36,36,8/24/2001 12:00:00 AM,2001-08-24T00:00:00,MAIN,MAIN,,,,,,,,,,,REPAIR COMPLETED,REPAIR COMPLETED,12/15/2011 3:38:26 PM,2011-12-15T15:38:26,,,,,UNKNOWN,UNKNOWN,OTHER,OTHER,,,,,,,,,,,,,CATEGORY 1,CATEGORY 1,9222,9222,512,512,CHARLES ST E,CHARLES ST E,87596,87596,,,,,300,300,1978,1978,DI,DI,N,N,aebba81f-8738-4e9b-9c07-d7aa995f9c80,aebba81f-8738-4e9b-9c07-d7aa995f9c80,DAVIDV,DAVIDV,12/15/2011 3:38:26 PM,2011-12-15T15:38:26,542524.9504,542524.9504,4810046.8444,4810046.8444,False,True,False,False,True,False,,False,False,unmatched_asset,2001-08-24T00:00:00,1,False,1,False
Water_Main_Breaks_-8394745777553033727.csv,1265,9253,9253,249,249,2/24/2006 12:00:00 AM,2006-02-24T00:00:00,MAIN,MAIN,,,,,,,,,,,REPAIR COMPLETED,REPAIR COMPLETED,12/15/2011 3:38:26 PM,2011-12-15T15:38:26,,,,,UNKNOWN,UNKNOWN,OTHER,OTHER,,,,,,,,,,,,,CATEGORY 1,CATEGORY 1,8748,8748,141,141,METZLOFF DR,METZLOFF DR,63560,63560,,,,,,,,,,,N,N,32eba76f-04f4-456a-9baa-e6a9573e37c9,32eba76f-04f4-456a-9baa-e6a9573e37c9,DAVIDV,DAVIDV,12/15/2011 3:38:26 PM,2011-12-15T15:38:26,539582.8502,539582.8502,4809828.8072,4809828.8072,False,True,False,False,True,False,,False,False,unmatched_asset,2006-02-24T00:00:00,1,False,1,False
Water_Main_Breaks_-8394745777553033727.csv,1278,9266,9266,236,236,1/8/2003 12:00:00 AM,2003-01-08T00:00:00,MAIN,MAIN,,,,,,,,,,,REPAIR COMPLETED,REPAIR COMPLETED,12/15/2011 3:38:26 PM,2011-12-15T15:38:26,,,,,UNKNOWN,UNKNOWN,OTHER,OTHER,,,,,,,,,,,,,CATEGORY 1,CATEGORY 1,10956,10956,253,253,VANIER DR,VANIER DR,39060,39060,,,,,200,200,1953,1953,CI,CI,N,N,f38d5b13-bc91-4a71-aae8-0686bbcda548,f38d5b13-bc91-4a71-aae8-0686bbcda548,DAVIDV,DAVIDV,12/15/2011 3:38:26 PM,2011-12-15T15:38:26,543698.8426,543698.8426,4808134.8217,4808134.8217,False,True,False,False,True,False,,False,False,unmatched_asset,2003-01-08T00:00:00,1,False,1,False
Water_Main_Breaks_-8394745777553033727.csv,1281,9269,9269,1267,1267,5/12/1998 12:00:00 AM,1998-05-12T00:00:00,MAIN,MAIN,,,,,,,,,,,REPAIR COMPLETED,REPAIR COMPLETED,12/15/2011 3:38:27 PM,2011-12-15T15:38:27,,,,,UNKNOWN,UNKNOWN,OTHER,OTHER,,,,,,,,,,,,,CATEGORY 1,CATEGORY 1,104704,104704,133,133,HAYWARD AVE,HAYWARD AVE,84006,84006,,,,,150,150,1967,1967,DI,DI,N,N,1dd30585-6ffd-4e0a-9b48-df3941e91697,1dd30585-6ffd-4e0a-9b48-df3941e91697,DAVIDV,DAVIDV,12/15/2011 3:38:27 PM,2011-12-15T15:38:27,543014,543014,4808226,4808226,False,True,False,False,True,False,,False,False,unmatched_asset,1998-05-12T00:00:00,1,False,1,False
Water_Main_Breaks_-8394745777553033727.csv,1284,9272,9272,1275,1275,12/27/1997 12:00:00 AM,1997-12-27T00:00:00,MAIN,MAIN,,,,,,,,,,,REPAIR COMPLETED,REPAIR COMPLETED,12/15/2011 3:38:27 PM,2011-12-15T15:38:27,,,,,UNKNOWN,UNKNOWN,OTHER,OTHER,,,,,,,,,,,,,CATEGORY 1,CATEGORY 1,6879,6879,86,86,WEBER ST E,WEBER ST E,40850,40850,,,,,,,,,,,N,N,806e33bd-b0af-44d7-babe-0bc6ef1afa04,806e33bd-b0af-44d7-babe-0bc6ef1afa04,DAVIDV,DAVIDV,12/15/2011 3:38:27 PM,2011-12-15T15:38:27,541816.618,541816.618,4810915.5764,4810915.5764,False,True,False,False,True,False,,False,False,unmatched_asset,1997-12-27T00:00:00,1,False,1,False
Water_Main_Breaks_-8394745777553033727.csv,1289,9277,9277,1208,1208,3/6/2008 12:00:00 AM,2008-03-06T00:00:00,MAIN,MAIN,,,,,,,,,,,REPAIR COMPLETED,REPAIR COMPLETED,12/15/2011 3:38:27 PM,2011-12-15T15:38:27,189881,189881,,,UNKNOWN,UNKNOWN,OTHER,OTHER,,,,,,,,,,,,,CATEGORY 1,CATEGORY 1,7085,7085,24,24,VALEWOOD PL,VALEWOOD PL,38960,38960,,,,,,,,,,,N,N,9d39393d-f704-4ba8-8e2b-a33ff939a87a,9d39393d-f704-4ba8-8e2b-a33ff939a87a,DAVIDV,DAVIDV,12/15/2011 3:38:27 PM,2011-12-15T15:38:27,541265.6304,541265.6304,4813314.7381,4813314.7381,False,True,False,False,True,False,,False,False,unmatched_asset,2008-03-06T00:00:00,1,False,1,False
Water_Main_Breaks_-8394745777553033727.csv,1293,9281,9281,1187,1187,1/17/2008 12:00:00 AM,2008-01-17T00:00:00,MAIN,MAIN,,,,,,,,,,,REPAIR COMPLETED,REPAIR COMPLETED,12/15/2011 3:38:27 PM,2011-12-15T15:38:27,188152,188152,,,UNKNOWN,UNKNOWN,OTHER,OTHER,,,,,,,,,,,,,CATEGORY 1,CATEGORY 1,5722,5722,35,35,HIGHLAND RD E,HIGHLAND RD E,19030,19030,,,,,,,,,,,N,N,7b4b21aa-1a4f-4a9e-996c-cee2392169f5,7b4b21aa-1a4f-4a9e-996c-cee2392169f5,DAVIDV,DAVIDV,12/15/2011 3:38:27 PM,2011-12-15T15:38:27,540708.9779,540708.9779,4809859.9831,4809859.9831,False,True,False,False,True,False,,False,False,unmatched_asset,2008-01-17T00:00:00,1,False,1,False
Water_Main_Breaks_-8394745777553033727.csv,1300,9288,9288,670,670,1/30/2005 12:00:00 AM,2005-01-30T00:00:00,MAIN,MAIN,,,,,,,,,,,REPAIR COMPLETED,REPAIR COMPLETED,12/15/2011 3:38:27 PM,2011-12-15T15:38:27,,,,,UNKNOWN,UNKNOWN,OTHER,OTHER,,,,,,,,,,,,,CATEGORY 1,CATEGORY 1,8795,8795,188,188,JOSEPH ST,JOSEPH ST,20670,20670,,,,,,,,,,,N,N,5497d4ae-12ba-4774-a54f-23328e5c2df8,5497d4ae-12ba-4774-a54f-23328e5c2df8,DAVIDV,DAVIDV,12/15/2011 3:38:27 PM,2011-12-15T15:38:27,540449.3725,540449.3725,4811040.9475,4811040.9475,False,True,False,False,True,False,,False,False,unmatched_asset,2005-01-30T00:00:00,1,False,1,False
Water_Main_Breaks_-8394745777553033727.csv,1305,9293,9293,192,192,2/8/2000 12:00:00 AM,2000-02-08T00:00:00,MAIN,MAIN,,,,,,,,,,,REPAIR COMPLETED,REPAIR COMPLETED,12/15/2011 3:38:26 PM,2011-12-15T15:38:26,,,,,UNKNOWN,UNKNOWN,OTHER,OTHER,,,,,,,,,,,,,CATEGORY 1,CATEGORY 1,10101,10101,121,121,CLARK AVE,CLARK AVE,87374,87374,,,,,150,150,2008,2008,PVC,PVC,N,N,3fa3a5d2-2363-4d2c-b4cf-42cbec0dc070,3fa3a5d2-2363-4d2c-b4cf-42cbec0dc070,DAVIDV,DAVIDV,12/15/2011 3:38:26 PM,2011-12-15T15:38:26,543843.4709,543843.4709,4808186.566,4808186.566,False,True,False,False,True,False,,False,False,unmatched_asset,2000-02-08T00:00:00,1,False,1,False
Water_Main_Breaks_-8394745777553033727.csv,1309,9297,9297,349,349,1/6/2001 12:00:00 AM,2001-01-06T00:00:00,MAIN,MAIN,,,,,,,,,,,REPAIR COMPLETED,REPAIR COMPLETED,12/15/2011 3:38:26 PM,2011-12-15T15:38:26,,,,,UNKNOWN,UNKNOWN,OTHER,OTHER,,,,,,,,,,,,,CATEGORY 1,CATEGORY 1,9988,9988,167,167,FRANKLIN ST S,FRANKLIN ST S,15450,15450,,,,,,,,,,,N,N,076991fc-1da6-43fe-8786-275d913ce451,076991fc-1da6-43fe-8786-275d913ce451,DAVIDV,DAVIDV,12/15/2011 3:38:26 PM,2011-12-15T15:38:26,544408.4263,544408.4263,4808657.2091,4808657.2091,False,True,False,False,True,False,,False,False,unmatched_asset,2001-01-06T00:00:00,1,False,1,False
Water_Main_Breaks_-8394745777553033727.csv,1310,9298,9298,1428,1428,12/21/2009 12:00:00 AM,2009-12-21T00:00:00,MAIN,MAIN,,,,,,,,,,,REPAIR COMPLETED,REPAIR COMPLETED,12/15/2011 3:38:28 PM,2011-12-15T15:38:28,21465,21465,,,UNKNOWN,UNKNOWN,OTHER,OTHER,,,,,,,,,,,,,CATEGORY 1,CATEGORY 1,22319,22319,,,FLORENCE AVE,FLORENCE AVE,14680,14680,,,,,,,,,,,N,N,25c854e8-044e-43da-aa97-968db66ca97e,25c854e8-044e-43da-aa97-968db66ca97e,DAVIDV,DAVIDV,10/25/2021 9:31:51 AM,2021-10-25T09:31:51,545577.87,545577.87,4808772.8037,4808772.8037,False,True,False,False,True,False,,False,False,unmatched_asset,2009-12-21T00:00:00,1,False,1,False
Water_Main_Breaks_-8394745777553033727.csv,1313,9301,9301,529,529,12/3/2002 12:00:00 AM,2002-12-03T00:00:00,MAIN,MAIN,,,,,,,,,,,REPAIR COMPLETED,REPAIR COMPLETED,12/15/2011 3:38:27 PM,2011-12-15T15:38:27,,,,,UNKNOWN,UNKNOWN,OTHER,OTHER,,,,,,,,,,,,,CATEGORY 1,CATEGORY 1,6444,6444,26,26,CORAL CRES,CORAL CRES,8000,8000,,,,,,,,,,,N,N,d9e7a81e-4ffc-41bc-b017-72c1d5968159,d9e7a81e-4ffc-41bc-b017-72c1d5968159,DAVIDV,DAVIDV,12/15/2011 3:38:27 PM,2011-12-15T15:38:27,540695.7905,540695.7905,4809235.2381,4809235.2381,False,True,False,False,True,False,,False,False,unmatched_asset,2002-12-03T00:00:00,1,False,1,False
Water_Main_Breaks_-8394745777553033727.csv,1325,9313,9313,536,536,10/5/2003 12:00:00 AM,2003-10-05T00:00:00,MAIN,MAIN,,,,,,,,,,,REPAIR COMPLETED,REPAIR COMPLETED,12/15/2011 3:38:27 PM,2011-12-15T15:38:27,,,,,UNKNOWN,UNKNOWN,OTHER,OTHER,,,,,,,,,,,,,CATEGORY 1,CATEGORY 1,22328,22328,97,97,JANSEN AVE,JANSEN AVE,20570,20570,,,,,150,150,1961,1961,CI,CI,N,N,de17d1b9-9e60-48bd-bccb-26bb67de7183,de17d1b9-9e60-48bd-bccb-26bb67de7183,DAVIDV,DAVIDV,12/15/2011 3:38:27 PM,2011-12-15T15:38:27,545834.2158,545834.2158,4808888.8178,4808888.8178,False,True,False,False,True,False,,False,False,unmatched_asset,2003-10-05T00:00:00,1,False,1,False
Water_Main_Breaks_-8394745777553033727.csv,1326,9314,9314,59,59,6/14/1997 12:00:00 AM,1997-06-14T00:00:00,MAIN,MAIN,,,,,,,,,,,REPAIR COMPLETED,REPAIR COMPLETED,12/15/2011 3:38:26 PM,2011-12-15T15:38:26,,,,,UNKNOWN,UNKNOWN,OTHER,OTHER,,,,,,,,,,,,,CATEGORY 1,CATEGORY 1,11455,11455,526,526,MILL ST,MILL ST,26700,26700,,,,,,,,,,,N,N,5d3d0fe3-5a1a-4c17-a286-57a65c02513f,5d3d0fe3-5a1a-4c17-a286-57a65c02513f,DAVIDV,DAVIDV,12/15/2011 3:38:26 PM,2011-12-15T15:38:26,542456.7245,542456.7245,4809146.0041,4809146.0041,False,True,False,False,True,False,,False,False,unmatched_asset,1997-06-14T00:00:00,1,False,1,False
Water_Main_Breaks_-8394745777553033727.csv,1327,9315,9315,1369,1369,2/14/2009 12:00:00 AM,2009-02-14T00:00:00,MAIN,MAIN,,,,,,,,,,,REPAIR COMPLETED,REPAIR COMPLETED,12/15/2011 3:38:28 PM,2011-12-15T15:38:28,4896,4896,,,UNKNOWN,UNKNOWN,OTHER,OTHER,,,,,,,,,,,,,CATEGORY 1,CATEGORY 1,8732,8732,22,22,WESTWOOD CRES,WESTWOOD CRES,42890,42890,,,,,,,,,,,N,N,02f1bfb3-091f-467b-bc5d-e17c1cc4a67f,02f1bfb3-091f-467b-bc5d-e17c1cc4a67f,DAVIDV,DAVIDV,12/15/2011 3:38:28 PM,2011-12-15T15:38:28,538153.3022,538153.3022,4810452.4208,4810452.4208,False,True,False,False,True,False,,False,False,unmatched_asset,2009-02-14T00:00:00,1,False,1,False
Water_Main_Breaks_-8394745777553033727.csv,1330,9318,9318,790,790,1/20/1998 12:00:00 AM,1998-01-20T00:00:00,MAIN,MAIN,,,,,,,,,,,REPAIR COMPLETED,REPAIR COMPLETED,12/15/2011 3:38:27 PM,2011-12-15T15:38:27,,,,,UNKNOWN,UNKNOWN,OTHER,OTHER,,,,,,,,,,,,,CATEGORY 1,CATEGORY 1,23235,23235,15,15,CONWAY DR,CONWAY DR,7940,7940,,,,,,,,,,,N,N,5066357c-f16d-468c-9e8e-2c6ac6f8c260,5066357c-f16d-468c-9e8e-2c6ac6f8c260,DAVIDV,DAVIDV,12/15/2011 3:38:27 PM,2011-12-15T15:38:27,545172.4895,545172.4895,4810664.1838,4810664.1838,False,True,False,False,True,False,,False,False,unmatched_asset,1998-01-20T00:00:00,1,False,1,False
Water_Main_Breaks_-8394745777553033727.csv,1340,9328,9328,1735,1735,2/17/2012 12:00:00 AM,2012-02-17T00:00:00,MAIN,MAIN,,,,,,,,,,,REPAIR COMPLETED,REPAIR COMPLETED,3/7/2013 12:00:00 AM,2013-03-07T00:00:00,61240,61240,,,UNKNOWN,UNKNOWN,CORROSION,CORROSION,,,,,,,,,,,,,CATEGORY 1,CATEGORY 1,8732,8732,54,54,WESTWOOD CRES,WESTWOOD CRES,42890,42890,,,,,,,,,,,N,N,62cda5bc-65fc-4b93-854b-7d19d46c8fb0,62cda5bc-65fc-4b93-854b-7d19d46c8fb0,DAVIDV,DAVIDV,3/7/2013 12:00:00 AM,2013-03-07T00:00:00,538080.043,538080.043,4810490.9438,4810490.9438,False,True,False,False,True,False,,False,False,unmatched_asset,2012-02-17T00:00:00,1,False,1,False
Water_Main_Breaks_-8394745777553033727.csv,1345,9333,9333,561,561,5/7/1999 12:00:00 AM,1999-05-07T00:00:00,MAIN,MAIN,,,,,,,,,,,REPAIR COMPLETED,REPAIR COMPLETED,12/15/2011 3:38:27 PM,2011-12-15T15:38:27,,,,,UNKNOWN,UNKNOWN,OTHER,OTHER,,,,,,,,,,,,,CATEGORY 1,CATEGORY 1,12376,12376,99,99,LANG CRES,LANG CRES,23470,23470,,,,,150,150,1961,1961,CI,CI,N,N,95624df1-f282-4698-a952-4f5f715e428e,95624df1-f282-4698-a952-4f5f715e428e,DAVIDV,DAVIDV,12/15/2011 3:38:27 PM,2011-12-15T15:38:27,541148.8259,541148.8259,4813787.708,4813787.708,False,True,False,False,True,False,,False,False,unmatched_asset,1999-05-07T00:00:00,1,False,1,False
Water_Main_Breaks_-8394745777553033727.csv,1352,9340,9340,1180,1180,1/7/2008 12:00:00 AM,2008-01-07T00:00:00,MAIN,MAIN,,,,,,,,,,,REPAIR COMPLETED,REPAIR COMPLETED,12/15/2011 3:38:27 PM,2011-12-15T15:38:27,187244,187244,,,UNKNOWN,UNKNOWN,OTHER,OTHER,,,,,,,,,,,,,CATEGORY 1,CATEGORY 1,13118,13118,22,22,BRIDGE ST E,BRIDGE ST E,490,490,,,,,,,,,,,N,N,cb06475d-7cd9-4a01-abd3-9972e2a50944,cb06475d-7cd9-4a01-abd3-9972e2a50944,DAVIDV,DAVIDV,12/15/2011 3:38:27 PM,2011-12-15T15:38:27,542098,542098,4814337,4814337,False,True,False,False,True,False,,False,False,unmatched_asset,2008-01-07T00:00:00,1,False,1,False
Water_Main_Breaks_-8394745777553033727.csv,1355,9343,9343,720,720,5/8/2003 12:00:00 AM,2003-05-08T00:00:00,MAIN,MAIN,,,,,,,,,,,REPAIR COMPLETED,REPAIR COMPLETED,12/15/2011 3:38:27 PM,2011-12-15T15:38:27,,,,,UNKNOWN,UNKNOWN,OTHER,OTHER,,,,,,,,,,,,,CATEGORY 1,CATEGORY 1,9503,9503,1493,1493,OTTAWA ST S,OTTAWA ST S,64330,64330,,,,,,,,,,,N,N,3c8fa6b1-173c-4950-8fb9-623137cd006d,3c8fa6b1-173c-4950-8fb9-623137cd006d,DAVIDV,DAVIDV,12/15/2011 3:38:27 PM,2011-12-15T15:38:27,539174.2239,539174.2239,4806795.5149,4806795.5149,False,True,False,False,True,False,,False,False,unmatched_asset,2003-05-08T00:00:00,1,False,1,False
Water_Main_Breaks_-8394745777553033727.csv,1360,9348,9348,54,54,5/22/2002 12:00:00 AM,2002-05-22T00:00:00,MAIN,MAIN,,,,,,,,,,,REPAIR COMPLETED,REPAIR COMPLETED,12/15/2011 3:38:26 PM,2011-12-15T15:38:26,,,,,UNKNOWN,UNKNOWN,OTHER,OTHER,,,,,,,,,,,,,CATEGORY 1,CATEGORY 1,11664,11664,102,102,KENT AVE,KENT AVE,21170,21170,,,,,150,150,1926,1926,CI,CI,N,N,0b346911-4318-4f5e-9a6e-05a3c369f42a,0b346911-4318-4f5e-9a6e-05a3c369f42a,DAVIDV,DAVIDV,12/15/2011 3:38:26 PM,2011-12-15T15:38:26,542166.2715,542166.2715,4809948.2776,4809948.2776,False,True,False,False,True,False,,False,False,unmatched_asset,2002-05-22T00:00:00,1,False,1,False
Water_Main_Breaks_-8394745777553033727.csv,1361,9349,9349,819,819,9/12/2006 12:00:00 AM,2006-09-12T00:00:00,MAIN,MAIN,,,,,,,,,,,REPAIR COMPLETED,REPAIR COMPLETED,12/15/2011 3:38:27 PM,2011-12-15T15:38:27,,,,,UNKNOWN,UNKNOWN,OTHER,OTHER,,,,,,,,,,,,,CATEGORY 1,CATEGORY 1,13210,13210,62,62,WAYNE DR,WAYNE DR,40750,40750,,,,,,,,,,,N,N,c10f6758-6b58-4eca-b1f5-15e88417e445,c10f6758-6b58-4eca-b1f5-15e88417e445,DAVIDV,DAVIDV,12/15/2011 3:38:27 PM,2011-12-15T15:38:27,545387.4834,545387.4834,4810485.9218,4810485.9218,False,True,False,False,True,False,,False,False,unmatched_asset,2006-09-12T00:00:00,1,False,1,False
Water_Main_Breaks_-8394745777553033727.csv,1363,9351,9351,1661,1661,12/15/2011 3:38:26 PM,2011-12-15T15:38:26,MAIN,MAIN,,,,,,,,,,,REPAIR COMPLETED,REPAIR COMPLETED,12/15/2011 3:38:26 PM,2011-12-15T15:38:26,,,,,UNKNOWN,UNKNOWN,OTHER,OTHER,,,,,,,,,,,,,CATEGORY 1,CATEGORY 1,20880,20880,636,636,STIRLING AVE S,STIRLING AVE S,36250,36250,,,,,,,,,,,N,N,59d20095-2482-4925-949e-0ffff1cda988,59d20095-2482-4925-949e-0ffff1cda988,DAVIDV,DAVIDV,12/15/2011 3:38:26 PM,2011-12-15T15:38:26,540781.931,540781.931,4809029.5405,4809029.5405,False,True,False,False,True,False,,False,False,unmatched_asset,2011-12-15T00:00:00,1,False,1,False
Water_Main_Breaks_-8394745777553033727.csv,1368,9356,9356,1676,1676,12/15/2011 3:38:26 PM,2011-12-15T15:38:26,MAIN,MAIN,,,,,,,,,,,REPAIR COMPLETED,REPAIR COMPLETED,12/15/2011 3:38:26 PM,2011-12-15T15:38:26,,,,,UNKNOWN,UNKNOWN,OTHER,OTHER,,,,,,,,,,,,,CATEGORY 1,CATEGORY 1,5729,5729,21,21,HIGHLAND RD E,HIGHLAND RD E,19020,19020,,,,,,,,,,,N,N,6deafe88-2f4d-487f-913f-5d2e460db27e,6deafe88-2f4d-487f-913f-5d2e460db27e,DAVIDV,DAVIDV,12/15/2011 3:38:26 PM,2011-12-15T15:38:26,540635.306,540635.306,4809895.0828,4809895.0828,False,True,False,False,True,False,,False,False,unmatched_asset,2011-12-15T00:00:00,1,False,1,False
Water_Main_Breaks_-8394745777553033727.csv,1370,9358,9358,1657,1657,12/15/2011 3:38:26 PM,2011-12-15T15:38:26,MAIN,MAIN,,,,,,,,,,,REPAIR COMPLETED,REPAIR COMPLETED,12/15/2011 3:38:26 PM,2011-12-15T15:38:26,,,,,UNKNOWN,UNKNOWN,OTHER,OTHER,,,,,,,,,,,,,CATEGORY 1,CATEGORY 1,6576,6576,287,287,LORNE AVE,LORNE AVE,24100,24100,,,,,150,150,1964,1964,CI,CI,N,N,622ef650-7576-4e76-8d04-4ba481ab0688,622ef650-7576-4e76-8d04-4ba481ab0688,DAVIDV,DAVIDV,12/15/2011 3:38:26 PM,2011-12-15T15:38:26,541139.8908,541139.8908,4809012.7972,4809012.7972,False,True,False,False,True,False,,False,False,unmatched_asset,2011-12-15T00:00:00,1,False,1,False
Water_Main_Breaks_-8394745777553033727.csv,1377,9365,9365,1895,1895,3/29/2014 12:00:00 AM,2014-03-29T00:00:00,MAIN,MAIN,,,,,,,,,,,REPAIR COMPLETED,REPAIR COMPLETED,8/8/2014 12:00:00 AM,2014-08-08T00:00:00,98434,98434,,,UNKNOWN,UNKNOWN,OTHER,OTHER,,,,,,,,,,,,,CATEGORY 1,CATEGORY 1,23238,23238,22,22,WAYNE DR,WAYNE DR,40740,40740,,,,,,,,,,,N,N,8862f38b-fd25-49db-80f3-5545eae3d58f,8862f38b-fd25-49db-80f3-5545eae3d58f,DAVIDV,DAVIDV,8/8/2014 12:00:00 AM,2014-08-08T00:00:00,545282.7083,545282.7083,4810615.7937,4810615.7937,False,True,False,False,True,False,,False,False,unmatched_asset,2014-03-29T00:00:00,1,False,1,False
Water_Main_Breaks_-8394745777553033727.csv,1385,9373,9373,1361,1361,2/4/2009 12:00:00 AM,2009-02-04T00:00:00,MAIN,MAIN,,,,,,,,,,,REPAIR COMPLETED,REPAIR COMPLETED,12/15/2011 3:38:28 PM,2011-12-15T15:38:28,4270,4270,,,UNKNOWN,UNKNOWN,OTHER,OTHER,,,,,,,,,,,,,CATEGORY 1,CATEGORY 1,9996,9996,219,219,FRANKLIN ST S,FRANKLIN ST S,88512,88512,,,,,,,,,,,N,N,51cb5dcd-8094-4833-8a3d-ee1cbc184b5d,51cb5dcd-8094-4833-8a3d-ee1cbc184b5d,DAVIDV,DAVIDV,12/15/2011 3:38:28 PM,2011-12-15T15:38:28,544330.826,544330.826,4808465.6353,4808465.6353,False,True,False,False,True,False,,False,False,unmatched_asset,2009-02-04T00:00:00,1,False,1,False
Water_Main_Breaks_-8394745777553033727.csv,1386,9374,9374,373,373,2/9/2000 12:00:00 AM,2000-02-09T00:00:00,MAIN,MAIN,,,,,,,,,,,REPAIR COMPLETED,REPAIR COMPLETED,12/15/2011 3:38:26 PM,2011-12-15T15:38:26,,,,,UNKNOWN,UNKNOWN,OTHER,OTHER,,,,,,,,,,,,,CATEGORY 1,CATEGORY 1,20773,20773,130,130,ABERDEEN RD,ABERDEEN RD,260,260,,,,,150,150,1955,1955,CI,CI,N,N,00c904e4-20d7-49fd-bc13-c5b227c271e8,00c904e4-20d7-49fd-bc13-c5b227c271e8,DAVIDV,DAVIDV,12/15/2011 3:38:26 PM,2011-12-15T15:38:26,538104.9726,538104.9726,4811064.4899,4811064.4899,False,True,False,False,True,False,,False,False,unmatched_asset,2000-02-09T00:00:00,1,False,1,False
Water_Main_Breaks_-8394745777553033727.csv,1387,9375,9375,1051,1051,1/8/2007 12:00:00 AM,2007-01-08T00:00:00,MAIN,MAIN,,,,,,,,,,,REPAIR COMPLETED,REPAIR COMPLETED,12/15/2011 3:38:27 PM,2011-12-15T15:38:27,168220,168220,,,UNKNOWN,UNKNOWN,OTHER,OTHER,,,,,,,,,,,,,CATEGORY 1,CATEGORY 1,22322,22322,35,35,JANSEN AVE,JANSEN AVE,20570,20570,,,,,150,150,1961,1961,CI,CI,N,N,e72f729e-ed65-44c4-a854-62d3d867df1d,e72f729e-ed65-44c4-a854-62d3d867df1d,DAVIDV,DAVIDV,12/15/2011 3:38:27 PM,2011-12-15T15:38:27,545710.4998,545710.4998,4808790.1362,4808790.1362,False,True,False,False,True,False,,False,False,unmatched_asset,2007-01-08T00:00:00,1,False,1,False
Water_Main_Breaks_-8394745777553033727.csv,1393,9381,9381,544,544,2/29/2000 12:00:00 AM,2000-02-29T00:00:00,MAIN,MAIN,,,,,,,,,,,REPAIR COMPLETED,REPAIR COMPLETED,12/15/2011 3:38:27 PM,2011-12-15T15:38:27,,,,,UNKNOWN,UNKNOWN,OTHER,OTHER,,,,,,,,,,,,,CATEGORY 1,CATEGORY 1,15834,15834,91,91,ROSEMOUNT DR,ROSEMOUNT DR,33410,33410,,,,,150,150,1958,1958,CI,CI,N,N,b5718f57-2414-435b-9df8-1a319a03b43b,b5718f57-2414-435b-9df8-1a319a03b43b,DAVIDV,DAVIDV,12/15/2011 3:38:27 PM,2011-12-15T15:38:27,543324.8009,543324.8009,4812048.5007,4812048.5007,False,True,False,False,True,False,,False,False,unmatched_asset,2000-02-29T00:00:00,1,False,1,False
Water_Main_Breaks_-8394745777553033727.csv,1401,9389,9389,1641,1641,1/1/1995 12:00:00 AM,1995-01-01T00:00:00,MAIN,MAIN,,,,,,,,,,,REPAIR COMPLETED,REPAIR COMPLETED,12/15/2011 3:38:26 PM,2011-12-15T15:38:26,,,,,UNKNOWN,UNKNOWN,OTHER,OTHER,,,,,,,,,,,,,CATEGORY 1,CATEGORY 1,70140,70140,5,5,HOFFMAN ST,HOFFMAN ST,19660,19660,,,,,150,150,1956,1956,CI,CI,N,N,d88c1f20-6195-442b-a1cd-919dec7d4fcd,d88c1f20-6195-442b-a1cd-919dec7d4fcd,DAVIDV,DAVIDV,12/15/2011 3:38:26 PM,2011-12-15T15:38:26,542343.912,542343.912,4808830.7352,4808830.7352,False,True,False,False,True,False,,False,False,unmatched_asset,1995-01-01T00:00:00,1,False,1,False
Water_Main_Breaks_-8394745777553033727.csv,1403,9391,9391,234,234,10/22/2003 12:00:00 AM,2003-10-22T00:00:00,MAIN,MAIN,,,,,,,,,,,REPAIR COMPLETED,REPAIR COMPLETED,12/15/2011 3:38:26 PM,2011-12-15T15:38:26,,,,,UNKNOWN,UNKNOWN,OTHER,OTHER,,,,,,,,,,,,,CATEGORY 1,CATEGORY 1,22959,22959,213,213,VANIER DR,VANIER DR,39040,39040,,,,,200,200,1953,1953,CI,CI,N,N,3efbe298-4355-438c-bd59-89e4b8e64450,3efbe298-4355-438c-bd59-89e4b8e64450,DAVIDV,DAVIDV,12/15/2011 3:38:26 PM,2011-12-15T15:38:26,543566.7177,543566.7177,4808299.7214,4808299.7214,False,True,False,False,True,False,,False,False,unmatched_asset,2003-10-22T00:00:00,1,False,1,False
Water_Main_Breaks_-8394745777553033727.csv,1407,9395,9395,516,516,1/25/1997 12:00:00 AM,1997-01-25T00:00:00,MAIN,MAIN,,,,,,,,,,,REPAIR COMPLETED,REPAIR COMPLETED,12/15/2011 3:38:27 PM,2011-12-15T15:38:27,,,,,UNKNOWN,UNKNOWN,OTHER,OTHER,,,,,,,,,,,,,CATEGORY 1,CATEGORY 1,12094,12094,113,113,FLORENCE AVE,FLORENCE AVE,14700,14700,,,,,,,,,,,N,N,d3dfc28b-57d7-442a-9691-e90c6f6f6f12,d3dfc28b-57d7-442a-9691-e90c6f6f6f12,DAVIDV,DAVIDV,10/25/2021 9:27:21 AM,2021-10-25T09:27:21,545768.6528,545768.6528,4808957.409,4808957.409,False,True,False,False,True,False,,False,False,unmatched_asset,1997-01-25T00:00:00,1,False,1,False
Water_Main_Breaks_-8394745777553033727.csv,1411,9399,9399,273,273,6/24/2001 12:00:00 AM,2001-06-24T00:00:00,MAIN,MAIN,,,,,,,,,,,REPAIR COMPLETED,REPAIR COMPLETED,12/15/2011 3:38:26 PM,2011-12-15T15:38:26,,,,,UNKNOWN,UNKNOWN,OTHER,OTHER,,,,,,,,,,,,,CATEGORY 1,CATEGORY 1,8648,8648,24,24,SANDRA AVE,SANDRA AVE,33920,33920,,,,,150,150,1954,1954,CI,CI,N,N,a3396024-bd9c-48b9-968b-8c9ce8e1e33f,a3396024-bd9c-48b9-968b-8c9ce8e1e33f,DAVIDV,DAVIDV,12/15/2011 3:38:26 PM,2011-12-15T15:38:26,539808.7432,539808.7432,4810082.8179,4810082.8179,False,True,False,False,True,False,,False,False,unmatched_asset,2001-06-24T00:00:00,1,False,1,False
Water_Main_Breaks_-8394745777553033727.csv,1413,9401,9401,1654,1654,12/15/2011 3:38:26 PM,2011-12-15T15:38:26,MAIN,MAIN,,,,,,,,,,,REPAIR COMPLETED,REPAIR COMPLETED,12/15/2011 3:38:26 PM,2011-12-15T15:38:26,,,,,UNKNOWN,UNKNOWN,OTHER,OTHER,,,,,,,,,,,,,CATEGORY 1,CATEGORY 1,11602,11602,,,LANSDOWNE BLVD,LANSDOWNE BLVD,97984,97984,,,,,150,150,2016,2016,PVC,PVC,N,N,40375b2c-2510-41ed-9397-1f9708c5cd1b,40375b2c-2510-41ed-9397-1f9708c5cd1b,DAVIDV,DAVIDV,12/15/2011 3:38:26 PM,2011-12-15T15:38:26,541225.5372,541225.5372,4809803.5236,4809803.5236,False,True,False,False,True,False,,False,False,unmatched_asset,2011-12-15T00:00:00,1,False,1,False
Water_Main_Breaks_-8394745777553033727.csv,1416,9404,9404,38,38,3/5/2005 12:00:00 AM,2005-03-05T00:00:00,MAIN,MAIN,,,,,,,,,,,REPAIR COMPLETED,REPAIR COMPLETED,12/15/2011 3:38:26 PM,2011-12-15T15:38:26,,,,,UNKNOWN,UNKNOWN,OTHER,OTHER,,,,,,,,,,,,,CATEGORY 1,CATEGORY 1,9226,9226,534,534,CHARLES ST E,CHARLES ST E,6710,6710,,,,,100,100,1922,1922,CI,CI,N,N,e595080f-2619-4212-8bc5-b1af3787fafb,e595080f-2619-4212-8bc5-b1af3787fafb,DAVIDV,DAVIDV,12/15/2011 3:38:26 PM,2011-12-15T15:38:26,542601.6216,542601.6216,4810005.196,4810005.196,False,True,False,False,True,False,,False,False,unmatched_asset,2005-03-05T00:00:00,1,False,1,False
Water_Main_Breaks_-8394745777553033727.csv,1417,9405,9405,421,421,11/28/2004 12:00:00 AM,2004-11-28T00:00:00,MAIN,MAIN,,,,,,,,,,,REPAIR COMPLETED,REPAIR COMPLETED,12/15/2011 3:38:26 PM,2011-12-15T15:38:26,,,,,UNKNOWN,UNKNOWN,OTHER,OTHER,,,,,,,,,,,,,CATEGORY 1,CATEGORY 1,10951,10951,26,26,TRAYNOR AVE,TRAYNOR AVE,38190,38190,,,,,,,,,,,N,N,e4258bf1-4e31-46c6-82aa-439b743722ff,e4258bf1-4e31-46c6-82aa-439b743722ff,DAVIDV,DAVIDV,12/15/2011 3:38:26 PM,2011-12-15T15:38:26,544907.8978,544907.8978,4808418.4335,4808418.4335,False,True,False,False,True,False,,False,False,unmatched_asset,2004-11-28T00:00:00,1,False,1,False
Water_Main_Breaks_-8394745777553033727.csv,1418,9406,9406,1010,1010,1/1/2002 12:00:00 AM,2002-01-01T00:00:00,MAIN,MAIN,,,,,,,,,,,REPAIR COMPLETED,REPAIR COMPLETED,12/15/2011 3:38:27 PM,2011-12-15T15:38:27,,,,,UNKNOWN,UNKNOWN,OTHER,OTHER,,,,,,,,,,,,,CATEGORY 1,CATEGORY 1,13107,13107,73,73,BRIDGE ST E,BRIDGE ST E,444,444,,,,,,,,,,,N,N,3a0174c9-8cc9-487b-8d91-d16b05f0b4ea,3a0174c9-8cc9-487b-8d91-d16b05f0b4ea,DAVIDV,DAVIDV,12/15/2011 3:38:27 PM,2011-12-15T15:38:27,542435.3747,542435.3747,4814183.7897,4814183.7897,False,True,False,False,True,False,,False,False,unmatched_asset,2002-01-01T00:00:00,1,False,1,False
Water_Main_Breaks_-8394745777553033727.csv,1420,9408,9408,562,562,11/15/2002 12:00:00 AM,2002-11-15T00:00:00,MAIN,MAIN,,,,,,,,,,,REPAIR COMPLETED,REPAIR COMPLETED,12/15/2011 3:38:27 PM,2011-12-15T15:38:27,,,,,UNKNOWN,UNKNOWN,OTHER,OTHER,,,,,,,,,,,,,CATEGORY 1,CATEGORY 1,12376,12376,99,99,LANG CRES,LANG CRES,23470,23470,,,,,150,150,1961,1961,CI,CI,N,N,fb8af23b-5746-4c95-a032-f914ef9b4e72,fb8af23b-5746-4c95-a032-f914ef9b4e72,DAVIDV,DAVIDV,12/15/2011 3:38:27 PM,2011-12-15T15:38:27,541151.3527,541151.3527,4813780.0854,4813780.0854,False,True,False,False,True,False,,False,False,unmatched_asset,2002-11-15T00:00:00,1,False,1,False
Water_Main_Breaks_-8394745777553033727.csv,1422,9410,9410,68,68,11/30/2003 12:00:00 AM,2003-11-30T00:00:00,MAIN,MAIN,,,,,,,,,,,REPAIR COMPLETED,REPAIR COMPLETED,12/15/2011 3:38:26 PM,2011-12-15T15:38:26,,,,,UNKNOWN,UNKNOWN,OTHER,OTHER,,,,,,,,,,,,,CATEGORY 1,CATEGORY 1,20880,20880,647,647,STIRLING AVE S,STIRLING AVE S,36250,36250,,,,,,,,,,,N,N,605346d2-db4d-45ab-a2f7-4986a183bc37,605346d2-db4d-45ab-a2f7-4986a183bc37,DAVIDV,DAVIDV,12/15/2011 3:38:26 PM,2011-12-15T15:38:26,540768.8522,540768.8522,4808944.4601,4808944.4601,False,True,False,False,True,False,,False,False,unmatched_asset,2003-11-30T00:00:00,1,False,1,False
Water_Main_Breaks_-8394745777553033727.csv,1426,9414,9414,1343,1343,1/18/2009 12:00:00 AM,2009-01-18T00:00:00,MAIN,MAIN,,,,,,,,,,,REPAIR COMPLETED,REPAIR COMPLETED,12/15/2011 3:38:28 PM,2011-12-15T15:38:28,3501,3501,,,UNKNOWN,UNKNOWN,OTHER,OTHER,,,,,,,,,,,,,CATEGORY 1,CATEGORY 1,11523,11523,6,6,HOFFMAN ST,HOFFMAN ST,19660,19660,,,,,150,150,1956,1956,CI,CI,N,N,216bfbbf-9e6f-46fc-8096-6bc12cb2b03d,216bfbbf-9e6f-46fc-8096-6bc12cb2b03d,DAVIDV,DAVIDV,12/15/2011 3:38:28 PM,2011-12-15T15:38:28,542304.1934,542304.1934,4808860.7835,4808860.7835,False,True,False,False,True,False,,False,False,unmatched_asset,2009-01-18T00:00:00,1,False,1,False
Water_Main_Breaks_-8394745777553033727.csv,1428,9416,9416,1682,1682,12/15/2011 3:38:26 PM,2011-12-15T15:38:26,MAIN,MAIN,,,,,,,,,,,REPAIR COMPLETED,REPAIR COMPLETED,12/15/2011 3:38:26 PM,2011-12-15T15:38:26,,,,,UNKNOWN,UNKNOWN,OTHER,OTHER,,,,,,,,,,,,,CATEGORY 1,CATEGORY 1,11395,11395,6,6,PATTANDON AVE,PATTANDON AVE,63500,63500,,,,,,,,,,,N,N,4774bced-3b3a-4465-82f7-58ec4af4a7ba,4774bced-3b3a-4465-82f7-58ec4af4a7ba,DAVIDV,DAVIDV,12/15/2011 3:38:26 PM,2011-12-15T15:38:26,541808.328,541808.328,4809178.1956,4809178.1956,False,True,False,False,True,False,,False,False,unmatched_asset,2011-12-15T00:00:00,1,False,1,False
Water_Main_Breaks_-8394745777553033727.csv,1429,9417,9417,116,116,12/1/2005 12:00:00 AM,2005-12-01T00:00:00,MAIN,MAIN,,,,,,,,,,,REPAIR COMPLETED,REPAIR COMPLETED,12/15/2011 3:38:26 PM,2011-12-15T15:38:26,,,,,UNKNOWN,UNKNOWN,OTHER,OTHER,,,,,,,,,,,,,CATEGORY 1,CATEGORY 1,13068,13068,42,42,LANG CRES,LANG CRES,24410,24410,,,,,150,150,1948,1948,CI,CI,N,N,9e071bc4-4bdb-4f68-94ac-374189ef24d7,9e071bc4-4bdb-4f68-94ac-374189ef24d7,DAVIDV,DAVIDV,12/15/2011 3:38:26 PM,2011-12-15T15:38:26,541399.939,541399.939,4813980.5686,4813980.5686,False,True,False,False,True,False,,False,False,unmatched_asset,2005-12-01T00:00:00,1,False,1,False
Water_Main_Breaks_-8394745777553033727.csv,1432,9420,9420,815,815,11/6/1999 12:00:00 AM,1999-11-06T00:00:00,MAIN,MAIN,,,,,,,,,,,REPAIR COMPLETED,REPAIR COMPLETED,12/15/2011 3:38:27 PM,2011-12-15T15:38:27,,,,,UNKNOWN,UNKNOWN,OTHER,OTHER,,,,,,,,,,,,,CATEGORY 1,CATEGORY 1,13210,13210,58,58,WAYNE DR,WAYNE DR,40750,40750,,,,,,,,,,,N,N,7bc503de-7f1a-4cd8-9e79-96688248f6e9,7bc503de-7f1a-4cd8-9e79-96688248f6e9,DAVIDV,DAVIDV,12/15/2011 3:38:27 PM,2011-12-15T15:38:27,545376.8722,545376.8722,4810499.076,4810499.076,False,True,False,False,True,False,,False,False,unmatched_asset,1999-11-06T00:00:00,1,False,1,False
Water_Main_Breaks_-8394745777553033727.csv,1436,9424,9424,308,308,2/22/1998 12:00:00 AM,1998-02-22T00:00:00,MAIN,MAIN,,,,,,,,,,,REPAIR COMPLETED,REPAIR COMPLETED,12/15/2011 3:38:26 PM,2011-12-15T15:38:26,,,,,UNKNOWN,UNKNOWN,OTHER,OTHER,,,,,,,,,,,,,CATEGORY 1,CATEGORY 1,70030,70030,30,30,BURN PL,BURN PL,5110,5110,,,,,,,,,,,N,N,132e22e1-b1cc-44de-802d-99e6f75da61f,132e22e1-b1cc-44de-802d-99e6f75da61f,DAVIDV,DAVIDV,12/15/2011 3:38:26 PM,2011-12-15T15:38:26,539844.6764,539844.6764,4809877.039,4809877.039,False,True,False,False,True,False,,False,False,unmatched_asset,1998-02-22T00:00:00,1,False,1,False
Water_Main_Breaks_-8394745777553033727.csv,1437,9425,9425,83,83,8/14/2003 12:00:00 AM,2003-08-14T00:00:00,MAIN,MAIN,,,,,,,,,,,REPAIR COMPLETED,REPAIR COMPLETED,12/15/2011 3:38:26 PM,2011-12-15T15:38:26,,,,,UNKNOWN,UNKNOWN,OTHER,OTHER,,,,,,,,,,,,,CATEGORY 1,CATEGORY 1,8894,8894,20,20,STEWART ST,STEWART ST,36040,36040,,,,,,,,,,,N,N,a73f4e04-7491-484d-827e-4c4619901d6b,a73f4e04-7491-484d-827e-4c4619901d6b,DAVIDV,DAVIDV,12/15/2011 3:38:26 PM,2011-12-15T15:38:26,540069.8508,540069.8508,4811037.7296,4811037.7296,False,True,False,False,True,False,,False,False,unmatched_asset,2003-08-14T00:00:00,1,False,1,False
Water_Main_Breaks_-8394745777553033727.csv,1439,9427,9427,1337,1337,1/14/2009 12:00:00 AM,2009-01-14T00:00:00,MAIN,MAIN,,,,,,,,,,,REPAIR COMPLETED,REPAIR COMPLETED,12/15/2011 3:38:28 PM,2011-12-15T15:38:28,3304,3304,,,UNKNOWN,UNKNOWN,OTHER,OTHER,,,,,,,,,,,,,CATEGORY 1,CATEGORY 1,10129,10129,,,OTTAWA ST N,OTTAWA ST N,29230,29230,,,,,,,,,,,N,N,1200812c-6a28-4754-898d-98c116b77c35,1200812c-6a28-4754-898d-98c116b77c35,DAVIDV,DAVIDV,12/15/2011 3:38:28 PM,2011-12-15T15:38:28,543307.4002,543307.4002,4810375.2055,4810375.2055,False,True,False,False,True,False,,False,False,unmatched_asset,2009-01-14T00:00:00,1,False,1,False
Water_Main_Breaks_-8394745777553033727.csv,1440,9428,9428,1330,1330,12/15/2011 12:00:00 AM,2011-12-15T00:00:00,MAIN,MAIN,,,,,,,,,,,REPAIR COMPLETED,REPAIR COMPLETED,12/15/2011 3:38:28 PM,2011-12-15T15:38:28,,,,,UNKNOWN,UNKNOWN,OTHER,OTHER,,,,,,,,,,,,,CATEGORY 1,CATEGORY 1,0,0,,,,,0,0,,,,,,,,,,,N,N,54d89f5a-f3c7-4a9f-9a64-80a6696ff96b,54d89f5a-f3c7-4a9f-9a64-80a6696ff96b,DAVIDV,DAVIDV,12/15/2011 3:38:28 PM,2011-12-15T15:38:28,534552.3803,534552.3803,4810209.6512,4810209.6512,False,True,False,False,True,True,,False,False,unmatched_asset,2011-12-15T00:00:00,7,True,7,True
Water_Main_Breaks_-8394745777553033727.csv,1441,9429,9429,209,209,1/9/1997 12:00:00 AM,1997-01-09T00:00:00,MAIN,MAIN,,,,,,,,,,,REPAIR COMPLETED,REPAIR COMPLETED,12/15/2011 3:38:26 PM,2011-12-15T15:38:26,,,,,UNKNOWN,UNKNOWN,OTHER,OTHER,,,,,,,,,,,,,CATEGORY 1,CATEGORY 1,10953,10953,417,417,GREENFIELD AVE,GREENFIELD AVE,17380,17380,,,,,,,,,,,N,N,9446f21f-cde3-4df3-a009-4b5cccf06152,9446f21f-cde3-4df3-a009-4b5cccf06152,DAVIDV,DAVIDV,12/15/2011 3:38:26 PM,2011-12-15T15:38:26,544616.5131,544616.5131,4808343.1452,4808343.1452,False,True,False,False,True,False,,False,False,unmatched_asset,1997-01-09T00:00:00,1,False,1,False
Water_Main_Breaks_-8394745777553033727.csv,1443,9431,9431,168,168,1/3/2000 12:00:00 AM,2000-01-03T00:00:00,MAIN,MAIN,,,,,,,,,,,REPAIR COMPLETED,REPAIR COMPLETED,12/15/2011 3:38:26 PM,2011-12-15T15:38:26,,,,,UNKNOWN,UNKNOWN,OTHER,OTHER,,,,,,,,,,,,,CATEGORY 1,CATEGORY 1,11696,11696,23,23,OTTAWA ST N,OTTAWA ST N,29200,29200,,,,,,,,,,,N,N,7e1c2680-789e-46f7-a89c-fe585537c86b,7e1c2680-789e-46f7-a89c-fe585537c86b,DAVIDV,DAVIDV,12/15/2011 3:38:26 PM,2011-12-15T15:38:26,542900.9437,542900.9437,4810135.3689,4810135.3689,False,True,False,False,True,False,,False,False,unmatched_asset,2000-01-03T00:00:00,1,False,1,False
Water_Main_Breaks_-8394745777553033727.csv,1451,9439,9439,1188,1188,1/21/2008 12:00:00 AM,2008-01-21T00:00:00,MAIN,MAIN,,,,,,,,,,,REPAIR COMPLETED,REPAIR COMPLETED,12/15/2011 3:38:27 PM,2011-12-15T15:38:27,188287,188287,,,UNKNOWN,UNKNOWN,OTHER,OTHER,,,,,,,,,,,,,CATEGORY 1,CATEGORY 1,12095,12095,81,81,FLORENCE AVE,FLORENCE AVE,14690,14690,,,,,,,,,,,N,N,8f7e6f38-f50d-4983-ba6f-459082b4a2f6,8f7e6f38-f50d-4983-ba6f-459082b4a2f6,DAVIDV,DAVIDV,10/25/2021 9:28:53 AM,2021-10-25T09:28:53,545687.3586,545687.3586,4808891.9184,4808891.9184,False,True,False,False,True,False,,False,False,unmatched_asset,2008-01-21T00:00:00,1,False,1,False
Water_Main_Breaks_-8394745777553033727.csv,1452,9440,9440,739,739,10/15/1999 12:00:00 AM,1999-10-15T00:00:00,MAIN,MAIN,,,,,,,,,,,REPAIR COMPLETED,REPAIR COMPLETED,12/15/2011 3:38:27 PM,2011-12-15T15:38:27,,,,,UNKNOWN,UNKNOWN,OTHER,OTHER,,,,,,,,,,,,,CATEGORY 1,CATEGORY 1,11614,11614,14,14,HUGO CRES,HUGO CRES,20030,20030,,,,,150,150,1963,1963,CI,CI,N,N,83e8b58a-8a84-4a54-a220-c4cb83e4be29,83e8b58a-8a84-4a54-a220-c4cb83e4be29,DAVIDV,DAVIDV,12/15/2011 3:38:27 PM,2011-12-15T15:38:27,541231.9084,541231.9084,4808893.4314,4808893.4314,False,True,False,False,True,False,,False,False,unmatched_asset,1999-10-15T00:00:00,1,False,1,False
Water_Main_Breaks_-8394745777553033727.csv,1471,9459,9459,411,411,2/3/2000 12:00:00 AM,2000-02-03T00:00:00,MAIN,MAIN,,,,,,,,,,,REPAIR COMPLETED,REPAIR COMPLETED,12/15/2011 3:38:26 PM,2011-12-15T15:38:26,,,,,UNKNOWN,UNKNOWN,OTHER,OTHER,,,,,,,,,,,,,CATEGORY 1,CATEGORY 1,15834,15834,91,91,ROSEMOUNT DR,ROSEMOUNT DR,33410,33410,,,,,150,150,1958,1958,CI,CI,N,N,0d844fdd-89cb-4118-9327-ffb0b86da9f2,0d844fdd-89cb-4118-9327-ffb0b86da9f2,DAVIDV,DAVIDV,12/15/2011 3:38:26 PM,2011-12-15T15:38:26,543332.6923,543332.6923,4812051.9938,4812051.9938,False,True,False,False,True,False,,False,False,unmatched_asset,2000-02-03T00:00:00,1,False,1,False
Water_Main_Breaks_-8394745777553033727.csv,1476,9464,9464,109,109,6/26/1997 12:00:00 AM,1997-06-26T00:00:00,MAIN,MAIN,,,,,,,,,,,REPAIR COMPLETED,REPAIR COMPLETED,12/15/2011 3:38:26 PM,2011-12-15T15:38:26,,,,,UNKNOWN,UNKNOWN,OTHER,OTHER,,,,,,,,,,,,,CATEGORY 1,CATEGORY 1,12586,12586,90,90,LANG CRES,LANG CRES,24390,24390,,,,,150,150,1948,1948,CI,CI,N,N,e99e3389-3c09-445a-8d36-595ef4c93f98,e99e3389-3c09-445a-8d36-595ef4c93f98,DAVIDV,DAVIDV,12/15/2011 3:38:26 PM,2011-12-15T15:38:26,541126.4416,541126.4416,4813886.541,4813886.541,False,True,False,False,True,False,,False,False,unmatched_asset,1997-06-26T00:00:00,1,False,1,False
Water_Main_Breaks_-8394745777553033727.csv,1488,9476,9476,129,129,1/12/2000 12:00:00 AM,2000-01-12T00:00:00,MAIN,MAIN,,,,,,,,,,,REPAIR COMPLETED,REPAIR COMPLETED,12/15/2011 3:38:26 PM,2011-12-15T15:38:26,,,,,UNKNOWN,UNKNOWN,OTHER,OTHER,,,,,,,,,,,,,CATEGORY 1,CATEGORY 1,10877,10877,403,403,OTTAWA ST S,OTTAWA ST S,29680,29680,,,,,,,,,,,N,N,ddbc6131-ae24-44dd-9e7a-bef2a3de8542,ddbc6131-ae24-44dd-9e7a-bef2a3de8542,DAVIDV,DAVIDV,12/15/2011 3:38:26 PM,2011-12-15T15:38:26,542151.7449,542151.7449,4808978.7115,4808978.7115,False,True,False,False,True,False,,False,False,unmatched_asset,2000-01-12T00:00:00,1,False,1,False
Water_Main_Breaks_-8394745777553033727.csv,1498,9486,9486,563,563,1/31/2006 12:00:00 AM,2006-01-31T00:00:00,MAIN,MAIN,,,,,,,,,,,REPAIR COMPLETED,REPAIR COMPLETED,12/15/2011 3:38:27 PM,2011-12-15T15:38:27,,,,,UNKNOWN,UNKNOWN,OTHER,OTHER,,,,,,,,,,,,,CATEGORY 1,CATEGORY 1,22203,22203,48,48,CENTREVILLE ST,CENTREVILLE ST,6230,6230,,,,,150,150,1962,1962,CI,CI,N,N,3b9a600e-19f0-418c-8f14-1ec1c66586f2,3b9a600e-19f0-418c-8f14-1ec1c66586f2,DAVIDV,DAVIDV,12/15/2011 3:38:27 PM,2011-12-15T15:38:27,545795.4435,545795.4435,4808716.855,4808716.855,False,True,False,False,True,False,,False,False,unmatched_asset,2006-01-31T00:00:00,1,False,1,False
Water_Main_Breaks_-8394745777553033727.csv,1515,9503,9503,517,517,1/20/1998 12:00:00 AM,1998-01-20T00:00:00,MAIN,MAIN,,,,,,,,,,,REPAIR COMPLETED,REPAIR COMPLETED,12/15/2011 3:38:27 PM,2011-12-15T15:38:27,,,,,UNKNOWN,UNKNOWN,OTHER,OTHER,,,,,,,,,,,,,CATEGORY 1,CATEGORY 1,12094,12094,125,125,FLORENCE AVE,FLORENCE AVE,14700,14700,,,,,,,,,,,N,N,3bef326f-1ec8-4b6f-a363-2f4bf4666651,3bef326f-1ec8-4b6f-a363-2f4bf4666651,DAVIDV,DAVIDV,10/25/2021 9:27:21 AM,2021-10-25T09:27:21,545793.7715,545793.7715,4808977.9673,4808977.9673,False,True,False,False,True,False,,False,False,unmatched_asset,1998-01-20T00:00:00,1,False,1,False
Water_Main_Breaks_-8394745777553033727.csv,1546,9534,9534,99,99,1/7/2000 12:00:00 AM,2000-01-07T00:00:00,MAIN,MAIN,,,,,,,,,,,REPAIR COMPLETED,REPAIR COMPLETED,12/15/2011 3:38:26 PM,2011-12-15T15:38:26,,,,,UNKNOWN,UNKNOWN,OTHER,OTHER,,,,,,,,,,,,,CATEGORY 1,CATEGORY 1,6450,6450,43,43,ST CLAIR AVE,ST CLAIR AVE,35730,35730,,,,,,,,,,,N,N,134284c5-690d-42cb-b3fc-6211d4910b57,134284c5-690d-42cb-b3fc-6211d4910b57,DAVIDV,DAVIDV,12/15/2011 3:38:26 PM,2011-12-15T15:38:26,540820.68,540820.68,4809482.8928,4809482.8928,False,True,False,False,True,False,,False,False,unmatched_asset,2000-01-07T00:00:00,1,False,1,False
Water_Main_Breaks_-8394745777553033727.csv,1547,9535,9535,275,275,7/22/2002 12:00:00 AM,2002-07-22T00:00:00,MAIN,MAIN,,,,,,,,,,,REPAIR COMPLETED,REPAIR COMPLETED,12/15/2011 3:38:26 PM,2011-12-15T15:38:26,,,,,UNKNOWN,UNKNOWN,OTHER,OTHER,,,,,,,,,,,,,CATEGORY 1,CATEGORY 1,8648,8648,36,36,SANDRA AVE,SANDRA AVE,33920,33920,,,,,150,150,1954,1954,CI,CI,N,N,2df5fc20-32b7-4bb9-86c8-fcaac3080a6a,2df5fc20-32b7-4bb9-86c8-fcaac3080a6a,DAVIDV,DAVIDV,12/15/2011 3:38:26 PM,2011-12-15T15:38:26,539779.6129,539779.6129,4810068.2419,4810068.2419,False,True,False,False,True,False,,False,False,unmatched_asset,2002-07-22T00:00:00,1,False,1,False
Water_Main_Breaks_-8394745777553033727.csv,1549,9537,9537,17,17,2/12/2004 12:00:00 AM,2004-02-12T00:00:00,MAIN,MAIN,,,,,,,,,,,REPAIR COMPLETED,REPAIR COMPLETED,12/15/2011 3:38:26 PM,2011-12-15T15:38:26,,,,,UNKNOWN,UNKNOWN,OTHER,OTHER,,,,,,,,,,,,,CATEGORY 1,CATEGORY 1,6859,6859,173,173,WEBER ST E,WEBER ST E,40900,40900,,,,,,,,,,,N,N,44ca38cd-219f-4854-852a-b3ab236a4b45,44ca38cd-219f-4854-852a-b3ab236a4b45,DAVIDV,DAVIDV,12/15/2011 3:38:26 PM,2011-12-15T15:38:26,542213.534,542213.534,4810671.2056,4810671.2056,False,True,False,False,True,False,,False,False,unmatched_asset,2004-02-12T00:00:00,1,False,1,False
Water_Main_Breaks_-8394745777553033727.csv,1552,9540,9540,231,231,10/25/2002 12:00:00 AM,2002-10-25T00:00:00,MAIN,MAIN,,,,,,,,,,,REPAIR COMPLETED,REPAIR COMPLETED,12/15/2011 3:38:26 PM,2011-12-15T15:38:26,,,,,UNKNOWN,UNKNOWN,OTHER,OTHER,,,,,,,,,,,,,CATEGORY 1,CATEGORY 1,13297,13297,126,126,THIRD AVE,THIRD AVE,37770,37770,,,,,150,150,1953,1953,CI,CI,N,N,c04cbb6c-6724-4b45-af85-94b0096e5063,c04cbb6c-6724-4b45-af85-94b0096e5063,DAVIDV,DAVIDV,12/15/2011 3:38:26 PM,2011-12-15T15:38:26,544053.0006,544053.0006,4808899.2913,4808899.2913,False,True,False,False,True,False,,False,False,unmatched_asset,2002-10-25T00:00:00,1,False,1,False
Water_Main_Breaks_-8394745777553033727.csv,1565,9553,9553,233,233,12/19/2002 12:00:00 AM,2002-12-19T00:00:00,MAIN,MAIN,,,,,,,,,,,REPAIR COMPLETED,REPAIR COMPLETED,12/15/2011 3:38:26 PM,2011-12-15T15:38:26,,,,,UNKNOWN,UNKNOWN,OTHER,OTHER,,,,,,,,,,,,,CATEGORY 1,CATEGORY 1,22938,22938,229,229,VANIER DR,VANIER DR,83874,83874,,,,,200,200,1953,1953,CI,CI,N,N,01ba2f66-54d3-49bd-a6c1-af41d1c562d1,01ba2f66-54d3-49bd-a6c1-af41d1c562d1,DAVIDV,DAVIDV,12/15/2011 3:38:26 PM,2011-12-15T15:38:26,543612.1988,543612.1988,4808243.0145,4808243.0145,False,True,False,False,True,False,,False,False,unmatched_asset,2002-12-19T00:00:00,1,False,1,False
Water_Main_Breaks_-8394745777553033727.csv,1569,9557,9557,130,130,1/9/2001 12:00:00 AM,2001-01-09T00:00:00,MAIN,MAIN,,,,,,,,,,,REPAIR COMPLETED,REPAIR COMPLETED,12/15/2011 3:38:26 PM,2011-12-15T15:38:26,,,,,UNKNOWN,UNKNOWN,OTHER,OTHER,,,,,,,,,,,,,CATEGORY 1,CATEGORY 1,10877,10877,419,419,OTTAWA ST S,OTTAWA ST S,29680,29680,,,,,,,,,,,N,N,fc600dc5-9980-44c9-aff5-19f91885c42f,fc600dc5-9980-44c9-aff5-19f91885c42f,DAVIDV,DAVIDV,12/15/2011 3:38:26 PM,2011-12-15T15:38:26,542137.3985,542137.3985,4808918.4451,4808918.4451,False,True,False,False,True,False,,False,False,unmatched_asset,2001-01-09T00:00:00,1,False,1,False
Water_Main_Breaks_-8394745777553033727.csv,1570,9558,9558,188,188,3/14/2004 12:00:00 AM,2004-03-14T00:00:00,MAIN,MAIN,,,,,,,,,,,REPAIR COMPLETED,REPAIR COMPLETED,12/15/2011 3:38:26 PM,2011-12-15T15:38:26,,,,,UNKNOWN,UNKNOWN,OTHER,OTHER,,,,,,,,,,,,,CATEGORY 1,CATEGORY 1,9871,9871,188,188,BRUCE ST,BRUCE ST,4900,4900,,,,,,,,,,,N,N,55ecd30b-9aed-4833-a704-f41639fbe655,55ecd30b-9aed-4833-a704-f41639fbe655,DAVIDV,DAVIDV,12/15/2011 3:38:26 PM,2011-12-15T15:38:26,543181.0718,543181.0718,4811751.3967,4811751.3967,False,True,False,False,True,False,,False,False,unmatched_asset,2004-03-14T00:00:00,1,False,1,False
Water_Main_Breaks_-8394745777553033727.csv,1575,9563,9563,1139,1139,7/3/2007 12:00:00 AM,2007-07-03T00:00:00,MAIN,MAIN,,,,,,,,,,,REPAIR COMPLETED,REPAIR COMPLETED,12/15/2011 3:38:27 PM,2011-12-15T15:38:27,177628,177628,,,UNKNOWN,UNKNOWN,OTHER,OTHER,,,,,,,,,,,,,CATEGORY 1,CATEGORY 1,9226,9226,520,520,CHARLES ST E,CHARLES ST E,6710,6710,,,,,100,100,1922,1922,CI,CI,N,N,97838241-e47b-4aea-8fd7-17cf896b9868,97838241-e47b-4aea-8fd7-17cf896b9868,DAVIDV,DAVIDV,12/15/2011 3:38:27 PM,2011-12-15T15:38:27,542551.6036,542551.6036,4810034.8248,4810034.8248,False,True,False,False,True,False,,False,False,unmatched_asset,2007-07-03T00:00:00,1,False,1,False
Water_Main_Breaks_-8394745777553033727.csv,1578,9566,9566,831,831,12/30/2001 12:00:00 AM,2001-12-30T00:00:00,MAIN,MAIN,,,,,,,,,,,REPAIR COMPLETED,REPAIR COMPLETED,12/15/2011 3:38:27 PM,2011-12-15T15:38:27,,,,,UNKNOWN,UNKNOWN,OTHER,OTHER,,,,,,,,,,,,,CATEGORY 1,CATEGORY 1,10863,10863,836,836,COURTLAND AVE E,COURTLAND AVE E,8420,8420,,,,,,,,,,,N,N,876d619f-24df-4128-bf84-c52163acec2a,876d619f-24df-4128-bf84-c52163acec2a,DAVIDV,DAVIDV,12/15/2011 3:38:27 PM,2011-12-15T15:38:27,543099.8267,543099.8267,4808529.6301,4808529.6301,False,True,False,False,True,False,,False,False,unmatched_asset,2001-12-30T00:00:00,1,False,1,False
Water_Main_Breaks_-8394745777553033727.csv,1580,9568,9568,857,857,5/9/2000 12:00:00 AM,2000-05-09T00:00:00,MAIN,MAIN,,,,,,,,,,,REPAIR COMPLETED,REPAIR COMPLETED,12/15/2011 3:38:27 PM,2011-12-15T15:38:27,,,,,UNKNOWN,UNKNOWN,OTHER,OTHER,,,,,,,,,,,,,CATEGORY 1,CATEGORY 1,10748,10748,177,177,HAYWARD AVE,HAYWARD AVE,76729,76729,,,,,150,150,1967,1967,DI,DI,N,N,17bb81ca-bf78-4ba2-9a8b-353bb21c8b5d,17bb81ca-bf78-4ba2-9a8b-353bb21c8b5d,DAVIDV,DAVIDV,12/15/2011 3:38:27 PM,2011-12-15T15:38:27,542932.1482,542932.1482,4808182.7319,4808182.7319,False,True,False,False,True,False,,False,False,unmatched_asset,2000-05-09T00:00:00,1,False,1,False
Water_Main_Breaks_-8394745777553033727.csv,1582,9570,9570,1151,1151,10/30/2007 12:00:00 AM,2007-10-30T00:00:00,MAIN,MAIN,,,,,,,,,,,REPAIR COMPLETED,REPAIR COMPLETED,12/15/2011 3:38:27 PM,2011-12-15T15:38:27,184402,184402,,,UNKNOWN,UNKNOWN,OTHER,OTHER,,,,,,,,,,,,,CATEGORY 1,CATEGORY 1,9382,9382,85,85,OTTAWA ST S,OTTAWA ST S,29630,29630,,,,,150,150,1923,1923,CI,CI,N,N,9e93e22b-6870-4d4e-abf0-5f4c5e427670,9e93e22b-6870-4d4e-abf0-5f4c5e427670,DAVIDV,DAVIDV,12/15/2011 3:38:27 PM,2011-12-15T15:38:27,542598.1254,542598.1254,4809806.2845,4809806.2845,False,True,False,False,True,False,,False,False,unmatched_asset,2007-10-30T00:00:00,1,False,1,False
Water_Main_Breaks_-8394745777553033727.csv,1602,9590,9590,167,167,12/23/1998 12:00:00 AM,1998-12-23T00:00:00,MAIN,MAIN,,,,,,,,,,,REPAIR COMPLETED,REPAIR COMPLETED,12/15/2011 3:38:26 PM,2011-12-15T15:38:26,,,,,UNKNOWN,UNKNOWN,OTHER,OTHER,,,,,,,,,,,,,CATEGORY 1,CATEGORY 1,11696,11696,15,15,OTTAWA ST N,OTTAWA ST N,29200,29200,,,,,,,,,,,N,N,1cf89a64-4423-4a6a-8ccf-04731dd859ab,1cf89a64-4423-4a6a-8ccf-04731dd859ab,DAVIDV,DAVIDV,12/15/2011 3:38:26 PM,2011-12-15T15:38:26,542868.7686,542868.7686,4810113.6912,4810113.6912,False,True,False,False,True,False,,False,False,unmatched_asset,1998-12-23T00:00:00,1,False,1,False
Water_Main_Breaks_-8394745777553033727.csv,1604,9592,9592,1329,1329,12/15/2011 12:00:00 AM,2011-12-15T00:00:00,MAIN,MAIN,,,,,,,,,,,REPAIR COMPLETED,REPAIR COMPLETED,12/15/2011 3:38:28 PM,2011-12-15T15:38:28,,,,,UNKNOWN,UNKNOWN,OTHER,OTHER,,,,,,,,,,,,,CATEGORY 1,CATEGORY 1,0,0,,,,,0,0,,,,,,,,,,,N,N,96d2114a-1e34-439c-8409-a42c298fe957,96d2114a-1e34-439c-8409-a42c298fe957,DAVIDV,DAVIDV,12/15/2011 3:38:28 PM,2011-12-15T15:38:28,534552.3803,534552.3803,4810209.6512,4810209.6512,False,True,False,False,True,True,,False,False,unmatched_asset,2011-12-15T00:00:00,7,True,7,True
Water_Main_Breaks_-8394745777553033727.csv,1610,9598,9598,480,480,2/25/2006 12:00:00 AM,2006-02-25T00:00:00,MAIN,MAIN,,,,,,,,,,,REPAIR COMPLETED,REPAIR COMPLETED,12/15/2011 3:38:26 PM,2011-12-15T15:38:26,,,,,UNKNOWN,UNKNOWN,OTHER,OTHER,,,,,,,,,,,,,CATEGORY 1,CATEGORY 1,12096,12096,136,136,WALKER ST,WALKER ST,40340,40340,,,,,,,,,,,N,N,b14778da-f895-485a-a2f3-7e690e68d26a,b14778da-f895-485a-a2f3-7e690e68d26a,DAVIDV,DAVIDV,10/25/2021 9:26:55 AM,2021-10-25T09:26:55,545668.6733,545668.6733,4809010.5989,4809010.5989,False,True,False,False,True,False,,False,False,unmatched_asset,2006-02-25T00:00:00,1,False,1,False
Water_Main_Breaks_-8394745777553033727.csv,1613,9601,9601,1403,1403,10/14/2009 12:00:00 AM,2009-10-14T00:00:00,MAIN,MAIN,,,,,,,,,,,REPAIR COMPLETED,REPAIR COMPLETED,12/15/2011 3:38:28 PM,2011-12-15T15:38:28,18080,18080,,,UNKNOWN,UNKNOWN,OTHER,OTHER,,,,,,,,,,,,,CATEGORY 1,CATEGORY 1,0,0,NA,NA,NA,NA,0,0,,,,,,,,,,,N,N,f79cd49f-967d-478a-97fc-b4ac000d5d24,f79cd49f-967d-478a-97fc-b4ac000d5d24,DAVIDV,DAVIDV,12/15/2011 3:38:28 PM,2011-12-15T15:38:28,534552.3803,534552.3803,4810209.6512,4810209.6512,False,True,False,False,True,True,,False,False,unmatched_asset,2009-10-14T00:00:00,1,False,1,False
Water_Main_Breaks_-8394745777553033727.csv,1615,9603,9603,997,997,1/17/2000 12:00:00 AM,2000-01-17T00:00:00,MAIN,MAIN,,,,,,,,,,,REPAIR COMPLETED,REPAIR COMPLETED,12/15/2011 3:38:27 PM,2011-12-15T15:38:27,,,,,UNKNOWN,UNKNOWN,OTHER,OTHER,,,,,,,,,,,,,CATEGORY 1,CATEGORY 1,11175,11175,285,285,AHRENS ST W,AHRENS ST W,78074,78074,,,,,150,150,1925,1925,CI,CI,N,N,624bbf1b-6d37-4fdd-bb63-7386e6a22ad8,624bbf1b-6d37-4fdd-bb63-7386e6a22ad8,DAVIDV,DAVIDV,12/15/2011 3:38:27 PM,2011-12-15T15:38:27,540565.4935,540565.4935,4812423.3144,4812423.3144,False,True,False,False,True,False,,False,False,unmatched_asset,2000-01-17T00:00:00,1,False,1,False
Water_Main_Breaks_-8394745777553033727.csv,1622,9610,9610,327,327,1/14/2002 12:00:00 AM,2002-01-14T00:00:00,MAIN,MAIN,,,,,,,,,,,REPAIR COMPLETED,REPAIR COMPLETED,12/15/2011 3:38:26 PM,2011-12-15T15:38:26,,,,,UNKNOWN,UNKNOWN,OTHER,OTHER,,,,,,,,,,,,,CATEGORY 1,CATEGORY 1,11031,11031,196,196,FRANKLIN ST N,FRANKLIN ST N,15430,15430,,,,,300,300,1956,1956,CI,CI,N,N,ae354d1c-e17e-446b-849d-8e28376d1a69,ae354d1c-e17e-446b-849d-8e28376d1a69,DAVIDV,DAVIDV,12/15/2011 3:38:26 PM,2011-12-15T15:38:26,544846.2345,544846.2345,4809665.7181,4809665.7181,False,True,False,False,True,False,,False,False,unmatched_asset,2002-01-14T00:00:00,1,False,1,False
Water_Main_Breaks_-8394745777553033727.csv,1630,9618,9618,792,792,2/7/2000 12:00:00 AM,2000-02-07T00:00:00,MAIN,MAIN,,,,,,,,,,,REPAIR COMPLETED,REPAIR COMPLETED,12/15/2011 3:38:27 PM,2011-12-15T15:38:27,,,,,UNKNOWN,UNKNOWN,OTHER,OTHER,,,,,,,,,,,,,CATEGORY 1,CATEGORY 1,23240,23240,60,60,CONWAY DR,CONWAY DR,7950,7950,,,,,,,,,,,N,N,3ff23b97-1a86-472a-8a2c-39b6cd80eb3d,3ff23b97-1a86-472a-8a2c-39b6cd80eb3d,DAVIDV,DAVIDV,12/15/2011 3:38:27 PM,2011-12-15T15:38:27,545267.4588,545267.4588,4810737.5661,4810737.5661,False,True,False,False,True,False,,False,False,unmatched_asset,2000-02-07T00:00:00,1,False,1,False
Water_Main_Breaks_-8394745777553033727.csv,1631,9619,9619,77,77,12/18/1998 12:00:00 AM,1998-12-18T00:00:00,MAIN,MAIN,,,,,,,,,,,REPAIR COMPLETED,REPAIR COMPLETED,12/15/2011 3:38:26 PM,2011-12-15T15:38:26,,,,,UNKNOWN,UNKNOWN,OTHER,OTHER,,,,,,,,,,,,,CATEGORY 1,CATEGORY 1,10070,10070,1668,1668,KING ST E,KING ST E,21870,21870,,,,,100,100,1937,1937,CI,CI,N,N,c9d357ab-13aa-4aea-ad36-33bdb34cccc6,c9d357ab-13aa-4aea-ad36-33bdb34cccc6,DAVIDV,DAVIDV,12/15/2011 3:38:26 PM,2011-12-15T15:38:26,543554.0116,543554.0116,4809609.9688,4809609.9688,False,True,False,False,True,False,,False,False,unmatched_asset,1998-12-18T00:00:00,1,False,1,False
Water_Main_Breaks_-8394745777553033727.csv,1633,9621,9621,1415,1415,12/2/2009 12:00:00 AM,2009-12-02T00:00:00,MAIN,MAIN,,,,,,,,,,,REPAIR COMPLETED,REPAIR COMPLETED,12/15/2011 3:38:28 PM,2011-12-15T15:38:28,20670,20670,,,UNKNOWN,UNKNOWN,OTHER,OTHER,,,,,,,,,,,,,CATEGORY 1,CATEGORY 1,11523,11523,12,12,HOFFMAN ST,HOFFMAN ST,19660,19660,,,,,150,150,1956,1956,CI,CI,N,N,8ed46320-3957-418b-842b-fdc8e09f1fa3,8ed46320-3957-418b-842b-fdc8e09f1fa3,DAVIDV,DAVIDV,12/15/2011 3:38:28 PM,2011-12-15T15:38:28,542248.146,542248.146,4808875.5324,4808875.5324,False,True,False,False,True,False,,False,False,unmatched_asset,2009-12-02T00:00:00,1,False,1,False
Water_Main_Breaks_-8394745777553033727.csv,1641,9629,9629,120,120,2/7/2005 12:00:00 AM,2005-02-07T00:00:00,MAIN,MAIN,,,,,,,,,,,REPAIR COMPLETED,REPAIR COMPLETED,12/15/2011 3:38:26 PM,2011-12-15T15:38:26,,,,,UNKNOWN,UNKNOWN,OTHER,OTHER,,,,,,,,,,,,,CATEGORY 1,CATEGORY 1,10169,10169,,,EAST AVE,EAST AVE,11060,11060,,,,,300,300,1949,1949,CI,CI,N,N,0cd67af2-1099-452b-abf7-6b5760c2afe4,0cd67af2-1099-452b-abf7-6b5760c2afe4,DAVIDV,DAVIDV,12/15/2011 3:38:26 PM,2011-12-15T15:38:26,542880.1948,542880.1948,4810774.1154,4810774.1154,False,True,False,False,True,False,,False,False,unmatched_asset,2005-02-07T00:00:00,1,False,1,False
Water_Main_Breaks_-8394745777553033727.csv,1660,9648,9648,446,446,12/28/2004 12:00:00 AM,2004-12-28T00:00:00,MAIN,MAIN,,,,,,,,,,,REPAIR COMPLETED,REPAIR COMPLETED,12/15/2011 3:38:26 PM,2011-12-15T15:38:26,,,,,UNKNOWN,UNKNOWN,OTHER,OTHER,,,,,,,,,,,,,CATEGORY 1,CATEGORY 1,13138,13138,111,111,FERGUS AVE,FERGUS AVE,14260,14260,,,,,,,,,,,N,N,4fc93fa0-b749-46f4-bd47-d94de187b50d,4fc93fa0-b749-46f4-bd47-d94de187b50d,DAVIDV,DAVIDV,12/15/2011 3:38:26 PM,2011-12-15T15:38:26,545251.0544,545251.0544,4809222.6194,4809222.6194,False,True,False,False,True,False,,False,False,unmatched_asset,2004-12-28T00:00:00,1,False,1,False
Water_Main_Breaks_-8394745777553033727.csv,1662,9650,9650,543,543,1/26/2000 12:00:00 AM,2000-01-26T00:00:00,MAIN,MAIN,,,,,,,,,,,REPAIR COMPLETED,REPAIR COMPLETED,12/15/2011 3:38:27 PM,2011-12-15T15:38:27,,,,,UNKNOWN,UNKNOWN,OTHER,OTHER,,,,,,,,,,,,,CATEGORY 1,CATEGORY 1,15834,15834,87,87,ROSEMOUNT DR,ROSEMOUNT DR,33410,33410,,,,,150,150,1958,1958,CI,CI,N,N,540e572a-7a5d-4ddc-8de2-0b64617fc4df,540e572a-7a5d-4ddc-8de2-0b64617fc4df,DAVIDV,DAVIDV,12/15/2011 3:38:27 PM,2011-12-15T15:38:27,543314.6725,543314.6725,4812044.0175,4812044.0175,False,True,False,False,True,False,,False,False,unmatched_asset,2000-01-26T00:00:00,1,False,1,False
Water_Main_Breaks_-8394745777553033727.csv,1679,9667,9667,299,299,2/26/2003 12:00:00 AM,2003-02-26T00:00:00,MAIN,MAIN,,,,,,,,,,,REPAIR COMPLETED,REPAIR COMPLETED,12/15/2011 3:38:26 PM,2011-12-15T15:38:26,,,,,UNKNOWN,UNKNOWN,OTHER,OTHER,,,,,,,,,,,,,CATEGORY 1,CATEGORY 1,9921,9921,231,231,SHERWOOD AVE,SHERWOOD AVE,95692,95692,,,,,300,300,1955,1955,CI,CI,N,N,bd678c47-f1d8-41b7-acb4-21c2a528ec15,bd678c47-f1d8-41b7-acb4-21c2a528ec15,DAVIDV,DAVIDV,12/15/2011 3:38:26 PM,2011-12-15T15:38:26,543644.2084,543644.2084,4811780.6199,4811780.6199,False,True,False,False,True,False,,False,False,unmatched_asset,2003-02-26T00:00:00,1,False,1,False
Water_Main_Breaks_-8394745777553033727.csv,1688,9676,9676,1112,1112,3/6/2007 12:00:00 AM,2007-03-06T00:00:00,MAIN,MAIN,,,,,,,,,,,REPAIR COMPLETED,REPAIR COMPLETED,12/15/2011 3:38:27 PM,2011-12-15T15:38:27,170497,170497,,,UNKNOWN,UNKNOWN,OTHER,OTHER,,,,,,,,,,,,,CATEGORY 1,CATEGORY 1,13090,13090,61,61,BRIDGE ST E,BRIDGE ST E,489,489,,,,,,,,,,,N,N,6ae75a1f-b32b-47a1-944c-dfd6e3d0512b,6ae75a1f-b32b-47a1-944c-dfd6e3d0512b,DAVIDV,DAVIDV,12/15/2011 3:38:27 PM,2011-12-15T15:38:27,542330.2381,542330.2381,4814235.9995,4814235.9995,False,True,False,False,True,False,,False,False,unmatched_asset,2007-03-06T00:00:00,1,False,1,False
Water_Main_Breaks_-8394745777553033727.csv,1693,9681,9681,856,856,5/12/1998 12:00:00 AM,1998-05-12T00:00:00,MAIN,MAIN,,,,,,,,,,,REPAIR COMPLETED,REPAIR COMPLETED,12/15/2011 3:38:27 PM,2011-12-15T15:38:27,,,,,UNKNOWN,UNKNOWN,OTHER,OTHER,,,,,,,,,,,,,CATEGORY 1,CATEGORY 1,10748,10748,177,177,HAYWARD AVE,HAYWARD AVE,76729,76729,,,,,150,150,1967,1967,DI,DI,N,N,2f1cf03d-22d9-4e59-8861-c4e4ce7fec89,2f1cf03d-22d9-4e59-8861-c4e4ce7fec89,DAVIDV,DAVIDV,12/15/2011 3:38:27 PM,2011-12-15T15:38:27,542945.645,542945.645,4808189.3407,4808189.3407,False,True,False,False,True,False,,False,False,unmatched_asset,1998-05-12T00:00:00,1,False,1,False
Water_Main_Breaks_-8394745777553033727.csv,1720,9708,9708,235,235,6/17/2005 12:00:00 AM,2005-06-17T00:00:00,MAIN,MAIN,,,,,,,,,,,REPAIR COMPLETED,REPAIR COMPLETED,12/15/2011 3:38:26 PM,2011-12-15T15:38:26,,,,,UNKNOWN,UNKNOWN,OTHER,OTHER,,,,,,,,,,,,,CATEGORY 1,CATEGORY 1,22959,22959,201,201,VANIER DR,VANIER DR,39040,39040,,,,,200,200,1953,1953,CI,CI,N,N,4e538fbc-18d3-46cf-899f-aff31cac02fc,4e538fbc-18d3-46cf-899f-aff31cac02fc,DAVIDV,DAVIDV,12/15/2011 3:38:26 PM,2011-12-15T15:38:26,543536.6873,543536.6873,4808337.1642,4808337.1642,False,True,False,False,True,False,,False,False,unmatched_asset,2005-06-17T00:00:00,1,False,1,False
Water_Main_Breaks_-8394745777553033727.csv,1721,9709,9709,450,450,12/28/2005 12:00:00 AM,2005-12-28T00:00:00,MAIN,MAIN,,,,,,,,,,,REPAIR COMPLETED,REPAIR COMPLETED,12/15/2011 3:38:26 PM,2011-12-15T15:38:26,,,,,UNKNOWN,UNKNOWN,OTHER,OTHER,,,,,,,,,,,,,CATEGORY 1,CATEGORY 1,23059,23059,221,221,FERGUS AVE,FERGUS AVE,14280,14280,,,,,200,200,1959,1959,CI,CI,N,N,ef4d1181-16cc-47e3-94f6-4579f91c5f48,ef4d1181-16cc-47e3-94f6-4579f91c5f48,DAVIDV,DAVIDV,12/15/2011 3:38:26 PM,2011-12-15T15:38:26,545514.258,545514.258,4809423.6598,4809423.6598,False,True,False,False,True,False,,False,False,unmatched_asset,2005-12-28T00:00:00,1,False,1,False
Water_Main_Breaks_-8394745777553033727.csv,1726,9714,9714,1248,1248,12/1/2008 12:00:00 AM,2008-12-01T00:00:00,MAIN,MAIN,,,,,,,,,,,REPAIR COMPLETED,REPAIR COMPLETED,12/15/2011 3:38:27 PM,2011-12-15T15:38:27,1159,1159,,,UNKNOWN,UNKNOWN,OTHER,OTHER,,,,,,,,,,,,,CATEGORY 1,CATEGORY 1,15837,15837,120,120,ISLINGTON AVE,ISLINGTON AVE,20470,20470,,,,,150,150,1955,1955,CI,CI,N,N,dfbba9c7-f2da-40f2-9119-57f9230c735a,dfbba9c7-f2da-40f2-9119-57f9230c735a,DAVIDV,DAVIDV,12/15/2011 3:38:27 PM,2011-12-15T15:38:27,543540.2183,543540.2183,4811826.0169,4811826.0169,False,True,False,False,True,False,,False,False,unmatched_asset,2008-12-01T00:00:00,1,False,1,False
Water_Main_Breaks_-8394745777553033727.csv,1729,9717,9717,532,532,10/2/2001 12:00:00 AM,2001-10-02T00:00:00,MAIN,MAIN,,,,,,,,,,,REPAIR COMPLETED,REPAIR COMPLETED,12/15/2011 3:38:27 PM,2011-12-15T15:38:27,,,,,UNKNOWN,UNKNOWN,OTHER,OTHER,,,,,,,,,,,,,CATEGORY 1,CATEGORY 1,21733,21733,1768,1768,OTTAWA ST S,OTTAWA ST S,13550,13550,,,,,450,450,1961,1961,CI,CI,N,N,45c6ef94-e215-4350-87cb-31cf25095075,45c6ef94-e215-4350-87cb-31cf25095075,DAVIDV,DAVIDV,12/15/2011 3:38:27 PM,2011-12-15T15:38:27,538511.3929,538511.3929,4806474.4212,4806474.4212,False,True,False,False,True,False,,False,False,unmatched_asset,2001-10-02T00:00:00,1,False,1,False
Water_Main_Breaks_-8394745777553033727.csv,1731,9719,9719,515,515,2/4/1999 12:00:00 AM,1999-02-04T00:00:00,MAIN,MAIN,,,,,,,,,,,REPAIR COMPLETED,REPAIR COMPLETED,12/15/2011 3:38:27 PM,2011-12-15T15:38:27,,,,,UNKNOWN,UNKNOWN,OTHER,OTHER,,,,,,,,,,,,,CATEGORY 1,CATEGORY 1,12095,12095,81,81,FLORENCE AVE,FLORENCE AVE,14690,14690,,,,,,,,,,,N,N,cb524fb6-85be-44a2-a254-70e9a5a8a0fa,cb524fb6-85be-44a2-a254-70e9a5a8a0fa,DAVIDV,DAVIDV,10/25/2021 9:27:21 AM,2021-10-25T09:27:21,545693.0742,545693.0742,4808896.5227,4808896.5227,False,True,False,False,True,False,,False,False,unmatched_asset,1999-02-04T00:00:00,1,False,1,False
Water_Main_Breaks_-8394745777553033727.csv,1741,9729,9729,53,53,7/13/2003 12:00:00 AM,2003-07-13T00:00:00,MAIN,MAIN,,,,,,,,,,,REPAIR COMPLETED,REPAIR COMPLETED,12/15/2011 3:38:26 PM,2011-12-15T15:38:26,,,,,UNKNOWN,UNKNOWN,OTHER,OTHER,,,,,,,,,,,,,CATEGORY 1,CATEGORY 1,11717,11717,80,80,SHELDON AVE N,SHELDON AVE N,34640,34640,,,,,150,150,1925,1925,CI,CI,N,N,04f1e45f-8449-449a-ad3b-69cfc2318f66,04f1e45f-8449-449a-ad3b-69cfc2318f66,DAVIDV,DAVIDV,12/15/2011 3:38:26 PM,2011-12-15T15:38:26,543207.3471,543207.3471,4810041.5024,4810041.5024,False,True,False,False,True,False,,False,False,unmatched_asset,2003-07-13T00:00:00,1,False,1,False
Water_Main_Breaks_-8394745777553033727.csv,1749,9737,9737,794,794,5/14/2003 12:00:00 AM,2003-05-14T00:00:00,MAIN,MAIN,,,,,,,,,,,REPAIR COMPLETED,REPAIR COMPLETED,12/15/2011 3:38:27 PM,2011-12-15T15:38:27,,,,,UNKNOWN,UNKNOWN,OTHER,OTHER,,,,,,,,,,,,,CATEGORY 1,CATEGORY 1,23240,23240,20,20,CONWAY DR,CONWAY DR,7950,7950,,,,,,,,,,,N,N,528cbec1-8af2-4c61-a71b-4ba9d3d46682,528cbec1-8af2-4c61-a71b-4ba9d3d46682,DAVIDV,DAVIDV,12/15/2011 3:38:27 PM,2011-12-15T15:38:27,545259.373,545259.373,4810731.0428,4810731.0428,False,True,False,False,True,False,,False,False,unmatched_asset,2003-05-14T00:00:00,1,False,1,False
Water_Main_Breaks_-8394745777553033727.csv,1761,9749,9749,232,232,7/25/2004 12:00:00 AM,2004-07-25T00:00:00,MAIN,MAIN,,,,,,,,,,,REPAIR COMPLETED,REPAIR COMPLETED,12/15/2011 3:38:26 PM,2011-12-15T15:38:26,,,,,UNKNOWN,UNKNOWN,OTHER,OTHER,,,,,,,,,,,,,CATEGORY 1,CATEGORY 1,13297,13297,66,66,THIRD AVE,THIRD AVE,37770,37770,,,,,150,150,1953,1953,CI,CI,N,N,f4747b64-d98d-4e05-a1e0-0092dace12de,f4747b64-d98d-4e05-a1e0-0092dace12de,DAVIDV,DAVIDV,12/15/2011 3:38:26 PM,2011-12-15T15:38:26,544128.0684,544128.0684,4809074.1532,4809074.1532,False,True,False,False,True,False,,False,False,unmatched_asset,2004-07-25T00:00:00,1,False,1,False
Water_Main_Breaks_-8394745777553033727.csv,1774,9762,9762,292,292,2/7/2002 12:00:00 AM,2002-02-07T00:00:00,MAIN,MAIN,,,,,,,,,,,REPAIR COMPLETED,REPAIR COMPLETED,12/15/2011 3:38:26 PM,2011-12-15T15:38:26,,,,,UNKNOWN,UNKNOWN,OTHER,OTHER,,,,,,,,,,,,,CATEGORY 1,CATEGORY 1,9912,9912,114,114,CAMBRIDGE AVE,CAMBRIDGE AVE,5240,5240,,,,,,,,,,,N,N,de06e03d-d67e-4d0e-8d05-e90edbc94174,de06e03d-d67e-4d0e-8d05-e90edbc94174,DAVIDV,DAVIDV,12/15/2011 3:38:26 PM,2011-12-15T15:38:26,543475.2843,543475.2843,4811543.1348,4811543.1348,False,True,False,False,True,False,,False,False,unmatched_asset,2002-02-07T00:00:00,1,False,1,False
Water_Main_Breaks_-8394745777553033727.csv,1781,9769,9769,1888,1888,4/10/2014 12:00:00 AM,2014-04-10T00:00:00,MAIN,MAIN,,,,,,,,,,,REPAIR COMPLETED,REPAIR COMPLETED,8/8/2014 12:00:00 AM,2014-08-08T00:00:00,99178,99178,,,UNKNOWN,UNKNOWN,OTHER,OTHER,,,,,,,,,,,,,CATEGORY 1,CATEGORY 1,6759,6759,39,39,WEBER ST E,WEBER ST E,40810,40810,,,,,,,,,,,N,N,4bcc7907-2434-4b1b-ac7f-26d7d0d40839,4bcc7907-2434-4b1b-ac7f-26d7d0d40839,DAVIDV,DAVIDV,8/8/2014 12:00:00 AM,2014-08-08T00:00:00,541616.1425,541616.1425,4811039.6986,4811039.6986,False,True,False,False,True,False,,False,False,unmatched_asset,2014-04-10T00:00:00,1,False,1,False
Water_Main_Breaks_-8394745777553033727.csv,1783,9771,9771,1890,1890,4/2/2014 12:00:00 AM,2014-04-02T00:00:00,MAIN,MAIN,,,,,,,,,,,REPAIR COMPLETED,REPAIR COMPLETED,8/8/2014 12:00:00 AM,2014-08-08T00:00:00,98627,98627,,,UNKNOWN,UNKNOWN,OTHER,OTHER,,,,,,,,,,,,,CATEGORY 1,CATEGORY 1,23235,23235,10,10,CONWAY DR,CONWAY DR,7940,7940,,,,,,,,,,,N,N,20a59bdd-f137-4e5b-a323-881e4ad9bd9f,20a59bdd-f137-4e5b-a323-881e4ad9bd9f,DAVIDV,DAVIDV,8/8/2014 12:00:00 AM,2014-08-08T00:00:00,545166.0756,545166.0756,4810661.7624,4810661.7624,False,True,False,False,True,False,,False,False,unmatched_asset,2014-04-02T00:00:00,1,False,1,False
Water_Main_Breaks_-8394745777553033727.csv,1786,9774,9774,513,513,2/19/2003 12:00:00 AM,2003-02-19T00:00:00,MAIN,MAIN,,,,,,,,,,,REPAIR COMPLETED,REPAIR COMPLETED,12/15/2011 3:38:27 PM,2011-12-15T15:38:27,,,,,UNKNOWN,UNKNOWN,OTHER,OTHER,,,,,,,,,,,,,CATEGORY 1,CATEGORY 1,12096,12096,148,148,WALKER ST,WALKER ST,40340,40340,,,,,,,,,,,N,N,42ec1abf-a3ae-484d-b540-d22fddfbc72a,42ec1abf-a3ae-484d-b540-d22fddfbc72a,DAVIDV,DAVIDV,10/25/2021 9:27:21 AM,2021-10-25T09:27:21,545685.0309,545685.0309,4808990.2499,4808990.2499,False,True,False,False,True,False,,False,False,unmatched_asset,2003-02-19T00:00:00,1,False,1,False
Water_Main_Breaks_-8394745777553033727.csv,1791,9779,9779,331,331,2/24/2003 12:00:00 AM,2003-02-24T00:00:00,MAIN,MAIN,,,,,,,,,,,REPAIR COMPLETED,REPAIR COMPLETED,12/15/2011 3:38:26 PM,2011-12-15T15:38:26,,,,,UNKNOWN,UNKNOWN,OTHER,OTHER,,,,,,,,,,,,,CATEGORY 1,CATEGORY 1,10129,10129,198,198,OTTAWA ST N,OTTAWA ST N,29230,29230,,,,,,,,,,,N,N,5d7722d2-6185-4c64-8c92-d893bf73a60f,5d7722d2-6185-4c64-8c92-d893bf73a60f,DAVIDV,DAVIDV,12/15/2011 3:38:26 PM,2011-12-15T15:38:26,543263.8073,543263.8073,4810352.6763,4810352.6763,False,True,False,False,True,False,,False,False,unmatched_asset,2003-02-24T00:00:00,1,False,1,False
Water_Main_Breaks_-8394745777553033727.csv,1792,9780,9780,178,178,2/3/2003 12:00:00 AM,2003-02-03T00:00:00,MAIN,MAIN,,,,,,,,,,,REPAIR COMPLETED,REPAIR COMPLETED,12/15/2011 3:38:26 PM,2011-12-15T15:38:26,,,,,UNKNOWN,UNKNOWN,OTHER,OTHER,,,,,,,,,,,,,CATEGORY 1,CATEGORY 1,9761,9761,63,63,BECKER ST,BECKER ST,1760,1760,,,,,,,,,,,N,N,ffacca84-1d90-4dcb-b8f4-aec75cce41be,ffacca84-1d90-4dcb-b8f4-aec75cce41be,DAVIDV,DAVIDV,12/15/2011 3:38:26 PM,2011-12-15T15:38:26,542892.1841,542892.1841,4811715.2255,4811715.2255,False,True,False,False,True,False,,False,False,unmatched_asset,2003-02-03T00:00:00,1,False,1,False
Water_Main_Breaks_-8394745777553033727.csv,1794,9782,9782,885,885,5/28/2006 12:00:00 AM,2006-05-28T00:00:00,MAIN,MAIN,,,,,,,,,,,REPAIR COMPLETED,REPAIR COMPLETED,12/15/2011 3:38:27 PM,2011-12-15T15:38:27,,,,,UNKNOWN,UNKNOWN,OTHER,OTHER,,,,,,,,,,,,,CATEGORY 1,CATEGORY 1,1311,1311,60,60,ROSSFORD CRES,ROSSFORD CRES,90648,90648,,,,,,,,,,,N,N,7d19a997-2392-4695-b62b-5b8059fa43a9,7d19a997-2392-4695-b62b-5b8059fa43a9,DAVIDV,DAVIDV,12/15/2011 3:38:27 PM,2011-12-15T15:38:27,538315.924,538315.924,4810151.5182,4810151.5182,False,True,False,False,True,False,,False,False,unmatched_asset,2006-05-28T00:00:00,1,False,1,False
Water_Main_Breaks_-8394745777553033727.csv,1797,9785,9785,1199,1199,2/15/2008 12:00:00 AM,2008-02-15T00:00:00,MAIN,MAIN,,,,,,,,,,,REPAIR COMPLETED,REPAIR COMPLETED,12/15/2011 3:38:27 PM,2011-12-15T15:38:27,189316,189316,,,UNKNOWN,UNKNOWN,OTHER,OTHER,,,,,,,,,,,,,CATEGORY 1,CATEGORY 1,11061,11061,787,787,KING ST W,KING ST W,21390,21390,,,,,250,250,1889,1889,CI,CI,N,N,a8dd9c7d-3b20-4391-94ca-37e9846be339,a8dd9c7d-3b20-4391-94ca-37e9846be339,DAVIDV,DAVIDV,12/15/2011 3:38:27 PM,2011-12-15T15:38:27,539741.2964,539741.2964,4811593.7001,4811593.7001,False,True,False,False,True,False,,False,False,unmatched_asset,2008-02-15T00:00:00,1,False,1,False
Water_Main_Breaks_-8394745777553033727.csv,1800,9788,9788,518,518,2/26/2001 12:00:00 AM,2001-02-26T00:00:00,MAIN,MAIN,,,,,,,,,,,REPAIR COMPLETED,REPAIR COMPLETED,12/15/2011 3:38:27 PM,2011-12-15T15:38:27,,,,,UNKNOWN,UNKNOWN,OTHER,OTHER,,,,,,,,,,,,,CATEGORY 1,CATEGORY 1,12094,12094,105,105,FLORENCE AVE,FLORENCE AVE,14700,14700,,,,,,,,,,,N,N,03aab2b2-9b6d-4d44-aabb-3497b67995d8,03aab2b2-9b6d-4d44-aabb-3497b67995d8,DAVIDV,DAVIDV,10/25/2021 9:27:21 AM,2021-10-25T09:27:21,545747.2763,545747.2763,4808940.1868,4808940.1868,False,True,False,False,True,False,,False,False,unmatched_asset,2001-02-26T00:00:00,1,False,1,False
Water_Main_Breaks_-8394745777553033727.csv,1804,9792,9792,817,817,12/26/2000 12:00:00 AM,2000-12-26T00:00:00,MAIN,MAIN,,,,,,,,,,,REPAIR COMPLETED,REPAIR COMPLETED,12/15/2011 3:38:27 PM,2011-12-15T15:38:27,,,,,UNKNOWN,UNKNOWN,OTHER,OTHER,,,,,,,,,,,,,CATEGORY 1,CATEGORY 1,8732,8732,42,42,WESTWOOD CRES,WESTWOOD CRES,42890,42890,,,,,,,,,,,N,N,635ba2f6-386f-4942-a1ce-f7347bac91b0,635ba2f6-386f-4942-a1ce-f7347bac91b0,DAVIDV,DAVIDV,12/15/2011 3:38:27 PM,2011-12-15T15:38:27,538119.8548,538119.8548,4810510.4159,4810510.4159,False,True,False,False,True,False,,False,False,unmatched_asset,2000-12-26T00:00:00,1,False,1,False
Water_Main_Breaks_-8394745777553033727.csv,1810,9798,9798,113,113,12/23/1997 12:00:00 AM,1997-12-23T00:00:00,MAIN,MAIN,,,,,,,,,,,REPAIR COMPLETED,REPAIR COMPLETED,12/15/2011 3:38:26 PM,2011-12-15T15:38:26,,,,,UNKNOWN,UNKNOWN,OTHER,OTHER,,,,,,,,,,,,,CATEGORY 1,CATEGORY 1,13068,13068,36,36,LANG CRES,LANG CRES,79964,79964,,,,,150,150,1948,1948,CI,CI,N,N,ee45a46c-afdf-4012-80e5-c52092c154b8,ee45a46c-afdf-4012-80e5-c52092c154b8,DAVIDV,DAVIDV,12/15/2011 3:38:26 PM,2011-12-15T15:38:26,541424.6573,541424.6573,4813981.4893,4813981.4893,False,True,False,False,True,False,,False,False,unmatched_asset,1997-12-23T00:00:00,1,False,1,False
Water_Main_Breaks_-8394745777553033727.csv,1811,9799,9799,111,111,10/17/2002 12:00:00 AM,2002-10-17T00:00:00,MAIN,MAIN,,,,,,,,,,,REPAIR COMPLETED,REPAIR COMPLETED,12/15/2011 3:38:26 PM,2011-12-15T15:38:26,,,,,UNKNOWN,UNKNOWN,OTHER,OTHER,,,,,,,,,,,,,CATEGORY 1,CATEGORY 1,12586,12586,68,68,LANG CRES,LANG CRES,24390,24390,,,,,150,150,1948,1948,CI,CI,N,N,09c3037f-569f-4902-9588-162edc2710cf,09c3037f-569f-4902-9588-162edc2710cf,DAVIDV,DAVIDV,12/15/2011 3:38:26 PM,2011-12-15T15:38:26,541219.4107,541219.4107,4813968.6967,4813968.6967,False,True,False,False,True,False,,False,False,unmatched_asset,2002-10-17T00:00:00,1,False,1,False
Water_Main_Breaks_-8394745777553033727.csv,1817,9805,9805,445,445,12/16/2001 12:00:00 AM,2001-12-16T00:00:00,MAIN,MAIN,,,,,,,,,,,REPAIR COMPLETED,REPAIR COMPLETED,12/15/2011 3:38:26 PM,2011-12-15T15:38:26,,,,,UNKNOWN,UNKNOWN,OTHER,OTHER,,,,,,,,,,,,,CATEGORY 1,CATEGORY 1,13138,13138,101,101,FERGUS AVE,FERGUS AVE,14260,14260,,,,,,,,,,,N,N,59e1f4aa-af51-458e-811d-25966a1b1d0d,59e1f4aa-af51-458e-811d-25966a1b1d0d,DAVIDV,DAVIDV,12/15/2011 3:38:26 PM,2011-12-15T15:38:26,545228.5999,545228.5999,4809203.4431,4809203.4431,False,True,False,False,True,False,,False,False,unmatched_asset,2001-12-16T00:00:00,1,False,1,False
Water_Main_Breaks_-8394745777553033727.csv,1822,9810,9810,440,440,12/29/2006 12:00:00 AM,2006-12-29T00:00:00,MAIN,MAIN,,,,,,,,,,,REPAIR COMPLETED,REPAIR COMPLETED,12/15/2011 3:38:26 PM,2011-12-15T15:38:26,,,,,UNKNOWN,UNKNOWN,OTHER,OTHER,,,,,,,,,,,,,CATEGORY 1,CATEGORY 1,10060,10060,273,273,KIPLING AVE,KIPLING AVE,22610,22610,,,,,150,150,1959,1959,CI,CI,N,N,aad22bd4-bec2-48a3-9f45-77b51aba5ed2,aad22bd4-bec2-48a3-9f45-77b51aba5ed2,DAVIDV,DAVIDV,12/15/2011 3:38:26 PM,2011-12-15T15:38:26,543661.0373,543661.0373,4808129.0958,4808129.0958,False,True,False,False,True,False,,False,False,unmatched_asset,2006-12-29T00:00:00,1,False,1,False
Water_Main_Breaks_-8394745777553033727.csv,1826,9814,9814,1307,1307,4/26/2004 12:00:00 AM,2004-04-26T00:00:00,MAIN,MAIN,,,,,,,,,,,REPAIR COMPLETED,REPAIR COMPLETED,12/15/2011 3:38:28 PM,2011-12-15T15:38:28,,,,,UNKNOWN,UNKNOWN,OTHER,OTHER,,,,,,,,,,,,,CATEGORY 1,CATEGORY 1,8795,8795,280,280,JOSEPH ST,JOSEPH ST,59980,59980,,,,,,,,,,,N,N,017932fc-040d-45a0-aba1-ffac70762b5d,017932fc-040d-45a0-aba1-ffac70762b5d,DAVIDV,DAVIDV,12/15/2011 3:38:28 PM,2011-12-15T15:38:28,540368.4336,540368.4336,4811066.7048,4811066.7048,False,True,False,False,True,False,,False,False,unmatched_asset,2004-04-26T00:00:00,1,False,1,False
Water_Main_Breaks_-8394745777553033727.csv,1827,9815,9815,992,992,12/18/1998 12:00:00 AM,1998-12-18T00:00:00,MAIN,MAIN,,,,,,,,,,,REPAIR COMPLETED,REPAIR COMPLETED,12/15/2011 3:38:27 PM,2011-12-15T15:38:27,,,,,UNKNOWN,UNKNOWN,OTHER,OTHER,,,,,,,,,,,,,CATEGORY 1,CATEGORY 1,23052,23052,263,263,FERGUS AVE,FERGUS AVE,88992,88992,,,,,,,,,,,N,N,cb82db72-c341-42ca-af95-64c52b01045b,cb82db72-c341-42ca-af95-64c52b01045b,DAVIDV,DAVIDV,12/15/2011 3:38:27 PM,2011-12-15T15:38:27,545610.3072,545610.3072,4809500.596,4809500.596,False,True,False,False,True,False,,False,False,unmatched_asset,1998-12-18T00:00:00,1,False,1,False
Water_Main_Breaks_-8394745777553033727.csv,1828,9816,9816,119,119,7/3/2006 12:00:00 AM,2006-07-03T00:00:00,MAIN,MAIN,,,,,,,,,,,REPAIR COMPLETED,REPAIR COMPLETED,12/15/2011 3:38:26 PM,2011-12-15T15:38:26,,,,,UNKNOWN,UNKNOWN,OTHER,OTHER,,,,,,,,,,,,,CATEGORY 1,CATEGORY 1,11524,11524,15,15,HOFFMAN ST,HOFFMAN ST,94832,94832,,,,,,,,,,,N,N,ac06542f-a04e-4503-8db1-27a129166892,ac06542f-a04e-4503-8db1-27a129166892,DAVIDV,DAVIDV,12/15/2011 3:38:26 PM,2011-12-15T15:38:26,542128.2965,542128.2965,4808895.401,4808895.401,False,True,False,False,True,False,,False,False,unmatched_asset,2006-07-03T00:00:00,1,False,1,False
Water_Main_Breaks_-8394745777553033727.csv,1833,9821,9821,177,177,2/20/2002 12:00:00 AM,2002-02-20T00:00:00,MAIN,MAIN,,,,,,,,,,,REPAIR COMPLETED,REPAIR COMPLETED,12/15/2011 3:38:26 PM,2011-12-15T15:38:26,,,,,UNKNOWN,UNKNOWN,OTHER,OTHER,,,,,,,,,,,,,CATEGORY 1,CATEGORY 1,9761,9761,105,105,BECKER ST,BECKER ST,1760,1760,,,,,,,,,,,N,N,d0330628-0dc7-47fd-88eb-53e5f46ee968,d0330628-0dc7-47fd-88eb-53e5f46ee968,DAVIDV,DAVIDV,12/15/2011 3:38:26 PM,2011-12-15T15:38:26,542915.4549,542915.4549,4811687.9843,4811687.9843,False,True,False,False,True,False,,False,False,unmatched_asset,2002-02-20T00:00:00,1,False,1,False
Water_Main_Breaks_-8394745777553033727.csv,1834,9822,9822,1680,1680,12/15/2011 3:38:26 PM,2011-12-15T15:38:26,MAIN,MAIN,,,,,,,,,,,REPAIR COMPLETED,REPAIR COMPLETED,12/15/2011 3:38:26 PM,2011-12-15T15:38:26,,,,,UNKNOWN,UNKNOWN,OTHER,OTHER,,,,,,,,,,,,,CATEGORY 1,CATEGORY 1,11620,11620,444,444,STIRLING AVE S,STIRLING AVE S,76656,76656,,,,,150,150,1925,1925,CI,CI,N,N,01e8cce9-ca68-4a49-8681-174d3ab1fb0d,01e8cce9-ca68-4a49-8681-174d3ab1fb0d,DAVIDV,DAVIDV,12/15/2011 3:38:26 PM,2011-12-15T15:38:26,541221.6818,541221.6818,4809415.9335,4809415.9335,False,True,False,False,True,False,,False,False,unmatched_asset,2011-12-15T00:00:00,1,False,1,False
Water_Main_Breaks_-8394745777553033727.csv,1840,9828,9828,187,187,12/23/2002 12:00:00 AM,2002-12-23T00:00:00,MAIN,MAIN,,,,,,,,,,,REPAIR COMPLETED,REPAIR COMPLETED,12/15/2011 3:38:26 PM,2011-12-15T15:38:26,,,,,UNKNOWN,UNKNOWN,OTHER,OTHER,,,,,,,,,,,,,CATEGORY 1,CATEGORY 1,9877,9877,216,216,BRUCE ST,BRUCE ST,4910,4910,,,,,,,,,,,N,N,16e27a3e-fb3a-4fbf-b80a-3cb678c3feff,16e27a3e-fb3a-4fbf-b80a-3cb678c3feff,DAVIDV,DAVIDV,12/15/2011 3:38:26 PM,2011-12-15T15:38:26,543243.5758,543243.5758,4811674.0819,4811674.0819,False,True,False,False,True,False,,False,False,unmatched_asset,2002-12-23T00:00:00,1,False,1,False
Water_Main_Breaks_-8394745777553033727.csv,1848,9836,9836,1578,1578,1/18/2011 12:00:00 AM,2011-01-18T00:00:00,MAIN,MAIN,,,,,,,,,,,REPAIR COMPLETED,REPAIR COMPLETED,12/15/2011 3:38:26 PM,2011-12-15T15:38:26,39451,39451,,,CIRCUMFERENTIAL,CIRCUMFERENTIAL,UNKNOWN,UNKNOWN,,,,,,,,,,,,,CATEGORY 1,CATEGORY 1,9382,9382,89,89,OTTAWA ST S,OTTAWA ST S,29630,29630,,,,,150,150,1923,1923,CI,CI,N,N,3f282013-9a33-4ae9-b26e-5b8580469c53,3f282013-9a33-4ae9-b26e-5b8580469c53,DAVIDV,DAVIDV,12/15/2011 3:38:26 PM,2011-12-15T15:38:26,542589.3487,542589.3487,4809794.9708,4809794.9708,False,True,False,False,True,False,,False,False,unmatched_asset,2011-01-18T00:00:00,1,False,1,False
Water_Main_Breaks_-8394745777553033727.csv,1849,9837,9837,2119,2119,4/19/2015 12:00:00 AM,2015-04-19T00:00:00,MAIN,MAIN,,,,,,,,,,,REPAIR COMPLETED,REPAIR COMPLETED,1/22/2016 12:00:00 AM,2016-01-22T00:00:00,130506,130506,,,UNKNOWN,UNKNOWN,OTHER,OTHER,,,,,,,,,,,,,CATEGORY 1,CATEGORY 1,6440,6440,17,17,REX DR,REX DR,32260,32260,,,,,,,,,,,N,N,92e3c4e5-467c-4f1b-a202-655374d3cf38,92e3c4e5-467c-4f1b-a202-655374d3cf38,DAVIDV,DAVIDV,11/27/2018 12:00:00 AM,2018-11-27T00:00:00,540444.8241,540444.8241,4809649.1328,4809649.1328,False,True,False,False,True,False,,False,False,unmatched_asset,2015-04-19T00:00:00,1,False,1,False
Water_Main_Breaks_-8394745777553033727.csv,1860,9848,9848,2256,2256,2/14/2017 12:00:00 AM,2017-02-14T00:00:00,MAIN,MAIN,,,,,,,,,,,REPAIR COMPLETED,REPAIR COMPLETED,5/4/2017 12:00:00 AM,2017-05-04T00:00:00,178873,178873,,,UNKNOWN,UNKNOWN,OTHER,OTHER,,,,,,,,,,,,,CATEGORY 1,CATEGORY 1,13137,13137,169,169,FERGUS AVE,FERGUS AVE,14270,14270,,,,,,,,,,,N,N,1fbb908a-df30-48ab-ba35-7f11a7f9f8ef,1fbb908a-df30-48ab-ba35-7f11a7f9f8ef,DAVIDV,DAVIDV,11/27/2018 12:00:00 AM,2018-11-27T00:00:00,545428.7271,545428.7271,4809357.8887,4809357.8887,False,True,False,False,True,False,,False,False,unmatched_asset,2017-02-14T00:00:00,1,False,1,False
Water_Main_Breaks_-8394745777553033727.csv,1878,9866,9866,2274,2274,6/19/2017 12:00:00 AM,2017-06-19T00:00:00,MAIN,MAIN,,,,,,,,,,,REPAIR COMPLETED,REPAIR COMPLETED,9/19/2017 12:00:00 AM,2017-09-19T00:00:00,187667,187667,,,UNKNOWN,UNKNOWN,OTHER,OTHER,,,,,,,,,,,,,CATEGORY 1,CATEGORY 1,11680,11680,1290,1290,KING ST E,KING ST E,67760,67760,,,,,300,300,2001,2001,PVC,PVC,N,N,ec40214d-7377-4979-8f2f-8ba721e26bea,ec40214d-7377-4979-8f2f-8ba721e26bea,DAVIDV,DAVIDV,11/27/2018 12:00:00 AM,2018-11-27T00:00:00,543004.8971,543004.8971,4809890.974,4809890.974,False,True,False,False,True,False,,False,False,unmatched_asset,2017-06-19T00:00:00,1,False,1,False
Water_Main_Breaks_-8394745777553033727.csv,1882,9870,9870,2278,2278,7/12/2017 12:00:00 AM,2017-07-12T00:00:00,MAIN,MAIN,,,,,,,,,,,REPAIR COMPLETED,REPAIR COMPLETED,9/19/2017 12:00:00 AM,2017-09-19T00:00:00,189252,189252,,,UNKNOWN,UNKNOWN,OTHER,OTHER,,,,,,,,,,,,,CATEGORY 1,CATEGORY 1,11737,11737,63,63,SYDNEY ST S,SYDNEY ST S,37400,37400,,,,,,,,,,,N,N,bfbde04e-b956-4389-85a3-5eff4059dfe1,bfbde04e-b956-4389-85a3-5eff4059dfe1,DAVIDV,DAVIDV,11/27/2018 12:00:00 AM,2018-11-27T00:00:00,542883.3462,542883.3462,4809936.5462,4809936.5462,False,True,False,False,True,False,,False,False,unmatched_asset,2017-07-12T00:00:00,1,False,1,False
Water_Main_Breaks_-8394745777553033727.csv,1884,9872,9872,2280,2280,7/24/2017 12:00:00 AM,2017-07-24T00:00:00,MAIN,MAIN,,,,,,,,,,,REPAIR COMPLETED,REPAIR COMPLETED,9/19/2017 12:00:00 AM,2017-09-19T00:00:00,190005,190005,,,UNKNOWN,UNKNOWN,OTHER,OTHER,,,,,,,,,,,,,CATEGORY 1,CATEGORY 1,8634,8634,10,10,BURN PL,BURN PL,135902,135902,,,,,,,,,,,N,N,e985d60c-fab1-466c-a1b6-711530bd870a,e985d60c-fab1-466c-a1b6-711530bd870a,DAVIDV,DAVIDV,11/27/2018 12:00:00 AM,2018-11-27T00:00:00,539788.8853,539788.8853,4809850.4267,4809850.4267,False,True,False,False,True,False,,False,False,unmatched_asset,2017-07-24T00:00:00,1,False,1,False
Water_Main_Breaks_-8394745777553033727.csv,1887,9875,9875,2282,2282,8/6/2017 12:00:00 AM,2017-08-06T00:00:00,MAIN,MAIN,,,,,,,,,,,REPAIR COMPLETED,REPAIR COMPLETED,9/19/2017 12:00:00 AM,2017-09-19T00:00:00,190836,190836,,,UNKNOWN,UNKNOWN,OTHER,OTHER,,,,,,,,,,,,,CATEGORY 1,CATEGORY 1,6963,6963,51,51,HILLVIEW ST,HILLVIEW ST,19570,19570,,,,,150,150,1949,1949,CI,CI,N,N,eda6d80d-f62f-475c-ae18-d181df5ad0f1,eda6d80d-f62f-475c-ae18-d181df5ad0f1,DAVIDV,DAVIDV,11/27/2018 12:00:00 AM,2018-11-27T00:00:00,541664.0112,541664.0112,4812306.0187,4812306.0187,False,True,False,False,True,False,,False,False,unmatched_asset,2017-08-06T00:00:00,1,False,1,False
Water_Main_Breaks_-8394745777553033727.csv,1888,9876,9876,2284,2284,8/29/2017 12:00:00 AM,2017-08-29T00:00:00,MAIN,MAIN,,,,,,,,,,,REPAIR COMPLETED,REPAIR COMPLETED,9/19/2017 12:00:00 AM,2017-09-19T00:00:00,192188,192188,,,UNKNOWN,UNKNOWN,OTHER,OTHER,,,,,,,,,,,,,CATEGORY 1,CATEGORY 1,10070,10070,1780,1780,KING ST E,KING ST E,21890,21890,,,,,100,100,1937,1937,CI,CI,N,N,a864278c-c765-4753-a176-b8b965338942,a864278c-c765-4753-a176-b8b965338942,DAVIDV,DAVIDV,11/27/2018 12:00:00 AM,2018-11-27T00:00:00,543730.3311,543730.3311,4809525.6006,4809525.6006,False,True,False,False,True,False,,False,False,unmatched_asset,2017-08-29T00:00:00,1,False,1,False
Water_Main_Breaks_-8394745777553033727.csv,1900,9888,9888,1747,1747,8/5/2012 12:00:00 AM,2012-08-05T00:00:00,MAIN,MAIN,,,,,,,,,,,REPAIR COMPLETED,REPAIR COMPLETED,3/7/2013 12:00:00 AM,2013-03-07T00:00:00,69224,69224,,,CORROSION,CORROSION,COMBINATION,COMBINATION,,,,,,,,,,,,,CATEGORY 1,CATEGORY 1,11705,11705,,,WEBER ST E,WEBER ST E,40980,40980,,,,,,,,,,,N,N,ed804b35-80df-4168-8081-c446ec487d3e,ed804b35-80df-4168-8081-c446ec487d3e,DAVIDV,DAVIDV,3/7/2013 12:00:00 AM,2013-03-07T00:00:00,543197.8495,543197.8495,4810163.5499,4810163.5499,False,True,False,False,True,False,,False,False,unmatched_asset,2012-08-05T00:00:00,1,False,1,False
Water_Main_Breaks_-8394745777553033727.csv,1901,9889,9889,1748,1748,8/15/2012 12:00:00 AM,2012-08-15T00:00:00,MAIN,MAIN,,,,,,,,,,,REPAIR COMPLETED,REPAIR COMPLETED,3/7/2013 12:00:00 AM,2013-03-07T00:00:00,69681,69681,,,CORROSION,CORROSION,AGE,AGE,,,,,,,,,,,,,CATEGORY 1,CATEGORY 1,12610,12610,,,BRIDGE ST W,BRIDGE ST W,80176,80176,,,,,,,,,,,N,N,9aa83358-1933-447a-b08b-8df432fb6019,9aa83358-1933-447a-b08b-8df432fb6019,DAVIDV,DAVIDV,3/7/2013 12:00:00 AM,2013-03-07T00:00:00,541527.4452,541527.4452,4814693.7787,4814693.7787,False,True,False,False,True,False,,False,False,unmatched_asset,2012-08-15T00:00:00,1,False,1,False
Water_Main_Breaks_-8394745777553033727.csv,1903,9891,9891,1750,1750,9/26/2012 12:00:00 AM,2012-09-26T00:00:00,MAIN,MAIN,,,,,,,,,,,REPAIR COMPLETED,REPAIR COMPLETED,3/7/2013 12:00:00 AM,2013-03-07T00:00:00,71569,71569,,,LONGITUDINAL,LONGITUDINAL,COMBINATION,COMBINATION,,,,,,,,,,,,,CATEGORY 1,CATEGORY 1,8795,8795,280,280,JOSEPH ST,JOSEPH ST,20670,20670,,,,,,,,,,,N,N,e1802359-2b68-4916-af58-343cbc5e88e5,e1802359-2b68-4916-af58-343cbc5e88e5,DAVIDV,DAVIDV,3/7/2013 12:00:00 AM,2013-03-07T00:00:00,540394.5358,540394.5358,4811064.2934,4811064.2934,False,True,False,False,True,False,,False,False,unmatched_asset,2012-09-26T00:00:00,1,False,1,False
Water_Main_Breaks_-8394745777553033727.csv,1908,9896,9896,1755,1755,11/11/2012 12:00:00 AM,2012-11-11T00:00:00,MAIN,MAIN,,,,,,,,,,,REPAIR COMPLETED,REPAIR COMPLETED,3/7/2013 12:00:00 AM,2013-03-07T00:00:00,73696,73696,,,CIRCUMFERENTIAL,CIRCUMFERENTIAL,COMBINATION,COMBINATION,,,,,,,,,,,,,CATEGORY 1,CATEGORY 1,11425,11425,52,52,SOUTHDALE AVE,SOUTHDALE AVE,35250,35250,,,,,,,,,,,N,N,036b81cf-19ba-401c-81c5-5449eec0a2cf,036b81cf-19ba-401c-81c5-5449eec0a2cf,DAVIDV,DAVIDV,3/7/2013 12:00:00 AM,2013-03-07T00:00:00,541529.8764,541529.8764,4808875.566,4808875.566,False,True,False,False,True,False,,False,False,unmatched_asset,2012-11-11T00:00:00,1,False,1,False
Water_Main_Breaks_-8394745777553033727.csv,1910,9898,9898,1757,1757,11/17/2012 12:00:00 AM,2012-11-17T00:00:00,MAIN,MAIN,,,,,,,,,,,REPAIR COMPLETED,REPAIR COMPLETED,3/7/2013 12:00:00 AM,2013-03-07T00:00:00,73930,73930,,,CIRCUMFERENTIAL,CIRCUMFERENTIAL,COMBINATION,COMBINATION,,,,,,,,,,,,,CATEGORY 1,CATEGORY 1,11348,11348,11,11,OLYMPIC DR,OLYMPIC DR,28910,28910,,,,,,,,,,,N,N,bdca408d-02ea-4c31-95a3-1dbd6a3be2a9,bdca408d-02ea-4c31-95a3-1dbd6a3be2a9,DAVIDV,DAVIDV,3/7/2013 12:00:00 AM,2013-03-07T00:00:00,541830.9776,541830.9776,4809149.16,4809149.16,False,True,False,False,True,False,,False,False,unmatched_asset,2012-11-17T00:00:00,1,False,1,False
Water_Main_Breaks_-8394745777553033727.csv,1911,9899,9899,1758,1758,11/26/2012 12:00:00 AM,2012-11-26T00:00:00,MAIN,MAIN,,,,,,,,,,,REPAIR COMPLETED,REPAIR COMPLETED,3/7/2013 12:00:00 AM,2013-03-07T00:00:00,74317,74317,,,LONGITUDINAL,LONGITUDINAL,AGE,AGE,,,,,,,,,,,,,CATEGORY 1,CATEGORY 1,6700,6700,42,42,DUKE ST W,DUKE ST W,10350,10350,,,,,150,150,1994,1994,DI,DI,N,N,b04eb04f-f278-4799-8ab1-071aecc66be7,b04eb04f-f278-4799-8ab1-071aecc66be7,DAVIDV,DAVIDV,3/7/2013 12:00:00 AM,2013-03-07T00:00:00,541292.4784,541292.4784,4811073.5148,4811073.5148,False,True,False,False,True,False,,False,False,unmatched_asset,2012-11-26T00:00:00,1,False,1,False
Water_Main_Breaks_-8394745777553033727.csv,1924,9913,9913,1773,1773,12/23/2012 12:00:00 AM,2012-12-23T00:00:00,MAIN,MAIN,,,,,,,,,,,REPAIR COMPLETED,REPAIR COMPLETED,3/7/2013 12:00:00 AM,2013-03-07T00:00:00,75503,75503,,,CIRCUMFERENTIAL,CIRCUMFERENTIAL,OTHER,OTHER,,,,,,,,,,,,,CATEGORY 1,CATEGORY 1,10781,10781,59,59,FRANKLIN ST N,FRANKLIN ST N,15370,15370,,,,,300,300,1956,1956,CI,CI,N,N,61a48ba3-2023-4d66-b589-3fd4f2d4050d,61a48ba3-2023-4d66-b589-3fd4f2d4050d,DAVIDV,DAVIDV,3/7/2013 12:00:00 AM,2013-03-07T00:00:00,544718.6008,544718.6008,4809284.0516,4809284.0516,False,True,False,False,True,False,,False,False,unmatched_asset,2012-12-23T00:00:00,1,False,1,False
Water_Main_Breaks_-8394745777553033727.csv,1925,9914,9914,1774,1774,12/28/2012 12:00:00 AM,2012-12-28T00:00:00,MAIN,MAIN,,,,,,,,,,,REPAIR COMPLETED,REPAIR COMPLETED,3/7/2013 12:00:00 AM,2013-03-07T00:00:00,75675,75675,,,CORROSION,CORROSION,COMBINATION,COMBINATION,,,,,,,,,,,,,CATEGORY 1,CATEGORY 1,6293,6293,25,25,VALLEYVIEW RD,VALLEYVIEW RD,88582,88582,,,,,,,,,,,N,N,78d23164-2c1b-44bf-8760-1fff5450f0c0,78d23164-2c1b-44bf-8760-1fff5450f0c0,DAVIDV,DAVIDV,3/7/2013 12:00:00 AM,2013-03-07T00:00:00,539685.4408,539685.4408,4807346.6278,4807346.6278,False,True,False,False,True,False,,False,False,unmatched_asset,2012-12-28T00:00:00,1,False,1,False
Water_Main_Breaks_-8394745777553033727.csv,1933,9922,9922,1602,1602,2/15/2011 12:00:00 AM,2011-02-15T00:00:00,MAIN,MAIN,,,,,,,,,,,REPAIR COMPLETED,REPAIR COMPLETED,12/15/2011 3:38:26 PM,2011-12-15T15:38:26,40572,40572,,,FITTING/JOINT,FITTING/JOINT,COMBINATION,COMBINATION,,,,,,,,,,,,,CATEGORY 1,CATEGORY 1,10956,10956,253,253,VANIER DR,VANIER DR,39060,39060,,,,,200,200,1953,1953,CI,CI,N,N,9b371ea8-bf0d-41cb-a2b6-05aee19b61e3,9b371ea8-bf0d-41cb-a2b6-05aee19b61e3,DAVIDV,DAVIDV,12/15/2011 3:38:26 PM,2011-12-15T15:38:26,543720.0016,543720.0016,4808108.7679,4808108.7679,False,True,False,False,True,False,,False,False,unmatched_asset,2011-02-15T00:00:00,1,False,1,False
Water_Main_Breaks_-8394745777553033727.csv,1935,9924,9924,1625,1625,3/25/2011 12:00:00 AM,2011-03-25T00:00:00,MAIN,MAIN,,,,,,,,,,,REPAIR COMPLETED,REPAIR COMPLETED,12/15/2011 3:38:26 PM,2011-12-15T15:38:26,42109,42109,,,CIRCUMFERENTIAL,CIRCUMFERENTIAL,AGE,AGE,,,,,,,,,,,,,CATEGORY 1,CATEGORY 1,12095,12095,80,80,FLORENCE AVE,FLORENCE AVE,14690,14690,,,,,,,,,,,N,N,b3904f7f-1c54-4651-bd78-ead605306009,b3904f7f-1c54-4651-bd78-ead605306009,DAVIDV,DAVIDV,10/25/2021 9:32:22 AM,2021-10-25T09:32:22,545680.8615,545680.8615,4808886.6846,4808886.6846,False,True,False,False,True,False,,False,False,unmatched_asset,2011-03-25T00:00:00,1,False,1,False
Water_Main_Breaks_-8394745777553033727.csv,1941,9931,9931,1132,1132,5/16/2007 12:00:00 AM,2007-05-16T00:00:00,MAIN,MAIN,,,,,,,,,,,REPAIR COMPLETED,REPAIR COMPLETED,12/15/2011 3:38:27 PM,2011-12-15T15:38:27,174137,174137,,,UNKNOWN,UNKNOWN,AGE,AGE,,,,,,,,,,,,,CATEGORY 1,CATEGORY 1,10070,10070,1732,1732,KING ST E,KING ST E,21890,21890,,,,,100,100,1937,1937,CI,CI,N,N,5e065a2c-d443-4af1-9bd1-37b70d8de477,5e065a2c-d443-4af1-9bd1-37b70d8de477,DAVIDV,DAVIDV,12/15/2011 3:38:27 PM,2011-12-15T15:38:27,543649.0475,543649.0475,4809564.6363,4809564.6363,False,True,False,False,True,False,,False,False,unmatched_asset,2007-05-16T00:00:00,1,False,1,False
Water_Main_Breaks_-8394745777553033727.csv,1944,9934,9934,1162,1162,11/29/2007 12:00:00 AM,2007-11-29T00:00:00,MAIN,MAIN,,,,,,,,,,,REPAIR COMPLETED,REPAIR COMPLETED,12/15/2011 3:38:27 PM,2011-12-15T15:38:27,185931,185931,,,CIRCUMFERENTIAL AND FITTING/JOINT,CIRCUMFERENTIAL AND FITTING/JOINT,AGE,AGE,,,,,,,,,,,,,CATEGORY 1,CATEGORY 1,9896,9896,94,94,CAMBRIDGE AVE,CAMBRIDGE AVE,57690,57690,,,,,,,,,,,N,N,96619668-43c9-4fdc-8d86-0d0811f6a452,96619668-43c9-4fdc-8d86-0d0811f6a452,DAVIDV,DAVIDV,12/15/2011 3:38:27 PM,2011-12-15T15:38:27,543419.7108,543419.7108,4811608.5681,4811608.5681,False,True,False,False,True,False,,False,False,unmatched_asset,2007-11-29T00:00:00,1,False,1,False
Water_Main_Breaks_-8394745777553033727.csv,1948,9938,9938,1704,1704,10/27/2011 12:00:00 AM,2011-10-27T00:00:00,MAIN,MAIN,,,,,,,,,,,REPAIR COMPLETED,REPAIR COMPLETED,12/15/2011 3:38:26 PM,2011-12-15T15:38:26,56064,56064,,,CORROSION AND LONGITUDINAL,CORROSION AND LONGITUDINAL,AGE,AGE,,,,,,,,,,,,,CATEGORY 1,CATEGORY 1,11664,11664,110,110,KENT AVE,KENT AVE,21170,21170,,,,,,,,,,,N,N,f541577c-f127-48c8-893a-a1264d4f950d,f541577c-f127-48c8-893a-a1264d4f950d,DAVIDV,DAVIDV,12/15/2011 3:38:26 PM,2011-12-15T15:38:26,542149.6005,542149.6005,4809921.7934,4809921.7934,False,True,False,False,True,False,,False,False,unmatched_asset,2011-10-27T00:00:00,1,False,1,False
Water_Main_Breaks_-8394745777553033727.csv,1952,9942,9942,1598,1598,2/11/2011 12:00:00 AM,2011-02-11T00:00:00,MAIN,MAIN,,,,,,,,,,,REPAIR COMPLETED,REPAIR COMPLETED,12/15/2011 3:38:26 PM,2011-12-15T15:38:26,40466,40466,,,FITTING/JOINT,FITTING/JOINT,COMBINATION,COMBINATION,,,,,,,,,,,,,CATEGORY 1,CATEGORY 1,9411,9411,132,132,VANIER DR,VANIER DR,39030,39030,,,,,200,200,1953,1953,CI,CI,N,N,e77ae478-3894-4f77-a152-6570ef2dbc89,e77ae478-3894-4f77-a152-6570ef2dbc89,DAVIDV,DAVIDV,12/15/2011 3:38:26 PM,2011-12-15T15:38:26,543435.5843,543435.5843,4808462.7727,4808462.7727,False,True,False,False,True,False,,False,False,unmatched_asset,2011-02-11T00:00:00,1,False,1,False
Water_Main_Breaks_-8394745777553033727.csv,1953,9943,9943,1444,1444,1/22/2010 12:00:00 AM,2010-01-22T00:00:00,MAIN,MAIN,,,,,,,,,,,REPAIR COMPLETED,REPAIR COMPLETED,12/15/2011 3:38:28 PM,2011-12-15T15:38:28,22692,22692,,,CIRCUMFERENTIAL,CIRCUMFERENTIAL,AGE,AGE,,,,,,,,,,,,,CATEGORY 1,CATEGORY 1,11727,11727,315,315,SIMEON ST,SIMEON ST,40950,40950,,,,,150,150,1924,1924,CI,CI,N,N,74df1ed7-96cf-404d-b19f-053bac07aaf3,74df1ed7-96cf-404d-b19f-053bac07aaf3,DAVIDV,DAVIDV,12/15/2011 3:38:28 PM,2011-12-15T15:38:28,542618.4567,542618.4567,4810545.5276,4810545.5276,False,True,False,False,True,False,,False,False,unmatched_asset,2010-01-22T00:00:00,1,False,1,False
Water_Main_Breaks_-8394745777553033727.csv,1955,9946,9946,1464,1464,2/19/2010 12:00:00 AM,2010-02-19T00:00:00,MAIN,MAIN,,,,,,,,,,,REPAIR COMPLETED,REPAIR COMPLETED,12/15/2011 3:38:28 PM,2011-12-15T15:38:28,23719,23719,,,CIRCUMFERENTIAL,CIRCUMFERENTIAL,AGE,AGE,,,,,,,,,,,,,CATEGORY 1,CATEGORY 1,6885,6885,131,131,WEBER ST E,WEBER ST E,40870,40870,,,,,,,,,,,N,N,1fec5bf0-78de-4ae8-a152-2bcc3ee01a92,1fec5bf0-78de-4ae8-a152-2bcc3ee01a92,DAVIDV,DAVIDV,12/15/2011 3:38:28 PM,2011-12-15T15:38:28,542031.5755,542031.5755,4810783.8085,4810783.8085,False,True,False,False,True,False,,False,False,unmatched_asset,2010-02-19T00:00:00,1,False,1,False
Water_Main_Breaks_-8394745777553033727.csv,1959,9950,9950,1514,1514,9/8/2010 12:00:00 AM,2010-09-08T00:00:00,MAIN,MAIN,,,,,,,,,,,REPAIR COMPLETED,REPAIR COMPLETED,12/15/2011 3:38:27 PM,2011-12-15T15:38:27,33430,33430,,,CIRCUMFERENTIAL AND FITTING/JOINT,CIRCUMFERENTIAL AND FITTING/JOINT,CORROSION,CORROSION,,,,,,,,,,,,,CATEGORY 1,CATEGORY 1,12610,12610,,,BRIDGE ST W,BRIDGE ST W,4530,4530,,,,,,,,,,,N,N,07e59b23-6ab3-4c6f-870a-619b4dccc793,07e59b23-6ab3-4c6f-870a-619b4dccc793,DAVIDV,DAVIDV,12/15/2011 3:38:27 PM,2011-12-15T15:38:27,541541.9077,541541.9077,4814680.4458,4814680.4458,False,True,False,False,True,False,,False,False,unmatched_asset,2010-09-08T00:00:00,1,False,1,False
Water_Main_Breaks_-8394745777553033727.csv,1963,9954,9954,1443,1443,1/19/2010 12:00:00 AM,2010-01-19T00:00:00,MAIN,MAIN,,,,,,,,,,,REPAIR COMPLETED,REPAIR COMPLETED,12/15/2011 3:38:28 PM,2011-12-15T15:38:28,22620,22620,,,CIRCUMFERENTIAL,CIRCUMFERENTIAL,AGE,AGE,,,,,,,,,,,,,CATEGORY 1,CATEGORY 1,11425,11425,,,SOUTHDALE AVE,SOUTHDALE AVE,35250,35250,,,,,,,,,,,N,N,be0f02da-6dc7-4e01-9c93-13486b5fd04c,be0f02da-6dc7-4e01-9c93-13486b5fd04c,DAVIDV,DAVIDV,12/15/2011 3:38:28 PM,2011-12-15T15:38:28,541458.8591,541458.8591,4809018.8105,4809018.8105,False,True,False,False,True,False,,False,False,unmatched_asset,2010-01-19T00:00:00,1,False,1,False
Water_Main_Breaks_-8394745777553033727.csv,1967,9958,9958,1077,1077,2/2/2007 12:00:00 AM,2007-02-02T00:00:00,MAIN,MAIN,,,,,,,,,,,REPAIR COMPLETED,REPAIR COMPLETED,12/15/2011 3:38:27 PM,2011-12-15T15:38:27,169265,169265,,,FITTING/JOINT,FITTING/JOINT,AGE,AGE,,,,,,,,,,,,,CATEGORY 1,CATEGORY 1,9232,9232,11,11,OTTAWA ST N,OTTAWA ST N,29190,29190,,,,,,,,,,,N,N,7b756af8-ed05-4d39-897a-066d106f238b,7b756af8-ed05-4d39-897a-066d106f238b,DAVIDV,DAVIDV,12/15/2011 3:38:27 PM,2011-12-15T15:38:27,542821.2422,542821.2422,4810081.715,4810081.715,False,True,False,False,True,False,,False,False,unmatched_asset,2007-02-02T00:00:00,1,False,1,False
Water_Main_Breaks_-8394745777553033727.csv,1971,9962,9962,1121,1121,3/18/2007 12:00:00 AM,2007-03-18T00:00:00,MAIN,MAIN,,,,,,,,,,,REPAIR COMPLETED,REPAIR COMPLETED,12/15/2011 3:38:27 PM,2011-12-15T15:38:27,170943,170943,,,LONGITUDINAL,LONGITUDINAL,OTHER,OTHER,,,,,,,,,,,,,CATEGORY 1,CATEGORY 1,10138,10138,8,8,SHELDON AVE N,SHELDON AVE N,74880,74880,,,,,150,150,2006,2006,PVC,PVC,N,N,791b6218-00a2-4ab1-b8c7-664f61369ea9,791b6218-00a2-4ab1-b8c7-664f61369ea9,DAVIDV,DAVIDV,12/15/2011 3:38:27 PM,2011-12-15T15:38:27,543422.2059,543422.2059,4810167.6581,4810167.6581,False,True,False,False,True,False,,False,False,unmatched_asset,2007-03-18T00:00:00,1,False,1,False
Water_Main_Breaks_-8394745777553033727.csv,1974,9965,9965,1153,1153,11/12/2007 12:00:00 AM,2007-11-12T00:00:00,MAIN,MAIN,,,,,,,,,,,REPAIR COMPLETED,REPAIR COMPLETED,12/15/2011 3:38:27 PM,2011-12-15T15:38:27,185051,185051,,,CIRCUMFERENTIAL,CIRCUMFERENTIAL,OTHER,OTHER,,,,,,,,,,,,,CATEGORY 1,CATEGORY 1,23267,23267,78,78,CONWAY DR,CONWAY DR,7960,7960,,,,,,,,,,,N,N,7b1b0204-cdd3-432e-b54c-056b1a58ed31,7b1b0204-cdd3-432e-b54c-056b1a58ed31,DAVIDV,DAVIDV,12/15/2011 3:38:27 PM,2011-12-15T15:38:27,545327.6284,545327.6284,4810786.0313,4810786.0313,False,True,False,False,True,False,,False,False,unmatched_asset,2007-11-12T00:00:00,1,False,1,False
Water_Main_Breaks_-8394745777553033727.csv,1980,9972,9972,1164,1164,11/30/2007 12:00:00 AM,2007-11-30T00:00:00,MAIN,MAIN,,,,,,,,,,,REPAIR COMPLETED,REPAIR COMPLETED,12/15/2011 3:38:27 PM,2011-12-15T15:38:27,185964,185964,,,UNKNOWN,UNKNOWN,OTHER,OTHER,,,,,,,,,,,,,CATEGORY 1,CATEGORY 1,6878,6878,51,51,SCOTT ST,SCOTT ST,76847,76847,,,,,,,,,,,N,N,e5b3965e-1c0f-4c16-b99b-121f1d366838,e5b3965e-1c0f-4c16-b99b-121f1d366838,DAVIDV,DAVIDV,12/15/2011 3:38:27 PM,2011-12-15T15:38:27,541672.8646,541672.8646,4810924.3077,4810924.3077,False,True,False,False,True,False,,False,False,unmatched_asset,2007-11-30T00:00:00,1,False,1,False
Water_Main_Breaks_-8394745777553033727.csv,1981,9973,9973,1461,1461,2/15/2010 12:00:00 AM,2010-02-15T00:00:00,MAIN,MAIN,,,,,,,,,,,REPAIR COMPLETED,REPAIR COMPLETED,12/15/2011 3:38:28 PM,2011-12-15T15:38:28,23537,23537,,,CIRCUMFERENTIAL,CIRCUMFERENTIAL,PRESSURE,PRESSURE,,,,,,,,,,,,,CATEGORY 1,CATEGORY 1,9781,9781,200,200,CHAPEL ST,CHAPEL ST,6490,6490,,,,,,,,,,,N,N,4f98d6f5-0d19-4e48-b57d-af308ef9c608,4f98d6f5-0d19-4e48-b57d-af308ef9c608,DAVIDV,DAVIDV,12/15/2011 3:38:28 PM,2011-12-15T15:38:28,542621.6334,542621.6334,4811463.824,4811463.824,False,True,False,False,True,False,,False,False,unmatched_asset,2010-02-15T00:00:00,1,False,1,False
Water_Main_Breaks_-8394745777553033727.csv,1985,9977,9977,1459,1459,2/14/2010 12:00:00 AM,2010-02-14T00:00:00,MAIN,MAIN,,,,,,,,,,,REPAIR COMPLETED,REPAIR COMPLETED,12/15/2011 3:38:28 PM,2011-12-15T15:38:28,23533,23533,,,CIRCUMFERENTIAL,CIRCUMFERENTIAL,COMBINATION,COMBINATION,,,,,,,,,,,,,CATEGORY 1,CATEGORY 1,10035,10035,207,207,CONNAUGHT ST,CONNAUGHT ST,7830,7830,,,,,150,150,1962,1962,CI,CI,N,N,8204c9f0-d190-4a31-a9e6-e92a0b5e4510,8204c9f0-d190-4a31-a9e6-e92a0b5e4510,DAVIDV,DAVIDV,12/15/2011 3:38:28 PM,2011-12-15T15:38:28,544041.7522,544041.7522,4808884.8848,4808884.8848,False,True,False,False,True,False,,False,False,unmatched_asset,2010-02-14T00:00:00,1,False,1,False
Water_Main_Breaks_-8394745777553033727.csv,1986,9978,9978,1596,1596,2/10/2011 12:00:00 AM,2011-02-10T00:00:00,MAIN,MAIN,,,,,,,,,,,REPAIR COMPLETED,REPAIR COMPLETED,12/15/2011 3:38:26 PM,2011-12-15T15:38:26,40407,40407,,,FITTING/JOINT,FITTING/JOINT,AGE,AGE,,,,,,,,,,,,,CATEGORY 1,CATEGORY 1,11696,11696,23,23,OTTAWA ST N,OTTAWA ST N,29200,29200,,,,,,,,,,,N,N,32b65031-f4c9-4d77-a7ea-fffa62ac4718,32b65031-f4c9-4d77-a7ea-fffa62ac4718,DAVIDV,DAVIDV,12/15/2011 3:38:26 PM,2011-12-15T15:38:26,542906.3747,542906.3747,4810139.0297,4810139.0297,False,True,False,False,True,False,,False,False,unmatched_asset,2011-02-10T00:00:00,1,False,1,False
Water_Main_Breaks_-8394745777553033727.csv,1997,9989,9989,1460,1460,2/15/2010 12:00:00 AM,2010-02-15T00:00:00,MAIN,MAIN,,,,,,,,,,,REPAIR COMPLETED,REPAIR COMPLETED,12/15/2011 3:38:28 PM,2011-12-15T15:38:28,23535,23535,,,FITTING/JOINT,FITTING/JOINT,COMBINATION,COMBINATION,,,,,,,,,,,,,CATEGORY 1,CATEGORY 1,10956,10956,244,244,VANIER DR,VANIER DR,39060,39060,,,,,200,200,1953,1953,CI,CI,N,N,84b95d87-9a35-411c-8e4c-6e070284ce97,84b95d87-9a35-411c-8e4c-6e070284ce97,DAVIDV,DAVIDV,12/15/2011 3:38:28 PM,2011-12-15T15:38:28,543683.5577,543683.5577,4808153.5363,4808153.5363,False,True,False,False,True,False,,False,False,unmatched_asset,2010-02-15T00:00:00,1,False,1,False
Water_Main_Breaks_-8394745777553033727.csv,1998,9990,9990,1066,1066,1/26/2007 12:00:00 AM,2007-01-26T00:00:00,MAIN,MAIN,,,,,,,,,,,REPAIR COMPLETED,REPAIR COMPLETED,12/15/2011 3:38:27 PM,2011-12-15T15:38:27,168987,168987,,,CIRCUMFERENTIAL AND FITTING/JOINT,CIRCUMFERENTIAL AND FITTING/JOINT,AGE,AGE,,,,,,,,,,,,,CATEGORY 1,CATEGORY 1,12678,12678,62,62,ANN ST,ANN ST,640,640,,,,,,,,,,,N,N,441a1058-b084-489c-8aad-c5b7f13db42f,441a1058-b084-489c-8aad-c5b7f13db42f,DAVIDV,DAVIDV,12/15/2011 3:38:27 PM,2011-12-15T15:38:27,542853.0905,542853.0905,4812098.3881,4812098.3881,False,True,False,False,True,False,,False,False,unmatched_asset,2007-01-26T00:00:00,1,False,1,False
Water_Main_Breaks_-8394745777553033727.csv,2003,9996,9996,1445,1445,1/22/2010 12:00:00 AM,2010-01-22T00:00:00,MAIN,MAIN,,,,,,,,,,,REPAIR COMPLETED,REPAIR COMPLETED,12/15/2011 3:38:28 PM,2011-12-15T15:38:28,22772,22772,,,CIRCUMFERENTIAL AND FITTING/JOINT,CIRCUMFERENTIAL AND FITTING/JOINT,COMBINATION,COMBINATION,,,,,,,,,,,,,CATEGORY 1,CATEGORY 1,10748,10748,133,133,HAYWARD AVE,HAYWARD AVE,58030,58030,,,,,150,150,1967,1967,DI,DI,N,N,64e2b8d4-28c3-4927-820a-0def001362d8,64e2b8d4-28c3-4927-820a-0def001362d8,DAVIDV,DAVIDV,12/15/2011 3:38:28 PM,2011-12-15T15:38:28,542994.9799,542994.9799,4808213.4976,4808213.4976,False,True,False,False,True,False,,False,False,unmatched_asset,2010-01-22T00:00:00,1,False,1,False
Water_Main_Breaks_-8394745777553033727.csv,2006,9999,9999,1553,1553,12/19/2010 12:00:00 AM,2010-12-19T00:00:00,MAIN,MAIN,,,,,,,,,,,REPAIR COMPLETED,REPAIR COMPLETED,12/15/2011 3:38:27 PM,2011-12-15T15:38:27,38476,38476,,,FITTING/JOINT,FITTING/JOINT,AGE,AGE,,,,,,,,,,,,,CATEGORY 1,CATEGORY 1,13068,13068,42,42,LANG CRES,LANG CRES,24410,24410,,,,,150,150,1948,1948,CI,CI,N,N,0a694467-e242-47a2-a644-8e472b775331,0a694467-e242-47a2-a644-8e472b775331,DAVIDV,DAVIDV,12/15/2011 3:38:27 PM,2011-12-15T15:38:27,541402.2925,541402.2925,4813980.6563,4813980.6563,False,True,False,False,True,False,,False,False,unmatched_asset,2010-12-19T00:00:00,1,False,1,False
Water_Main_Breaks_-8394745777553033727.csv,2008,10001,10001,1607,1607,2/20/2011 12:00:00 AM,2011-02-20T00:00:00,MAIN,MAIN,,,,,,,,,,,REPAIR COMPLETED,REPAIR COMPLETED,12/15/2011 3:38:26 PM,2011-12-15T15:38:26,40759,40759,,,CIRCUMFERENTIAL,CIRCUMFERENTIAL,PRESSURE,PRESSURE,,,,,,,,,,,,,CATEGORY 1,CATEGORY 1,40005,40005,31,31,JANSEN AVE,JANSEN AVE,82460,82460,,,,,150,150,1961,1961,CI,CI,N,N,ab6d3b0b-be57-4d58-82d6-828c94965f16,ab6d3b0b-be57-4d58-82d6-828c94965f16,DAVIDV,DAVIDV,12/15/2011 3:38:26 PM,2011-12-15T15:38:26,545679.7963,545679.7963,4808758.0792,4808758.0792,False,True,False,False,True,False,,False,False,unmatched_asset,2011-02-20T00:00:00,1,False,1,False
Water_Main_Breaks_-8394745777553033727.csv,2015,10008,10008,1125,1125,3/28/2007 12:00:00 AM,2007-03-28T00:00:00,MAIN,MAIN,,,,,,,,,,,REPAIR COMPLETED,REPAIR COMPLETED,12/15/2011 3:38:27 PM,2011-12-15T15:38:27,171440,171440,,,FITTING/JOINT,FITTING/JOINT,OTHER,OTHER,,,,,,,,,,,,,CATEGORY 1,CATEGORY 1,10138,10138,8,8,SHELDON AVE N,SHELDON AVE N,74880,74880,,,,,150,150,2006,2006,PVC,PVC,N,N,acb056ea-282d-4440-9f47-90ead7f1d107,acb056ea-282d-4440-9f47-90ead7f1d107,DAVIDV,DAVIDV,12/15/2011 3:38:27 PM,2011-12-15T15:38:27,543424.702,543424.702,4810169.2167,4810169.2167,False,True,False,False,True,False,,False,False,unmatched_asset,2007-03-28T00:00:00,1,False,1,False
Water_Main_Breaks_-8394745777553033727.csv,2027,10020,10020,1614,1614,2/23/2011 12:00:00 AM,2011-02-23T00:00:00,MAIN,MAIN,,,,,,,,,,,REPAIR COMPLETED,REPAIR COMPLETED,12/15/2011 3:38:26 PM,2011-12-15T15:38:26,40882,40882,,,CIRCUMFERENTIAL,CIRCUMFERENTIAL,COMBINATION,COMBINATION,,,,,,,,,,,,,CATEGORY 1,CATEGORY 1,9902,9902,558,558,KRUG ST,KRUG ST,87828,87828,,,,,150,150,1954,1954,CI,CI,N,N,1c0b00c9-38c7-45f6-887d-05a1a7f0998d,1c0b00c9-38c7-45f6-887d-05a1a7f0998d,DAVIDV,DAVIDV,12/15/2011 3:38:26 PM,2011-12-15T15:38:26,543643.8243,543643.8243,4811766.0253,4811766.0253,False,True,False,False,True,False,,False,False,unmatched_asset,2011-02-23T00:00:00,1,False,1,False
Water_Main_Breaks_-8394745777553033727.csv,2028,10021,10021,1122,1122,3/19/2007 12:00:00 AM,2007-03-19T00:00:00,MAIN,MAIN,,,,,,,,,,,REPAIR COMPLETED,REPAIR COMPLETED,12/15/2011 3:38:27 PM,2011-12-15T15:38:27,170979,170979,,,CIRCUMFERENTIAL AND FITTING/JOINT,CIRCUMFERENTIAL AND FITTING/JOINT,FAULTY INSTALL,FAULTY INSTALL,,,,,,,,,,,,,CATEGORY 1,CATEGORY 1,23240,23240,64,64,CONWAY DR,CONWAY DR,7950,7950,,,,,,,,,,,N,N,9c98cf73-6efb-4bf9-8cf6-dc66aafda50c,9c98cf73-6efb-4bf9-8cf6-dc66aafda50c,DAVIDV,DAVIDV,12/15/2011 3:38:27 PM,2011-12-15T15:38:27,545286.5762,545286.5762,4810752.9916,4810752.9916,False,True,False,False,True,False,,False,False,unmatched_asset,2007-03-19T00:00:00,1,False,1,False
Water_Main_Breaks_-8394745777553033727.csv,2031,10024,10024,725,725,12/15/2011 12:00:00 AM,2011-12-15T00:00:00,MAIN,MAIN,,,,,,,,,,,REPAIR COMPLETED,REPAIR COMPLETED,12/15/2011 3:38:27 PM,2011-12-15T15:38:27,,,,,UNKNOWN,UNKNOWN,OTHER,OTHER,,,,,,,,,,,,,CATEGORY 1,CATEGORY 1,0,0,,,,,0,0,,,,,,,,,,,N,N,73973bb7-ceba-45aa-b61f-f4900024a35d,73973bb7-ceba-45aa-b61f-f4900024a35d,DAVIDV,DAVIDV,12/15/2011 3:38:27 PM,2011-12-15T15:38:27,534552.3803,534552.3803,4810209.6512,4810209.6512,False,True,False,False,True,True,,False,False,unmatched_asset,2011-12-15T00:00:00,7,True,7,True
Water_Main_Breaks_-8394745777553033727.csv,2038,10031,10031,1498,1498,8/19/2010 12:00:00 AM,2010-08-19T00:00:00,MAIN,MAIN,,,,,,,,,,,REPAIR COMPLETED,REPAIR COMPLETED,12/15/2011 3:38:28 PM,2011-12-15T15:38:28,29630,29630,,,CORROSION AND LONGITUDINAL,CORROSION AND LONGITUDINAL,COMBINATION,COMBINATION,,,,,,,,,,,,,CATEGORY 1,CATEGORY 1,9382,9382,85,85,OTTAWA ST S,OTTAWA ST S,29630,29630,,,,,150,150,1923,1923,CI,CI,N,N,74ec656e-849e-4d11-838d-a16d4c58e297,74ec656e-849e-4d11-838d-a16d4c58e297,DAVIDV,DAVIDV,12/15/2011 3:38:28 PM,2011-12-15T15:38:28,542603.7064,542603.7064,4809814.3508,4809814.3508,False,True,False,False,True,False,,False,False,unmatched_asset,2010-08-19T00:00:00,2,True,2,True
Water_Main_Breaks_-8394745777553033727.csv,2040,10033,10033,1436,1436,1/6/2010 12:00:00 AM,2010-01-06T00:00:00,MAIN,MAIN,,,,,,,,,,,REPAIR COMPLETED,REPAIR COMPLETED,12/15/2011 3:38:28 PM,2011-12-15T15:38:28,22098,22098,,,FITTING/JOINT,FITTING/JOINT,COMBINATION,COMBINATION,,,,,,,,,,,,,CATEGORY 1,CATEGORY 1,11696,11696,15,15,OTTAWA ST N,OTTAWA ST N,29200,29200,,,,,,,,,,,N,N,fd21ab9b-8ab5-46f3-af08-8a6730fb592c,fd21ab9b-8ab5-46f3-af08-8a6730fb592c,DAVIDV,DAVIDV,12/15/2011 3:38:28 PM,2011-12-15T15:38:28,542878.7476,542878.7476,4810120.4073,4810120.4073,False,True,False,False,True,False,,False,False,unmatched_asset,2010-01-06T00:00:00,1,False,1,False
Water_Main_Breaks_-8394745777553033727.csv,2042,10035,10035,1700,1700,9/27/2011 12:00:00 AM,2011-09-27T00:00:00,MAIN,MAIN,,,,,,,,,,,REPAIR COMPLETED,REPAIR COMPLETED,12/15/2011 3:38:26 PM,2011-12-15T15:38:26,54400,54400,,,CORROSION,CORROSION,AGE,AGE,,,,,,,,,,,,,CATEGORY 1,CATEGORY 1,9230,9230,50,50,OTTAWA ST S,OTTAWA ST S,29640,29640,,,,,150,150,1923,1923,CI,CI,N,N,eaedc562-21d8-4426-a882-5e0c6f907dae,eaedc562-21d8-4426-a882-5e0c6f907dae,DAVIDV,DAVIDV,12/15/2011 3:38:26 PM,2011-12-15T15:38:26,542659.934,542659.934,4809885.0508,4809885.0508,False,True,False,False,True,False,,False,False,unmatched_asset,2011-09-27T00:00:00,1,False,1,False
Water_Main_Breaks_-8394745777553033727.csv,2044,10037,10037,7,7,12/15/2011 12:00:00 AM,2011-12-15T00:00:00,MAIN,MAIN,,,,,,,,,,,REPAIR COMPLETED,REPAIR COMPLETED,12/15/2011 3:38:26 PM,2011-12-15T15:38:26,,,,,UNKNOWN,UNKNOWN,COMBINATION,COMBINATION,,,,,,,,,,,,,CATEGORY 1,CATEGORY 1,0,0,,,,,0,0,,,,,,,,,,,N,N,0ddf6145-505e-4b7b-bd1b-200fafd74b6c,0ddf6145-505e-4b7b-bd1b-200fafd74b6c,DAVIDV,DAVIDV,12/15/2011 3:38:26 PM,2011-12-15T15:38:26,534552.3803,534552.3803,4810209.6512,4810209.6512,False,True,False,False,True,True,,False,False,unmatched_asset,2011-12-15T00:00:00,7,True,7,True
Water_Main_Breaks_-8394745777553033727.csv,2046,10039,10039,1571,1571,1/10/2011 12:00:00 AM,2011-01-10T00:00:00,MAIN,MAIN,,,,,,,,,,,REPAIR COMPLETED,REPAIR COMPLETED,12/15/2011 3:38:26 PM,2011-12-15T15:38:26,39207,39207,,,CIRCUMFERENTIAL,CIRCUMFERENTIAL,COMBINATION,COMBINATION,,,,,,,,,,,,,CATEGORY 1,CATEGORY 1,10748,10748,133,133,HAYWARD AVE,HAYWARD AVE,84006,84006,,,,,150,150,1967,1967,DI,DI,N,N,3ea81eb0-d253-4d33-90d1-8a71d4619ecd,3ea81eb0-d253-4d33-90d1-8a71d4619ecd,DAVIDV,DAVIDV,12/15/2011 3:38:26 PM,2011-12-15T15:38:26,543011.6947,543011.6947,4808221.6788,4808221.6788,False,True,False,False,True,False,,False,False,unmatched_asset,2011-01-10T00:00:00,1,False,1,False
Water_Main_Breaks_-8394745777553033727.csv,2051,10045,10045,1467,1467,2/23/2010 12:00:00 AM,2010-02-23T00:00:00,MAIN,MAIN,,,,,,,,,,,REPAIR COMPLETED,REPAIR COMPLETED,12/15/2011 3:38:28 PM,2011-12-15T15:38:28,23644,23644,,,CIRCUMFERENTIAL,CIRCUMFERENTIAL,AGE,AGE,,,,,,,,,,,,,CATEGORY 1,CATEGORY 1,23267,23267,86,86,CONWAY DR,CONWAY DR,7960,7960,,,,,,,,,,,N,N,9b0456b8-85c9-4d92-b981-5b2f5479885d,9b0456b8-85c9-4d92-b981-5b2f5479885d,DAVIDV,DAVIDV,12/15/2011 3:38:28 PM,2011-12-15T15:38:28,545356.4066,545356.4066,4810809.2413,4810809.2413,False,True,False,False,True,False,,False,False,unmatched_asset,2010-02-23T00:00:00,1,False,1,False
Water_Main_Breaks_-8394745777553033727.csv,2053,10047,10047,1594,1594,2/6/2011 12:00:00 AM,2011-02-06T00:00:00,MAIN,MAIN,,,,,,,,,,,REPAIR COMPLETED,REPAIR COMPLETED,12/15/2011 3:38:26 PM,2011-12-15T15:38:26,40252,40252,,,FITTING/JOINT,FITTING/JOINT,COMBINATION,COMBINATION,,,,,,,,,,,,,CATEGORY 1,CATEGORY 1,11697,11697,23,23,BRICK ST,BRICK ST,4430,4430,,,,,150,150,1952,1952,DI,DI,N,N,5740b089-8d62-49d4-a939-acca45dbc681,5740b089-8d62-49d4-a939-acca45dbc681,DAVIDV,DAVIDV,12/15/2011 3:38:26 PM,2011-12-15T15:38:26,542874.9641,542874.9641,4810069.7414,4810069.7414,False,True,False,False,True,False,,False,False,unmatched_asset,2011-02-06T00:00:00,1,False,1,False
Water_Main_Breaks_-8394745777553033727.csv,2055,10049,10049,1541,1541,11/12/2010 12:00:00 AM,2010-11-12T00:00:00,MAIN,MAIN,,,,,,,,,,,REPAIR COMPLETED,REPAIR COMPLETED,12/15/2011 3:38:27 PM,2011-12-15T15:38:27,36708,36708,,,FITTING/JOINT AND LONGITUDINAL,FITTING/JOINT AND LONGITUDINAL,COMBINATION,COMBINATION,,,,,,,,,,,,,CATEGORY 1,CATEGORY 1,40084,40084,1546,1546,KING ST E,KING ST E,21840,21840,,,,,150,150,1947,1947,CI,CI,N,N,3cbd3cf0-5b85-4aea-a6ed-8f6110671eb0,3cbd3cf0-5b85-4aea-a6ed-8f6110671eb0,DAVIDV,DAVIDV,12/15/2011 3:38:27 PM,2011-12-15T15:38:27,543390.8425,543390.8425,4809690.2786,4809690.2786,False,True,False,False,True,False,,False,False,unmatched_asset,2010-11-12T00:00:00,1,False,1,False
Water_Main_Breaks_-8394745777553033727.csv,2058,10052,10052,1562,1562,12/29/2010 12:00:00 AM,2010-12-29T00:00:00,MAIN,MAIN,,,,,,,,,,,REPAIR COMPLETED,REPAIR COMPLETED,12/15/2011 3:38:27 PM,2011-12-15T15:38:27,38720,38720,,,CORROSION AND CIRCUMFERENTIAL,CORROSION AND CIRCUMFERENTIAL,OTHER,OTHER,,,,,,,,,,,,,CATEGORY 1,CATEGORY 1,13297,13297,62,62,THIRD AVE,THIRD AVE,37770,37770,,,,,150,150,1953,1953,CI,CI,N,N,51961350-e00f-4ee1-ae55-8ca020e8519d,51961350-e00f-4ee1-ae55-8ca020e8519d,DAVIDV,DAVIDV,12/15/2011 3:38:27 PM,2011-12-15T15:38:27,544133.8194,544133.8194,4809087.5487,4809087.5487,False,True,False,False,True,False,,False,False,unmatched_asset,2010-12-29T00:00:00,1,False,1,False
Water_Main_Breaks_-8394745777553033727.csv,2060,10054,10054,1129,1129,4/13/2007 12:00:00 AM,2007-04-13T00:00:00,MAIN,MAIN,,,,,,,,,,,REPAIR COMPLETED,REPAIR COMPLETED,12/15/2011 3:38:27 PM,2011-12-15T15:38:27,172245,172245,,,UNKNOWN,UNKNOWN,CORROSION,CORROSION,,,,,,,,,,,,,CATEGORY 1,CATEGORY 1,20920,20920,178,178,MAUSSER AVE,MAUSSER AVE,25730,25730,,,,,,,,,,,N,N,24a744cd-762e-4ab7-aa5a-5e08cc0c02b9,24a744cd-762e-4ab7-aa5a-5e08cc0c02b9,DAVIDV,DAVIDV,12/15/2011 3:38:27 PM,2011-12-15T15:38:27,540964.1013,540964.1013,4809165.6449,4809165.6449,False,True,False,False,True,False,,False,False,unmatched_asset,2007-04-13T00:00:00,1,False,1,False
Water_Main_Breaks_-8394745777553033727.csv,2061,10055,10055,1474,1474,4/9/2010 12:00:00 AM,2010-04-09T00:00:00,MAIN,MAIN,,,,,,,,,,,REPAIR COMPLETED,REPAIR COMPLETED,12/15/2011 3:38:28 PM,2011-12-15T15:38:28,25836,25836,,,CORROSION,CORROSION,CORROSION,CORROSION,,,,,,,,,,,,,CATEGORY 1,CATEGORY 1,8749,8749,35,35,CARLTON ST,CARLTON ST,5450,5450,,,,,,,,,,,N,N,7f4a8327-c8c7-486a-bedb-212c179a7cff,7f4a8327-c8c7-486a-bedb-212c179a7cff,DAVIDV,DAVIDV,12/15/2011 3:38:28 PM,2011-12-15T15:38:28,539556.8058,539556.8058,4809952.1897,4809952.1897,False,True,False,False,True,False,,False,False,unmatched_asset,2010-04-09T00:00:00,1,False,1,False
Water_Main_Breaks_-8394745777553033727.csv,2065,10060,10060,1538,1538,10/27/2010 12:00:00 AM,2010-10-27T00:00:00,MAIN,MAIN,,,,,,,,,,,REPAIR COMPLETED,REPAIR COMPLETED,12/15/2011 3:38:27 PM,2011-12-15T15:38:27,35765,35765,,,CIRCUMFERENTIAL AND FITTING/JOINT,CIRCUMFERENTIAL AND FITTING/JOINT,UNKNOWN,UNKNOWN,,,,,,,,,,,,,CATEGORY 1,CATEGORY 1,6700,6700,46,46,DUKE ST W,DUKE ST W,10530,10530,,,,,100,100,1976,1976,DI,DI,N,N,572fecbb-acb2-448f-83ef-ed85fe72cad3,572fecbb-acb2-448f-83ef-ed85fe72cad3,DAVIDV,DAVIDV,12/15/2011 3:38:27 PM,2011-12-15T15:38:27,541248.9265,541248.9265,4811091.2415,4811091.2415,False,True,False,False,True,False,,False,False,unmatched_asset,2010-10-27T00:00:00,1,False,1,False
Water_Main_Breaks_-8394745777553033727.csv,2076,10071,10071,1035,1035,12/15/2011 12:00:00 AM,2011-12-15T00:00:00,MAIN,MAIN,,,,,,,,,,,REPAIR COMPLETED,REPAIR COMPLETED,12/15/2011 3:38:27 PM,2011-12-15T15:38:27,,,,,UNKNOWN,UNKNOWN,OTHER,OTHER,,,,,,,,,,,,,CATEGORY 1,CATEGORY 1,0,0,,,,,0,0,,,,,,,,,,,N,N,21fba635-a684-4fd3-8a9e-f75eee7349ca,21fba635-a684-4fd3-8a9e-f75eee7349ca,DAVIDV,DAVIDV,12/15/2011 3:38:27 PM,2011-12-15T15:38:27,534552.3803,534552.3803,4810209.6512,4810209.6512,False,True,False,False,True,True,,False,False,unmatched_asset,2011-12-15T00:00:00,7,True,7,True
Water_Main_Breaks_-8394745777553033727.csv,2078,10073,10073,1096,1096,2/18/2007 12:00:00 AM,2007-02-18T00:00:00,MAIN,MAIN,,,,,,,,,,,REPAIR COMPLETED,REPAIR COMPLETED,12/15/2011 3:38:27 PM,2011-12-15T15:38:27,169773,169773,,,UNKNOWN,UNKNOWN,AGE,AGE,,,,,,,,,,,,,CATEGORY 1,CATEGORY 1,12566,12566,176,176,BRIDGE ST E,BRIDGE ST E,4648,4648,,,,,,,,,,,N,N,ab9fdb13-818d-45ed-8fb9-0ce7ffdc8ea6,ab9fdb13-818d-45ed-8fb9-0ce7ffdc8ea6,DAVIDV,DAVIDV,12/15/2011 3:38:27 PM,2011-12-15T15:38:27,542890.9007,542890.9007,4813959.763,4813959.763,False,True,False,False,True,False,,False,False,unmatched_asset,2007-02-18T00:00:00,1,False,1,False
Water_Main_Breaks_-8394745777553033727.csv,2090,10085,10085,1488,1488,6/17/2010 12:00:00 AM,2010-06-17T00:00:00,MAIN,MAIN,,,,,,,,,,,REPAIR COMPLETED,REPAIR COMPLETED,12/15/2011 3:38:28 PM,2011-12-15T15:38:28,29704,29704,,,CORROSION,CORROSION,CORROSION,CORROSION,,,,,,,,,,,,,CATEGORY 1,CATEGORY 1,12610,12610,,,BRIDGE ST W,BRIDGE ST W,4530,4530,,,,,,,,,,,N,N,cc759578-d45d-4ca6-85fb-46190ac77b36,cc759578-d45d-4ca6-85fb-46190ac77b36,DAVIDV,DAVIDV,12/15/2011 3:38:28 PM,2011-12-15T15:38:28,541550.5746,541550.5746,4814672.4807,4814672.4807,False,True,False,False,True,False,,False,False,unmatched_asset,2010-06-17T00:00:00,1,False,1,False
Water_Main_Breaks_-8394745777553033727.csv,2092,10087,10087,719,719,12/15/2011 12:00:00 AM,2011-12-15T00:00:00,MAIN,MAIN,,,,,,,,,,,REPAIR COMPLETED,REPAIR COMPLETED,12/15/2011 3:38:27 PM,2011-12-15T15:38:27,,,,,UNKNOWN,UNKNOWN,OTHER,OTHER,,,,,,,,,,,,,CATEGORY 1,CATEGORY 1,0,0,,,,,0,0,,,,,,,,,,,N,N,22d45af0-73e8-4bba-a93b-797f4a85b919,22d45af0-73e8-4bba-a93b-797f4a85b919,DAVIDV,DAVIDV,12/15/2011 3:38:27 PM,2011-12-15T15:38:27,534552.3803,534552.3803,4810209.6512,4810209.6512,False,True,False,False,True,True,,False,False,unmatched_asset,2011-12-15T00:00:00,7,True,7,True
Water_Main_Breaks_-8394745777553033727.csv,2103,10100,10100,1696,1696,8/30/2011 12:00:00 AM,2011-08-30T00:00:00,MAIN,MAIN,,,,,,,,,,,REPAIR COMPLETED,REPAIR COMPLETED,12/15/2011 3:38:26 PM,2011-12-15T15:38:26,52798,52798,,,FITTING/JOINT,FITTING/JOINT,COMBINATION,COMBINATION,,,,,,,,,,,,,CATEGORY 1,CATEGORY 1,6878,6878,53,53,SCOTT ST,SCOTT ST,76847,76847,,,,,,,,,,,N,N,bddae3ee-92ef-402c-a1f5-3db07aa8884c,bddae3ee-92ef-402c-a1f5-3db07aa8884c,DAVIDV,DAVIDV,12/15/2011 3:38:26 PM,2011-12-15T15:38:26,541676.049,541676.049,4810929.7668,4810929.7668,False,True,False,False,True,False,,False,False,unmatched_asset,2011-08-30T00:00:00,1,False,1,False
Water_Main_Breaks_-8394745777553033727.csv,2110,10110,10110,1175,1175,12/18/2007 12:00:00 AM,2007-12-18T00:00:00,MAIN,MAIN,,,,,,,,,,,REPAIR COMPLETED,REPAIR COMPLETED,12/15/2011 3:38:27 PM,2011-12-15T15:38:27,186718,186718,,,CIRCUMFERENTIAL,CIRCUMFERENTIAL,OTHER,OTHER,,,,,,,,,,,,,CATEGORY 1,CATEGORY 1,13118,13118,14,14,BRIDGE ST E,BRIDGE ST E,490,490,,,,,,,,,,,N,N,f6b6f8ec-918b-48c1-a349-1b6c339af906,f6b6f8ec-918b-48c1-a349-1b6c339af906,DAVIDV,DAVIDV,12/15/2011 3:38:27 PM,2011-12-15T15:38:27,542070,542070,4814346,4814346,False,True,False,False,True,False,,False,False,unmatched_asset,2007-12-18T00:00:00,1,False,1,False
Water_Main_Breaks_-8394745777553033727.csv,2116,10116,10116,1599,1599,2/11/2011 12:00:00 AM,2011-02-11T00:00:00,MAIN,MAIN,,,,,,,,,,,REPAIR COMPLETED,REPAIR COMPLETED,12/15/2011 3:38:26 PM,2011-12-15T15:38:26,40458,40458,,,FITTING/JOINT,FITTING/JOINT,AGE,AGE,,,,,,,,,,,,,CATEGORY 1,CATEGORY 1,11716,11716,14,14,SYDNEY ST N,SYDNEY ST N,37280,37280,,,,,,,,,,,N,N,8e1e5232-ac9b-4b38-a68c-16478e6aad4a,8e1e5232-ac9b-4b38-a68c-16478e6aad4a,DAVIDV,DAVIDV,12/15/2011 3:38:26 PM,2011-12-15T15:38:26,542933.4273,542933.4273,4809953.5521,4809953.5521,False,True,False,False,True,False,,False,False,unmatched_asset,2011-02-11T00:00:00,1,False,1,False
Water_Main_Breaks_-8394745777553033727.csv,2117,10118,10118,1110,1110,3/6/2007 12:00:00 AM,2007-03-06T00:00:00,MAIN,MAIN,,,,,,,,,,,REPAIR COMPLETED,REPAIR COMPLETED,12/15/2011 3:38:27 PM,2011-12-15T15:38:27,170432,170432,,,FITTING/JOINT,FITTING/JOINT,AGE,AGE,,,,,,,,,,,,,CATEGORY 1,CATEGORY 1,11696,11696,23,23,OTTAWA ST N,OTTAWA ST N,29200,29200,,,,,,,,,,,N,N,674160af-cc59-4643-ba13-663314ce622d,674160af-cc59-4643-ba13-663314ce622d,DAVIDV,DAVIDV,12/15/2011 3:38:27 PM,2011-12-15T15:38:27,542909.2107,542909.2107,4810140.9413,4810140.9413,False,True,False,False,True,False,,False,False,unmatched_asset,2007-03-06T00:00:00,1,False,1,False
Water_Main_Breaks_-8394745777553033727.csv,2122,10124,10124,1523,1523,8/19/2010 12:00:00 AM,2010-08-19T00:00:00,MAIN,MAIN,,,,,,,,,,,REPAIR COMPLETED,REPAIR COMPLETED,12/15/2011 3:38:27 PM,2011-12-15T15:38:27,32504,32504,,,CORROSION AND LONGITUDINAL,CORROSION AND LONGITUDINAL,COMBINATION,COMBINATION,,,,,,,,,,,,,CATEGORY 1,CATEGORY 1,9382,9382,89,89,OTTAWA ST S,OTTAWA ST S,29630,29630,,,,,150,150,1923,1923,CI,CI,N,N,f5329fef-1495-455c-8f22-fc971e4b4c87,f5329fef-1495-455c-8f22-fc971e4b4c87,DAVIDV,DAVIDV,12/15/2011 3:38:27 PM,2011-12-15T15:38:27,542582.5825,542582.5825,4809786.4318,4809786.4318,False,True,False,False,True,False,,False,False,unmatched_asset,2010-08-19T00:00:00,2,True,2,True
Water_Main_Breaks_-8394745777553033727.csv,2126,10129,10129,1486,1486,6/11/2010 12:00:00 AM,2010-06-11T00:00:00,MAIN,MAIN,,,,,,,,,,,REPAIR COMPLETED,REPAIR COMPLETED,12/15/2011 3:38:28 PM,2011-12-15T15:38:28,29478,29478,,,CORROSION,CORROSION,COMBINATION,COMBINATION,,,,,,,,,,,,,CATEGORY 1,CATEGORY 1,12610,12610,69,69,BRIDGE ST W,BRIDGE ST W,80176,80176,,,,,,,,,,,N,N,8fe50faa-de7f-42da-ad54-4ddeb957be0f,8fe50faa-de7f-42da-ad54-4ddeb957be0f,DAVIDV,DAVIDV,12/15/2011 3:38:28 PM,2011-12-15T15:38:28,541513.8189,541513.8189,4814706.5836,4814706.5836,False,True,False,False,True,False,,False,False,unmatched_asset,2010-06-11T00:00:00,1,False,1,False
Water_Main_Breaks_-8394745777553033727.csv,2128,10131,10131,1547,1547,12/14/2010 12:00:00 AM,2010-12-14T00:00:00,MAIN,MAIN,,,,,,,,,,,REPAIR COMPLETED,REPAIR COMPLETED,12/15/2011 3:38:27 PM,2011-12-15T15:38:27,38267,38267,,,CIRCUMFERENTIAL,CIRCUMFERENTIAL,SOILS,SOILS,,,,,,,,,,,,,CATEGORY 1,CATEGORY 1,22203,22203,34,34,CENTREVILLE ST,CENTREVILLE ST,6230,6230,,,,,150,150,1962,1962,CI,CI,N,N,84a230ae-ddd5-40bc-a8dd-2503b57e787e,84a230ae-ddd5-40bc-a8dd-2503b57e787e,DAVIDV,DAVIDV,12/15/2011 3:38:27 PM,2011-12-15T15:38:27,545763.0408,545763.0408,4808718.3226,4808718.3226,False,True,False,False,True,False,,False,False,unmatched_asset,2010-12-14T00:00:00,1,False,1,False
Water_Main_Breaks_-8394745777553033727.csv,2129,10132,10132,1094,1094,2/17/2007 12:00:00 AM,2007-02-17T00:00:00,MAIN,MAIN,,,,,,,,,,,REPAIR COMPLETED,REPAIR COMPLETED,12/15/2011 3:38:27 PM,2011-12-15T15:38:27,169768,169768,,,CIRCUMFERENTIAL,CIRCUMFERENTIAL,CORROSION,CORROSION,,,,,,,,,,,,,CATEGORY 1,CATEGORY 1,20920,20920,172,172,MAUSSER AVE,MAUSSER AVE,25730,25730,,,,,,,,,,,N,N,81b44898-7840-4bfd-9b03-33e124111a3f,81b44898-7840-4bfd-9b03-33e124111a3f,DAVIDV,DAVIDV,12/15/2011 3:38:27 PM,2011-12-15T15:38:27,540987.5016,540987.5016,4809177.4377,4809177.4377,False,True,False,False,True,False,,False,False,unmatched_asset,2007-02-17T00:00:00,1,False,1,False
Water_Main_Breaks_-8394745777553033727.csv,2134,10138,10138,1119,1119,3/18/2007 12:00:00 AM,2007-03-18T00:00:00,MAIN,MAIN,,,,,,,,,,,REPAIR COMPLETED,REPAIR COMPLETED,12/15/2011 3:38:27 PM,2011-12-15T15:38:27,170941,170941,,,UNKNOWN,UNKNOWN,AGE,AGE,,,,,,,,,,,,,CATEGORY 1,CATEGORY 1,10138,10138,8,8,SHELDON AVE N,SHELDON AVE N,34670,34670,,,,,150,150,1946,1946,CI,CI,N,N,4c6a4806-bb6b-4522-abba-c40ba2651fe0,4c6a4806-bb6b-4522-abba-c40ba2651fe0,DAVIDV,DAVIDV,12/15/2011 3:38:27 PM,2011-12-15T15:38:27,543418.4723,543418.4723,4810165.3268,4810165.3268,False,True,False,False,True,False,,False,False,unmatched_asset,2007-03-18T00:00:00,1,False,1,False
Water_Main_Breaks_-8394745777553033727.csv,2141,10145,10145,1214,1214,3/22/2008 12:00:00 AM,2008-03-22T00:00:00,MAIN,MAIN,,,,,,,,,,,REPAIR COMPLETED,REPAIR COMPLETED,12/15/2011 3:38:27 PM,2011-12-15T15:38:27,190320,190320,,,UNKNOWN,UNKNOWN,OTHER,OTHER,,,,,,,,,,,,,CATEGORY 1,CATEGORY 1,23041,23041,280,280,THALER AVE,THALER AVE,37620,37620,,,,,,,,,,,N,N,70afa31b-3622-4417-9a53-72a2f2a648d3,70afa31b-3622-4417-9a53-72a2f2a648d3,DAVIDV,DAVIDV,12/15/2011 3:38:27 PM,2011-12-15T15:38:27,546311.6591,546311.6591,4808920.0079,4808920.0079,False,True,False,False,True,False,,False,False,unmatched_asset,2008-03-22T00:00:00,1,False,1,False
Water_Main_Breaks_-8394745777553033727.csv,2150,10154,10154,170,170,1/8/2001 12:00:00 AM,2001-01-08T00:00:00,MAIN,MAIN,,,,,,,,,,,REPAIR COMPLETED,REPAIR COMPLETED,12/15/2011 3:38:26 PM,2011-12-15T15:38:26,,,,,UNKNOWN,UNKNOWN,OTHER,OTHER,,,,,,,,,,,,,CATEGORY 1,CATEGORY 1,11696,11696,23,23,OTTAWA ST N,OTTAWA ST N,29200,29200,,,,,,,,,,,N,N,f1076762-773f-4e03-9b81-4701bb8e7373,f1076762-773f-4e03-9b81-4701bb8e7373,DAVIDV,DAVIDV,12/15/2011 3:38:26 PM,2011-12-15T15:38:26,542895.9834,542895.9834,4810132.0253,4810132.0253,False,True,False,False,True,False,,False,False,unmatched_asset,2001-01-08T00:00:00,1,False,1,False
Water_Main_Breaks_-8394745777553033727.csv,2172,10176,10176,2213,2213,6/9/2016 12:00:00 AM,2016-06-09T00:00:00,MAIN,MAIN,,,,,,,,,,,REPAIR COMPLETED,REPAIR COMPLETED,10/17/2016 12:00:00 AM,2016-10-17T00:00:00,161566,161566,,,UNKNOWN,UNKNOWN,OTHER,OTHER,,,,,,,,,,,,,CATEGORY 1,CATEGORY 1,10137,10137,11,11,FAIRMOUNT RD,FAIRMOUNT RD,76041,76041,,,,,,,,,,,N,N,c56b7a1d-8817-4216-bcea-30c04ae717ab,c56b7a1d-8817-4216-bcea-30c04ae717ab,DAVIDV,DAVIDV,11/27/2018 12:00:00 AM,2018-11-27T00:00:00,543603.2341,543603.2341,4810215.2515,4810215.2515,False,True,False,False,True,False,,False,False,unmatched_asset,2016-06-09T00:00:00,1,False,1,False
Water_Main_Breaks_-8394745777553033727.csv,2173,10177,10177,2214,2214,6/24/2016 12:00:00 AM,2016-06-24T00:00:00,MAIN,MAIN,,,,,,,,,,,REPAIR COMPLETED,REPAIR COMPLETED,10/17/2016 12:00:00 AM,2016-10-17T00:00:00,162903,162903,,,UNKNOWN,UNKNOWN,OTHER,OTHER,,,,,,,,,,,,,CATEGORY 1,CATEGORY 1,9411,9411,111,111,VANIER DR,VANIER DR,39030,39030,,,,,200,200,1953,1953,CI,CI,N,N,26af217c-439d-4437-84f0-5d031a2609f6,26af217c-439d-4437-84f0-5d031a2609f6,DAVIDV,DAVIDV,11/27/2018 12:00:00 AM,2018-11-27T00:00:00,543386.961,543386.961,4808522.5263,4808522.5263,False,True,False,False,True,False,,False,False,unmatched_asset,2016-06-24T00:00:00,1,False,1,False
Water_Main_Breaks_-8394745777553033727.csv,2183,10187,10187,2224,2224,10/3/2016 12:00:00 AM,2016-10-03T00:00:00,MAIN,MAIN,,,,,,,,,,,REPAIR COMPLETED,REPAIR COMPLETED,12/20/2016 12:00:00 AM,2016-12-20T00:00:00,169899,169899,,,UNKNOWN,UNKNOWN,OTHER,OTHER,,,,,,,,,,,,,CATEGORY 1,CATEGORY 1,10138,10138,197,197,SHELDON AVE N,SHELDON AVE N,34670,34670,,,,,150,150,1946,1946,CI,CI,N,N,d1330a17-4f59-483b-8410-8627eda51303,d1330a17-4f59-483b-8410-8627eda51303,DAVIDV,DAVIDV,11/27/2018 12:00:00 AM,2018-11-27T00:00:00,543512.0043,543512.0043,4810223.7288,4810223.7288,False,True,False,False,True,False,,False,False,unmatched_asset,2016-10-03T00:00:00,1,False,1,False
Water_Main_Breaks_-8394745777553033727.csv,2184,10188,10188,2225,2225,10/5/2016 12:00:00 AM,2016-10-05T00:00:00,MAIN,MAIN,,,,,,,,,,,REPAIR COMPLETED,REPAIR COMPLETED,12/20/2016 12:00:00 AM,2016-12-20T00:00:00,170195,170195,,,UNKNOWN,UNKNOWN,OTHER,OTHER,,,,,,,,,,,,,CATEGORY 1,CATEGORY 1,11505,11505,110,110,CONWAY DR,CONWAY DR,7970,7970,,,,,,,,,,,N,N,b34baa5b-1af4-4da0-a22e-28acf6b21435,b34baa5b-1af4-4da0-a22e-28acf6b21435,DAVIDV,DAVIDV,11/27/2018 12:00:00 AM,2018-11-27T00:00:00,545423.6954,545423.6954,4810863.5114,4810863.5114,False,True,False,False,True,False,,False,False,unmatched_asset,2016-10-05T00:00:00,1,False,1,False
Water_Main_Breaks_-8394745777553033727.csv,2187,10191,10191,2228,2228,10/17/2016 12:00:00 AM,2016-10-17T00:00:00,MAIN,MAIN,,,,,,,,,,,REPAIR COMPLETED,REPAIR COMPLETED,12/20/2016 12:00:00 AM,2016-12-20T00:00:00,170825,170825,,,UNKNOWN,UNKNOWN,OTHER,OTHER,,,,,,,,,,,,,CATEGORY 1,CATEGORY 1,15838,15838,301,301,SHERWOOD AVE,SHERWOOD AVE,34850,34850,,,,,150,150,1954,1954,CI,CI,N,N,ae87bf41-46f4-46ab-93dd-f93487ddaf3f,ae87bf41-46f4-46ab-93dd-f93487ddaf3f,DAVIDV,DAVIDV,11/27/2018 12:00:00 AM,2018-11-27T00:00:00,543485.0457,543485.0457,4811970.4949,4811970.4949,False,True,False,False,True,False,,False,False,unmatched_asset,2016-10-17T00:00:00,1,False,1,False
Water_Main_Breaks_-8394745777553033727.csv,2190,10194,10194,2231,2231,12/13/2016 12:00:00 AM,2016-12-13T00:00:00,MAIN,MAIN,,,,,,,,,,,REPAIR COMPLETED,REPAIR COMPLETED,1/20/2017 12:00:00 AM,2017-01-20T00:00:00,175347,175347,,,UNKNOWN,UNKNOWN,OTHER,OTHER,,,,,,,,,,,,,CATEGORY 1,CATEGORY 1,9239,9239,589,589,CHARLES ST E,CHARLES ST E,86766,86766,,,,,100,100,1922,1922,CI,CI,N,N,078804e9-89d9-41fc-841b-c28c8e5b96ed,078804e9-89d9-41fc-841b-c28c8e5b96ed,DAVIDV,DAVIDV,11/27/2018 12:00:00 AM,2018-11-27T00:00:00,542704.3062,542704.3062,4809944.3696,4809944.3696,False,True,False,False,True,False,,False,False,unmatched_asset,2016-12-13T00:00:00,1,False,1,False
Water_Main_Breaks_-8394745777553033727.csv,2198,10202,10202,2241,2241,1/4/2017 12:00:00 AM,2017-01-04T00:00:00,MAIN,MAIN,,,,,,,,,,,REPAIR COMPLETED,REPAIR COMPLETED,1/20/2017 12:00:00 AM,2017-01-20T00:00:00,176259,176259,,,UNKNOWN,UNKNOWN,OTHER,OTHER,,,,,,,,,,,,,CATEGORY 1,CATEGORY 1,12610,12610,54,54,BRIDGE ST W,BRIDGE ST W,4530,4530,,,,,,,,,,,N,N,0d3c7be4-2288-4343-ab4f-ebc12f89140f,0d3c7be4-2288-4343-ab4f-ebc12f89140f,DAVIDV,DAVIDV,11/27/2018 12:00:00 AM,2018-11-27T00:00:00,541579.7009,541579.7009,4814645.7128,4814645.7128,False,True,False,False,True,False,,False,False,unmatched_asset,2017-01-04T00:00:00,1,False,1,False
Water_Main_Breaks_-8394745777553033727.csv,2203,10207,10207,2246,2246,1/17/2017 12:00:00 AM,2017-01-17T00:00:00,MAIN,MAIN,,,,,,,,,,,REPAIR COMPLETED,REPAIR COMPLETED,5/4/2017 12:00:00 AM,2017-05-04T00:00:00,177019,177019,,,UNKNOWN,UNKNOWN,OTHER,OTHER,,,,,,,,,,,,,CATEGORY 1,CATEGORY 1,10953,10953,431,431,GREENFIELD AVE,GREENFIELD AVE,84572,84572,,,,,,,,,,,N,N,3915cc40-2934-4080-ae93-3df64a20db86,3915cc40-2934-4080-ae93-3df64a20db86,DAVIDV,DAVIDV,11/27/2018 12:00:00 AM,2018-11-27T00:00:00,544678.1574,544678.1574,4808317.337,4808317.337,False,True,False,False,True,False,,False,False,unmatched_asset,2017-01-17T00:00:00,1,False,1,False
Water_Main_Breaks_-8394745777553033727.csv,2242,10246,10246,2420,2420,1/16/2019 12:00:00 AM,2019-01-16T00:00:00,MAIN,MAIN,,,,,,,,,,,REPAIR COMPLETED,REPAIR COMPLETED,2/26/2019 12:00:00 AM,2019-02-26T00:00:00,234886,234886,,,UNKNOWN,UNKNOWN,OTHER,OTHER,,,,,,,,,,,,,CATEGORY 1,CATEGORY 1,11399,11399,257,257,MILL ST,MILL ST,64030,64030,,,,,,,,,,,N,N,bce2b38f-ff67-4a2a-9ba3-413fd434fe6c,bce2b38f-ff67-4a2a-9ba3-413fd434fe6c,GIS_DATA,GIS_DATA,2/26/2019 12:00:00 AM,2019-02-26T00:00:00,541554.7678,541554.7678,4809431.8204,4809431.8204,False,True,False,False,True,False,,False,False,unmatched_asset,2019-01-16T00:00:00,1,False,1,False
Water_Main_Breaks_-8394745777553033727.csv,2243,10247,10247,2419,2419,1/16/2019 12:00:00 AM,2019-01-16T00:00:00,MAIN,MAIN,,,,,,,,,,,REPAIR COMPLETED,REPAIR COMPLETED,2/26/2019 12:00:00 AM,2019-02-26T00:00:00,234807,234807,,,UNKNOWN,UNKNOWN,OTHER,OTHER,,,,,,,,,,,,,CATEGORY 1,CATEGORY 1,22316,22316,68,68,GUERIN AVE,GUERIN AVE,94808,94808,,,,,150,150,1963,1963,CI,CI,N,N,8656b013-1756-4a6d-8167-d2bf3197ac4a,8656b013-1756-4a6d-8167-d2bf3197ac4a,GIS_DATA,GIS_DATA,2/26/2019 12:00:00 AM,2019-02-26T00:00:00,545879.7271,545879.7271,4808936.8743,4808936.8743,False,True,False,False,True,False,,False,False,unmatched_asset,2019-01-16T00:00:00,1,False,1,False
Water_Main_Breaks_-8394745777553033727.csv,2270,10274,10274,2400,2400,12/2/2018 12:00:00 AM,2018-12-02T00:00:00,MAIN,MAIN,,,,,,,,,,,REPAIR COMPLETED,REPAIR COMPLETED,2/26/2019 12:00:00 AM,2019-02-26T00:00:00,229585,229585,,,UNKNOWN,UNKNOWN,OTHER,OTHER,,,,,,,,,,,,,CATEGORY 1,CATEGORY 1,11696,11696,15,15,OTTAWA ST N,OTTAWA ST N,29200,29200,,,,,,,,,,,N,N,b951787c-7f82-48b1-8216-a05a2e1c5995,b951787c-7f82-48b1-8216-a05a2e1c5995,GIS_DATA,GIS_DATA,2/26/2019 12:00:00 AM,2019-02-26T00:00:00,542888.6148,542888.6148,4810127.0584,4810127.0584,False,True,False,False,True,False,,False,False,unmatched_asset,2018-12-02T00:00:00,1,False,1,False
Water_Main_Breaks_-8394745777553033727.csv,2271,10275,10275,2407,2407,12/21/2018 12:00:00 AM,2018-12-21T00:00:00,MAIN,MAIN,,,,,,,,,,,REPAIR COMPLETED,REPAIR COMPLETED,2/26/2019 12:00:00 AM,2019-02-26T00:00:00,233235,233235,,,UNKNOWN,UNKNOWN,OTHER,OTHER,,,,,,,,,,,,,CATEGORY 1,CATEGORY 1,20773,20773,112,112,ABERDEEN RD,ABERDEEN RD,260,260,,,,,150,150,1955,1955,CI,CI,N,N,bb1e437c-a473-4c65-ba73-db38dc4365d8,bb1e437c-a473-4c65-ba73-db38dc4365d8,GIS_DATA,GIS_DATA,2/26/2019 12:00:00 AM,2019-02-26T00:00:00,538131.7039,538131.7039,4810999.4995,4810999.4995,False,True,False,False,True,False,,False,False,unmatched_asset,2018-12-21T00:00:00,1,False,1,False
Water_Main_Breaks_-8394745777553033727.csv,2273,10277,10277,2292,2292,11/22/2017 12:00:00 AM,2017-11-22T00:00:00,MAIN,MAIN,,,,,,,,,,,REPAIR COMPLETED,REPAIR COMPLETED,12/8/2017 12:00:00 AM,2017-12-08T00:00:00,198038,198038,,,UNKNOWN,UNKNOWN,OTHER,OTHER,,,,,,,,,,,,,CATEGORY 1,CATEGORY 1,11544,11544,160,160,HUBER ST,HUBER ST,87038,87038,,,,,,,,,,,N,N,f5ffb1e0-5c0d-464f-ac2b-d21e3767befc,f5ffb1e0-5c0d-464f-ac2b-d21e3767befc,DAVIDV,DAVIDV,10/25/2021 9:33:42 AM,2021-10-25T09:33:42,545636.9173,545636.9173,4808860.4631,4808860.4631,False,True,False,False,True,False,,False,False,unmatched_asset,2017-11-22T00:00:00,1,False,1,False
Water_Main_Breaks_-8394745777553033727.csv,2289,10293,10293,2383,2383,4/10/2018 12:00:00 AM,2018-04-10T00:00:00,MAIN,MAIN,,,,,,,,,,,REPAIR COMPLETED,REPAIR COMPLETED,11/27/2018 12:00:00 AM,2018-11-27T00:00:00,209888,209888,,,UNKNOWN,UNKNOWN,OTHER,OTHER,,,,,,,,,,,,,CATEGORY 1,CATEGORY 1,20773,20773,112,112,ABERDEEN RD,ABERDEEN RD,260,260,,,,,150,150,1955,1955,CI,CI,N,N,4ebdd00c-053d-4a4f-94c1-b2caac9972fa,4ebdd00c-053d-4a4f-94c1-b2caac9972fa,GIS_DATA,GIS_DATA,11/27/2018 12:00:00 AM,2018-11-27T00:00:00,538133.4355,538133.4355,4810996.1203,4810996.1203,False,True,False,False,True,False,,False,False,unmatched_asset,2018-04-10T00:00:00,1,False,1,False
Water_Main_Breaks_-8394745777553033727.csv,2296,10300,10300,2379,2379,6/16/2018 12:00:00 AM,2018-06-16T00:00:00,MAIN,MAIN,,,,,,,,,,,REPAIR COMPLETED,REPAIR COMPLETED,11/27/2018 12:00:00 AM,2018-11-27T00:00:00,213423,213423,,,UNKNOWN,UNKNOWN,OTHER,OTHER,,,,,,,,,,,,,CATEGORY 1,CATEGORY 1,11455,11455,526,526,MILL ST,MILL ST,26700,26700,,,,,,,,,,,N,N,2a087205-77e2-49b0-b14b-e9f841894da9,2a087205-77e2-49b0-b14b-e9f841894da9,GIS_DATA,GIS_DATA,11/27/2018 12:00:00 AM,2018-11-27T00:00:00,542454.2696,542454.2696,4809146.5021,4809146.5021,False,True,False,False,True,False,,False,False,unmatched_asset,2018-06-16T00:00:00,1,False,1,False
Water_Main_Breaks_-8394745777553033727.csv,2299,10303,10303,2358,2358,10/29/2018 12:00:00 AM,2018-10-29T00:00:00,MAIN,MAIN,,,,,,,,,,,REPAIR COMPLETED,REPAIR COMPLETED,11/27/2018 12:00:00 AM,2018-11-27T00:00:00,226797,226797,,,UNKNOWN,UNKNOWN,OTHER,OTHER,,,,,,,,,,,,,CATEGORY 1,CATEGORY 1,7032,7032,14,14,EDWIN ST,EDWIN ST,11620,11620,,,,,,,,,,,N,N,0cd021aa-41eb-4163-a5bc-648d20a45484,0cd021aa-41eb-4163-a5bc-648d20a45484,GIS_DATA,GIS_DATA,11/27/2018 12:00:00 AM,2018-11-27T00:00:00,541564.9045,541564.9045,4812175.0487,4812175.0487,False,True,False,False,True,False,,False,False,unmatched_asset,2018-10-29T00:00:00,1,False,1,False
Water_Main_Breaks_-8394745777553033727.csv,2300,10304,10304,2363,2363,9/24/2018 12:00:00 AM,2018-09-24T00:00:00,MAIN,MAIN,,,,,,,,,,,REPAIR COMPLETED,REPAIR COMPLETED,11/27/2018 12:00:00 AM,2018-11-27T00:00:00,224039,224039,,,UNKNOWN,UNKNOWN,OTHER,OTHER,,,,,,,,,,,,,CATEGORY 1,CATEGORY 1,11175,11175,315,315,AHRENS ST W,AHRENS ST W,450,450,,,,,150,150,1959,1959,CI,CI,N,N,f0f00492-5fc8-490b-b14a-8074c64e7324,f0f00492-5fc8-490b-b14a-8074c64e7324,GIS_DATA,GIS_DATA,11/27/2018 12:00:00 AM,2018-11-27T00:00:00,540519.5812,540519.5812,4812479.9391,4812479.9391,False,True,False,False,True,False,,False,False,unmatched_asset,2018-09-24T00:00:00,1,False,1,False
Water_Main_Breaks_-8394745777553033727.csv,2305,10309,10309,2371,2371,7/20/2018 12:00:00 AM,2018-07-20T00:00:00,MAIN,MAIN,,,,,,,,,,,REPAIR COMPLETED,REPAIR COMPLETED,11/27/2018 12:00:00 AM,2018-11-27T00:00:00,219047,219047,,,UNKNOWN,UNKNOWN,OTHER,OTHER,,,,,,,,,,,,,CATEGORY 1,CATEGORY 1,1234,1234,109,109,ADELAIDE ST,ADELAIDE ST,340,340,,,,,150,150,1950,1950,CI,CI,N,N,66b02cb1-4a43-4cf7-8592-608d9d99a3ba,66b02cb1-4a43-4cf7-8592-608d9d99a3ba,GIS_DATA,GIS_DATA,11/27/2018 12:00:00 AM,2018-11-27T00:00:00,539314.5105,539314.5105,4810262.72,4810262.72,False,True,False,False,True,False,,False,False,unmatched_asset,2018-07-20T00:00:00,1,False,1,False
Water_Main_Breaks_-8394745777553033727.csv,2307,10311,10311,2377,2377,6/16/2018 12:00:00 AM,2018-06-16T00:00:00,MAIN,MAIN,,,,,,,,,,,REPAIR COMPLETED,REPAIR COMPLETED,11/27/2018 12:00:00 AM,2018-11-27T00:00:00,216258,216258,,,UNKNOWN,UNKNOWN,OTHER,OTHER,,,,,,,,,,,,,CATEGORY 1,CATEGORY 1,10877,10877,419,419,OTTAWA ST S,OTTAWA ST S,29680,29680,,,,,,,,,,,N,N,7ca4451b-61eb-4436-a761-94d9cd7e5121,7ca4451b-61eb-4436-a761-94d9cd7e5121,GIS_DATA,GIS_DATA,11/27/2018 12:00:00 AM,2018-11-27T00:00:00,542136.3967,542136.3967,4808916.5639,4808916.5639,False,True,False,False,True,False,,False,False,unmatched_asset,2018-06-16T00:00:00,1,False,1,False
Water_Main_Breaks_-8394745777553033727.csv,2319,10323,10323,2344,2344,1/16/2018 12:00:00 AM,2018-01-16T00:00:00,MAIN,MAIN,,,,,,,,,,,REPAIR COMPLETED,REPAIR COMPLETED,11/27/2018 12:00:00 AM,2018-11-27T00:00:00,201557,201557,,,UNKNOWN,UNKNOWN,OTHER,OTHER,,,,,,,,,,,,,CATEGORY 1,CATEGORY 1,6444,6444,30,30,CORAL CRES,CORAL CRES,8000,8000,,,,,,,,,,,N,N,4580e55e-da79-4c44-b94d-8c2e1126e14f,4580e55e-da79-4c44-b94d-8c2e1126e14f,GIS_DATA,GIS_DATA,11/27/2018 12:00:00 AM,2018-11-27T00:00:00,540682.0689,540682.0689,4809228.5454,4809228.5454,False,True,False,False,True,False,,False,False,unmatched_asset,2018-01-16T00:00:00,1,False,1,False
Water_Main_Breaks_-8394745777553033727.csv,2326,10330,10330,2351,2351,1/11/2018 12:00:00 AM,2018-01-11T00:00:00,MAIN,MAIN,,,,,,,,,,,REPAIR COMPLETED,REPAIR COMPLETED,11/27/2018 12:00:00 AM,2018-11-27T00:00:00,201181,201181,,,UNKNOWN,UNKNOWN,OTHER,OTHER,,,,,,,,,,,,,CATEGORY 1,CATEGORY 1,11449,11449,358,358,OTTAWA ST S,OTTAWA ST S,29670,29670,,,,,150,150,1949,1949,CI,CI,N,N,744e4235-ff32-4650-bd94-f15c4017d2c9,744e4235-ff32-4650-bd94-f15c4017d2c9,GIS_DATA,GIS_DATA,11/27/2018 12:00:00 AM,2018-11-27T00:00:00,542182.2004,542182.2004,4809119.0692,4809119.0692,False,True,False,False,True,False,,False,False,unmatched_asset,2018-01-11T00:00:00,1,False,1,False
Water_Main_Breaks_-8394745777553033727.csv,2330,10334,10334,2355,2355,1/7/2018 12:00:00 AM,2018-01-07T00:00:00,MAIN,MAIN,,,,,,,,,,,REPAIR COMPLETED,REPAIR COMPLETED,11/27/2018 12:00:00 AM,2018-11-27T00:00:00,200844,200844,,,UNKNOWN,UNKNOWN,OTHER,OTHER,,,,,,,,,,,,,CATEGORY 1,CATEGORY 1,10877,10877,368,368,OTTAWA ST S,OTTAWA ST S,29680,29680,,,,,,,,,,,N,N,59b5f0e7-9bfe-494f-9c76-80714d22856d,59b5f0e7-9bfe-494f-9c76-80714d22856d,GIS_DATA,GIS_DATA,11/27/2018 12:00:00 AM,2018-11-27T00:00:00,542176.3821,542176.3821,4809089.6326,4809089.6326,False,True,False,False,True,False,,False,False,unmatched_asset,2018-01-07T00:00:00,1,False,1,False
Water_Main_Breaks_-8394745777553033727.csv,2334,10338,10338,2310,2310,12/22/2017 12:00:00 AM,2017-12-22T00:00:00,MAIN,MAIN,,,,,,,,,,,REPAIR COMPLETED,REPAIR COMPLETED,11/27/2018 12:00:00 AM,2018-11-27T00:00:00,200295,200295,,,UNKNOWN,UNKNOWN,OTHER,OTHER,,,,,,,,,,,,,CATEGORY 1,CATEGORY 1,22322,22322,67,67,JANSEN AVE,JANSEN AVE,20570,20570,,,,,150,150,1961,1961,CI,CI,N,N,0d44b875-276c-472e-b41d-2be0131419ba,0d44b875-276c-472e-b41d-2be0131419ba,GIS_DATA,GIS_DATA,11/27/2018 12:00:00 AM,2018-11-27T00:00:00,545775.4848,545775.4848,4808842.2661,4808842.2661,False,True,False,False,True,False,,False,False,unmatched_asset,2017-12-22T00:00:00,1,False,1,False
Water_Main_Breaks_-8394745777553033727.csv,2350,10354,10354,1247,1247,12/1/2008 12:00:00 AM,2008-12-01T00:00:00,MAIN,MAIN,,,,,,,,,,,REPAIR COMPLETED,REPAIR COMPLETED,12/15/2011 3:38:27 PM,2011-12-15T15:38:27,,,,,UNKNOWN,UNKNOWN,OTHER,OTHER,,,,,,,,,,,,,CATEGORY 1,CATEGORY 1,6309,6309,506,506,STIRLING AVE S,STIRLING AVE S,79396,79396,,,,,,,,,,,N,N,77e3ce1b-8212-4923-88e1-2cd563a1ad0c,77e3ce1b-8212-4923-88e1-2cd563a1ad0c,DAVIDV,DAVIDV,7/18/2019 12:00:00 AM,2019-07-18T00:00:00,541040.6018,541040.6018,4809324.8947,4809324.8947,False,True,False,False,True,False,,False,False,unmatched_asset,2008-12-01T00:00:00,1,False,1,False
Water_Main_Breaks_-8394745777553033727.csv,2382,10387,10387,2456,2456,5/7/2019 12:00:00 AM,2019-05-07T00:00:00,MAIN,MAIN,,,,,,,,,,,REPAIR COMPLETED,REPAIR COMPLETED,7/18/2019 12:00:00 AM,2019-07-18T00:00:00,244508,244508,,,UNKNOWN,UNKNOWN,COMBINATION,COMBINATION,,,,,,,,,,,,,CATEGORY 1,CATEGORY 1,9217,9217,107,107,OTTAWA ST N,OTTAWA ST N,29210,29210,,,,,,,,,,,N,N,4dccb4a6-b907-46a8-9b92-bac34a0842fc,4dccb4a6-b907-46a8-9b92-bac34a0842fc,GIS_DATA,GIS_DATA,7/18/2019 12:00:00 AM,2019-07-18T00:00:00,543009.0508,543009.0508,4810208.3296,4810208.3296,False,True,False,False,True,False,,False,False,unmatched_asset,2019-05-07T00:00:00,1,False,1,False
Water_Main_Breaks_-8394745777553033727.csv,2384,10389,10389,1240,1240,11/23/2008 12:00:00 AM,2008-11-23T00:00:00,MAIN,MAIN,,,,,,,,,,,REPAIR COMPLETED,REPAIR COMPLETED,12/15/2011 3:38:27 PM,2011-12-15T15:38:27,204074,204074,,,UNKNOWN,UNKNOWN,OTHER,OTHER,,,,,,,,,,,,,CATEGORY 1,CATEGORY 1,12947,12947,134,134,SCHWEITZER ST,SCHWEITZER ST,432,432,,,,,,,,,,,N,N,fa5b6c53-2487-4a6e-9668-c68b4c4a8b25,fa5b6c53-2487-4a6e-9668-c68b4c4a8b25,DAVIDV,DAVIDV,4/9/2019 12:00:00 AM,2019-04-09T00:00:00,543248.8231,543248.8231,4814512.1466,4814512.1466,False,True,False,False,True,False,,False,False,unmatched_asset,2008-11-23T00:00:00,1,False,1,False
Water_Main_Breaks_-8394745777553033727.csv,2386,10391,10391,1053,1053,1/11/2007 12:00:00 AM,2007-01-11T00:00:00,MAIN,MAIN,,,,,,,,,,,REPAIR COMPLETED,REPAIR COMPLETED,12/15/2011 3:38:27 PM,2011-12-15T15:38:27,168343,168343,,,UNKNOWN,UNKNOWN,OTHER,OTHER,,,,,,,,,,,,,CATEGORY 1,CATEGORY 1,12946,12946,122,122,SCHWEITZER ST,SCHWEITZER ST,441,441,,,,,,,,,,,N,N,a3bfc707-0a5b-410f-84c9-9db080ac19c3,a3bfc707-0a5b-410f-84c9-9db080ac19c3,DAVIDV,DAVIDV,4/9/2019 12:00:00 AM,2019-04-09T00:00:00,543183.2466,543183.2466,4814480.0707,4814480.0707,False,True,False,False,True,False,,False,False,unmatched_asset,2007-01-11T00:00:00,1,False,1,False
Water_Main_Breaks_-8394745777553033727.csv,2387,10392,10392,1935,1935,2/12/2014 12:00:00 AM,2014-02-12T00:00:00,MAIN,MAIN,,,,,,,,,,,REPAIR COMPLETED,REPAIR COMPLETED,8/8/2014 12:00:00 AM,2014-08-08T00:00:00,96463,96463,,,UNKNOWN,UNKNOWN,OTHER,OTHER,,,,,,,,,,,,,CATEGORY 1,CATEGORY 1,12958,12958,99,99,SCHWEITZER ST,SCHWEITZER ST,440,440,,,,,300,300,1978,1978,DI,DI,N,N,cfeaa1b4-668f-410b-9582-6213b28bb123,cfeaa1b4-668f-410b-9582-6213b28bb123,DAVIDV,DAVIDV,4/9/2019 12:00:00 AM,2019-04-09T00:00:00,543034.8102,543034.8102,4814408.051,4814408.051,False,True,False,False,True,False,,False,False,unmatched_asset,2014-02-12T00:00:00,1,False,1,False
Water_Main_Breaks_-8394745777553033727.csv,2388,10393,10393,649,649,12/19/1999 12:00:00 AM,1999-12-19T00:00:00,MAIN,MAIN,,,,,,,,,,,REPAIR COMPLETED,REPAIR COMPLETED,12/15/2011 3:38:27 PM,2011-12-15T15:38:27,,,,,UNKNOWN,UNKNOWN,OTHER,OTHER,,,,,,,,,,,,,CATEGORY 1,CATEGORY 1,12958,12958,99,99,SCHWEITZER ST,SCHWEITZER ST,440,440,,,,,300,300,1978,1978,DI,DI,N,N,e53b2998-fe82-4a6a-af95-33d40e808e77,e53b2998-fe82-4a6a-af95-33d40e808e77,DAVIDV,DAVIDV,4/9/2019 12:00:00 AM,2019-04-09T00:00:00,543032.3295,543032.3295,4814406.8176,4814406.8176,False,True,False,False,True,False,,False,False,unmatched_asset,1999-12-19T00:00:00,1,False,1,False
Water_Main_Breaks_-8394745777553033727.csv,2389,10394,10394,650,650,1/14/2003 12:00:00 AM,2003-01-14T00:00:00,MAIN,MAIN,,,,,,,,,,,REPAIR COMPLETED,REPAIR COMPLETED,12/15/2011 3:38:27 PM,2011-12-15T15:38:27,,,,,UNKNOWN,UNKNOWN,OTHER,OTHER,,,,,,,,,,,,,CATEGORY 1,CATEGORY 1,12958,12958,99,99,SCHWEITZER ST,SCHWEITZER ST,440,440,,,,,300,300,1978,1978,DI,DI,N,N,f288540a-9d43-435b-abba-b5094aab40ef,f288540a-9d43-435b-abba-b5094aab40ef,DAVIDV,DAVIDV,4/9/2019 12:00:00 AM,2019-04-09T00:00:00,543038.6367,543038.6367,4814409.9536,4814409.9536,False,True,False,False,True,False,,False,False,unmatched_asset,2003-01-14T00:00:00,1,False,1,False
Water_Main_Breaks_-8394745777553033727.csv,2390,10395,10395,645,645,1/19/1999 12:00:00 AM,1999-01-19T00:00:00,MAIN,MAIN,,,,,,,,,,,REPAIR COMPLETED,REPAIR COMPLETED,12/15/2011 3:38:27 PM,2011-12-15T15:38:27,,,,,UNKNOWN,UNKNOWN,OTHER,OTHER,,,,,,,,,,,,,CATEGORY 1,CATEGORY 1,12575,12575,28,28,SCHWEITZER ST,SCHWEITZER ST,442,442,,,,,,,,,,,N,N,8d013c13-85f1-4007-b488-8f0307a42185,8d013c13-85f1-4007-b488-8f0307a42185,DAVIDV,DAVIDV,4/9/2019 12:00:00 AM,2019-04-09T00:00:00,542655.57,542655.57,4814237.053,4814237.053,False,True,False,False,True,False,,False,False,unmatched_asset,1999-01-19T00:00:00,1,False,1,False
Water_Main_Breaks_-8394745777553033727.csv,2391,10396,10396,647,647,1/24/1999 12:00:00 AM,1999-01-24T00:00:00,MAIN,MAIN,,,,,,,,,,,REPAIR COMPLETED,REPAIR COMPLETED,12/15/2011 3:38:27 PM,2011-12-15T15:38:27,,,,,UNKNOWN,UNKNOWN,OTHER,OTHER,,,,,,,,,,,,,CATEGORY 1,CATEGORY 1,12575,12575,26,26,SCHWEITZER ST,SCHWEITZER ST,442,442,,,,,,,,,,,N,N,0850c1a5-cfc4-4c31-b18e-52b58f15cd18,0850c1a5-cfc4-4c31-b18e-52b58f15cd18,DAVIDV,DAVIDV,4/9/2019 12:00:00 AM,2019-04-09T00:00:00,542637.3971,542637.3971,4814229.1085,4814229.1085,False,True,False,False,True,False,,False,False,unmatched_asset,1999-01-24T00:00:00,1,False,1,False
Water_Main_Breaks_-8394745777553033727.csv,2392,10397,10397,2100,2100,1/21/2015 12:00:00 AM,2015-01-21T00:00:00,MAIN,MAIN,,,,,,,,,,,REPAIR COMPLETED,REPAIR COMPLETED,4/15/2015 12:00:00 AM,2015-04-15T00:00:00,125309,125309,,,UNKNOWN,UNKNOWN,OTHER,OTHER,,,,,,,,,,,,,CATEGORY 1,CATEGORY 1,12946,12946,111,111,SCHWEITZER ST,SCHWEITZER ST,441,441,,,,,,,,,,,N,N,b2cbf410-a32e-4799-be40-bac0a43a1e2c,b2cbf410-a32e-4799-be40-bac0a43a1e2c,DAVIDV,DAVIDV,4/9/2019 12:00:00 AM,2019-04-09T00:00:00,543106.06,543106.06,4814443.1089,4814443.1089,False,True,False,False,True,False,,False,False,unmatched_asset,2015-01-21T00:00:00,1,False,1,False
Water_Main_Breaks_-8394745777553033727.csv,2393,10398,10398,646,646,1/20/1999 12:00:00 AM,1999-01-20T00:00:00,MAIN,MAIN,,,,,,,,,,,REPAIR COMPLETED,REPAIR COMPLETED,12/15/2011 3:38:27 PM,2011-12-15T15:38:27,,,,,UNKNOWN,UNKNOWN,OTHER,OTHER,,,,,,,,,,,,,CATEGORY 1,CATEGORY 1,12575,12575,28,28,SCHWEITZER ST,SCHWEITZER ST,442,442,,,,,,,,,,,N,N,f90f2901-9e70-4cf0-b438-d0f476c51932,f90f2901-9e70-4cf0-b438-d0f476c51932,DAVIDV,DAVIDV,4/9/2019 12:00:00 AM,2019-04-09T00:00:00,542662.2028,542662.2028,4814239.9525,4814239.9525,False,True,False,False,True,False,,False,False,unmatched_asset,1999-01-20T00:00:00,1,False,1,False
Water_Main_Breaks_-8394745777553033727.csv,2394,10399,10399,1560,1560,12/27/2010 12:00:00 AM,2010-12-27T00:00:00,MAIN,MAIN,,,,,,,,,,,REPAIR COMPLETED,REPAIR COMPLETED,12/15/2011 3:38:27 PM,2011-12-15T15:38:27,38705,38705,,,CIRCUMFERENTIAL,CIRCUMFERENTIAL,COMBINATION,COMBINATION,,,,,,,,,,,,,CATEGORY 1,CATEGORY 1,12954,12954,54,54,STANLEY AVE,STANLEY AVE,440,440,,,,,300,300,1978,1978,DI,DI,N,N,aaa7827d-431d-4087-82dc-c6d5ff749568,aaa7827d-431d-4087-82dc-c6d5ff749568,DAVIDV,DAVIDV,4/9/2019 12:00:00 AM,2019-04-09T00:00:00,542936.4235,542936.4235,4814359.8452,4814359.8452,False,True,False,False,True,False,,False,False,unmatched_asset,2010-12-27T00:00:00,1,False,1,False
Water_Main_Breaks_-8394745777553033727.csv,2396,10401,10401,653,653,2/26/2003 12:00:00 AM,2003-02-26T00:00:00,MAIN,MAIN,,,,,,,,,,,REPAIR COMPLETED,REPAIR COMPLETED,12/15/2011 3:38:27 PM,2011-12-15T15:38:27,,,,,UNKNOWN,UNKNOWN,OTHER,OTHER,,,,,,,,,,,,,CATEGORY 1,CATEGORY 1,12946,12946,120,120,SCHWEITZER ST,SCHWEITZER ST,441,441,,,,,,,,,,,N,N,91861374-1fe7-4e16-b696-48b868c9b93d,91861374-1fe7-4e16-b696-48b868c9b93d,DAVIDV,DAVIDV,4/9/2019 12:00:00 AM,2019-04-09T00:00:00,543161.744,543161.744,4814469.8044,4814469.8044,False,True,False,False,True,False,,False,False,unmatched_asset,2003-02-26T00:00:00,1,False,1,False
Water_Main_Breaks_-8394745777553033727.csv,2397,10402,10402,652,652,2/24/2003 12:00:00 AM,2003-02-24T00:00:00,MAIN,MAIN,,,,,,,,,,,REPAIR COMPLETED,REPAIR COMPLETED,12/15/2011 3:38:27 PM,2011-12-15T15:38:27,,,,,UNKNOWN,UNKNOWN,OTHER,OTHER,,,,,,,,,,,,,CATEGORY 1,CATEGORY 1,12946,12946,122,122,SCHWEITZER ST,SCHWEITZER ST,441,441,,,,,,,,,,,N,N,e3425ebf-06c4-4018-8953-ae58c6ff04c7,e3425ebf-06c4-4018-8953-ae58c6ff04c7,DAVIDV,DAVIDV,4/9/2019 12:00:00 AM,2019-04-09T00:00:00,543179.329,543179.329,4814478.2003,4814478.2003,False,True,False,False,True,False,,False,False,unmatched_asset,2003-02-24T00:00:00,1,False,1,False
Water_Main_Breaks_-8394745777553033727.csv,2398,10403,10403,1649,1649,12/15/2011 3:38:26 PM,2011-12-15T15:38:26,MAIN,MAIN,,,,,,,,,,,REPAIR COMPLETED,REPAIR COMPLETED,12/15/2011 3:38:26 PM,2011-12-15T15:38:26,,,,,UNKNOWN,UNKNOWN,OTHER,OTHER,,,,,,,,,,,,,CATEGORY 1,CATEGORY 1,12575,12575,22,22,SCHWEITZER ST,SCHWEITZER ST,442,442,,,,,,,,,,,N,N,2856d12e-af01-4b4b-af30-4b6a27c1a8c0,2856d12e-af01-4b4b-af30-4b6a27c1a8c0,DAVIDV,DAVIDV,4/9/2019 12:00:00 AM,2019-04-09T00:00:00,542628.9496,542628.9496,4814225.4156,4814225.4156,False,True,False,False,True,False,,False,False,unmatched_asset,2011-12-15T00:00:00,2,True,2,True
Water_Main_Breaks_-8394745777553033727.csv,2399,10404,10404,1650,1650,12/15/2011 3:38:26 PM,2011-12-15T15:38:26,MAIN,MAIN,,,,,,,,,,,REPAIR COMPLETED,REPAIR COMPLETED,12/15/2011 3:38:26 PM,2011-12-15T15:38:26,,,,,UNKNOWN,UNKNOWN,OTHER,OTHER,,,,,,,,,,,,,CATEGORY 1,CATEGORY 1,12575,12575,28,28,SCHWEITZER ST,SCHWEITZER ST,442,442,,,,,,,,,,,N,N,28127933-1e75-4f29-b86a-7d93a4ec62b3,28127933-1e75-4f29-b86a-7d93a4ec62b3,DAVIDV,DAVIDV,4/9/2019 12:00:00 AM,2019-04-09T00:00:00,542648.5523,542648.5523,4814233.9852,4814233.9852,False,True,False,False,True,False,,False,False,unmatched_asset,2011-12-15T00:00:00,2,True,2,True
Water_Main_Breaks_-8394745777553033727.csv,2400,10405,10405,654,654,3/30/2003 12:00:00 AM,2003-03-30T00:00:00,MAIN,MAIN,,,,,,,,,,,REPAIR COMPLETED,REPAIR COMPLETED,12/15/2011 3:38:27 PM,2011-12-15T15:38:27,,,,,UNKNOWN,UNKNOWN,OTHER,OTHER,,,,,,,,,,,,,CATEGORY 1,CATEGORY 1,12947,12947,142,142,SCHWEITZER ST,SCHWEITZER ST,432,432,,,,,,,,,,,N,N,3c32c5b8-46ad-4b82-bbd6-1a85474e56c3,3c32c5b8-46ad-4b82-bbd6-1a85474e56c3,DAVIDV,DAVIDV,4/9/2019 12:00:00 AM,2019-04-09T00:00:00,543317.4319,543317.4319,4814545.1413,4814545.1413,False,True,False,False,True,False,,False,False,unmatched_asset,2003-03-30T00:00:00,1,False,1,False
Water_Main_Breaks_-8394745777553033727.csv,2401,10406,10406,648,648,11/28/2000 12:00:00 AM,2000-11-28T00:00:00,MAIN,MAIN,,,,,,,,,,,REPAIR COMPLETED,REPAIR COMPLETED,12/15/2011 3:38:27 PM,2011-12-15T15:38:27,,,,,UNKNOWN,UNKNOWN,OTHER,OTHER,,,,,,,,,,,,,CATEGORY 1,CATEGORY 1,12575,12575,40,40,SCHWEITZER ST,SCHWEITZER ST,442,442,,,,,,,,,,,N,N,5ee5194e-4da6-4f19-b854-98fff4216995,5ee5194e-4da6-4f19-b854-98fff4216995,DAVIDV,DAVIDV,4/9/2019 12:00:00 AM,2019-04-09T00:00:00,542712.0436,542712.0436,4814261.7405,4814261.7405,False,True,False,False,True,False,,False,False,unmatched_asset,2000-11-28T00:00:00,1,False,1,False
Water_Main_Breaks_-8394745777553033727.csv,2402,10407,10407,651,651,1/1/2005 12:00:00 AM,2005-01-01T00:00:00,MAIN,MAIN,,,,,,,,,,,REPAIR COMPLETED,REPAIR COMPLETED,12/15/2011 3:38:27 PM,2011-12-15T15:38:27,,,,,UNKNOWN,UNKNOWN,OTHER,OTHER,,,,,,,,,,,,,CATEGORY 1,CATEGORY 1,12958,12958,82,82,SCHWEITZER ST,SCHWEITZER ST,440,440,,,,,300,300,1978,1978,DI,DI,N,N,f284d412-2b59-4f72-9a7b-2b7eadbe16d6,f284d412-2b59-4f72-9a7b-2b7eadbe16d6,DAVIDV,DAVIDV,4/9/2019 12:00:00 AM,2019-04-09T00:00:00,542959.7248,542959.7248,4814370.7193,4814370.7193,False,True,False,False,True,False,,False,False,unmatched_asset,2005-01-01T00:00:00,1,False,1,False
Water_Main_Breaks_-8394745777553033727.csv,2403,10408,10408,1229,1229,9/14/2008 12:00:00 AM,2008-09-14T00:00:00,MAIN,MAIN,,,,,,,,,,,REPAIR COMPLETED,REPAIR COMPLETED,12/15/2011 3:38:27 PM,2011-12-15T15:38:27,200488,200488,,,UNKNOWN,UNKNOWN,OTHER,OTHER,,,,,,,,,,,,,CATEGORY 1,CATEGORY 1,12946,12946,112,112,SCHWEITZER ST,SCHWEITZER ST,441,441,,,,,,,,,,,N,N,d5d58015-97c0-4b2e-a7b5-eeda58965512,d5d58015-97c0-4b2e-a7b5-eeda58965512,DAVIDV,DAVIDV,4/9/2019 12:00:00 AM,2019-04-09T00:00:00,543140.1253,543140.1253,4814459.4687,4814459.4687,False,True,False,False,True,False,,False,False,unmatched_asset,2008-09-14T00:00:00,1,False,1,False
Water_Main_Breaks_-8394745777553033727.csv,2404,10409,10409,2423,2423,1/31/2019 12:00:00 AM,2019-01-31T00:00:00,MAIN,MAIN,,,,,,,,,,,REPAIR COMPLETED,REPAIR COMPLETED,2/26/2019 12:00:00 AM,2019-02-26T00:00:00,236987,236987,,,UNKNOWN,UNKNOWN,OTHER,OTHER,,,,,,,,,,,,,CATEGORY 1,CATEGORY 1,13297,13297,30,30,THIRD AVE,THIRD AVE,37770,37770,,,,,150,150,1953,1953,CI,CI,N,N,704a8def-ca20-4deb-a34c-bfbf6865cc3d,704a8def-ca20-4deb-a34c-bfbf6865cc3d,GIS_DATA,GIS_DATA,4/9/2019 12:00:00 AM,2019-04-09T00:00:00,544181.7194,544181.7194,4809199.1255,4809199.1255,False,True,False,False,True,False,,False,False,unmatched_asset,2019-01-31T00:00:00,1,False,1,False
Water_Main_Breaks_-8394745777553033727.csv,2409,10414,10414,2427,2427,2/4/2019 12:00:00 AM,2019-02-04T00:00:00,MAIN,MAIN,,,,,,,,,,,REPAIR COMPLETED,REPAIR COMPLETED,4/9/2019 12:00:00 AM,2019-04-09T00:00:00,237265,237265,,,CIRCUMFERENTIAL,CIRCUMFERENTIAL,AGE,AGE,,,,,,,,,,,,,CATEGORY 1,CATEGORY 1,9988,9988,178,178,FRANKLIN ST S,FRANKLIN ST S,15450,15450,,,,,,,,,,,N,N,0dbf08cc-27f6-468b-9666-aa71a1476f72,0dbf08cc-27f6-468b-9666-aa71a1476f72,GIS_DATA,GIS_DATA,4/9/2019 12:00:00 AM,2019-04-09T00:00:00,544385.5459,544385.5459,4808603.9935,4808603.9935,False,True,False,False,True,False,,False,False,unmatched_asset,2019-02-04T00:00:00,1,False,1,False
Water_Main_Breaks_-8394745777553033727.csv,2410,10415,10415,2428,2428,2/5/2019 12:00:00 AM,2019-02-05T00:00:00,MAIN,MAIN,,,,,,,,,,,REPAIR COMPLETED,REPAIR COMPLETED,4/9/2019 12:00:00 AM,2019-04-09T00:00:00,237359,237359,,,CIRCUMFERENTIAL,CIRCUMFERENTIAL,AGE,AGE,,,,,,,,,,,,,CATEGORY 1,CATEGORY 1,10185,10185,381,381,WEBER ST E,WEBER ST E,40960,40960,,,,,,,,,,,N,N,d43ce09f-fca2-4c95-9891-c95c49bec608,d43ce09f-fca2-4c95-9891-c95c49bec608,GIS_DATA,GIS_DATA,4/9/2019 12:00:00 AM,2019-04-09T00:00:00,543011.0607,543011.0607,4810332.7832,4810332.7832,False,True,False,False,True,False,,False,False,unmatched_asset,2019-02-05T00:00:00,1,False,1,False
Water_Main_Breaks_-8394745777553033727.csv,2412,10417,10417,2430,2430,2/6/2019 12:00:00 AM,2019-02-06T00:00:00,MAIN,MAIN,,,,,,,,,,,REPAIR COMPLETED,REPAIR COMPLETED,4/9/2019 12:00:00 AM,2019-04-09T00:00:00,237412,237412,,,UNKNOWN,UNKNOWN,OTHER,OTHER,,,,,,,,,,,,,CATEGORY 1,CATEGORY 1,11743,11743,436,436,OTTAWA ST S,OTTAWA ST S,95460,95460,,,,,,,,,,,N,N,0df53774-c167-4a09-81da-0a5c4e64feca,0df53774-c167-4a09-81da-0a5c4e64feca,GIS_DATA,GIS_DATA,4/9/2019 12:00:00 AM,2019-04-09T00:00:00,542104.1534,542104.1534,4808838.0398,4808838.0398,False,True,False,False,True,False,,False,False,unmatched_asset,2019-02-06T00:00:00,1,False,1,False
Water_Main_Breaks_-8394745777553033727.csv,2422,10431,10431,2444,2444,3/21/2019 12:00:00 AM,2019-03-21T00:00:00,MAIN,MAIN,,,,,,,,,,,REPAIR COMPLETED,REPAIR COMPLETED,4/9/2019 12:00:00 AM,2019-04-09T00:00:00,240409,240409,,,FITTING/JOINT,FITTING/JOINT,AGE,AGE,,,,,,,,,,,,,CATEGORY 1,CATEGORY 1,6450,6450,35,35,ST CLAIR AVE,ST CLAIR AVE,35730,35730,,,,,,,,,,,N,N,f856d530-fcb4-4ed0-bcae-24ec3145cecf,f856d530-fcb4-4ed0-bcae-24ec3145cecf,GIS_DATA,GIS_DATA,4/9/2019 12:00:00 AM,2019-04-09T00:00:00,540824.4516,540824.4516,4809511.3461,4809511.3461,False,True,False,False,True,False,,False,False,unmatched_asset,2019-03-21T00:00:00,1,False,1,False
Water_Main_Breaks_-8394745777553033727.csv,2430,10562,10562,136194,136194,7/26/2019 12:00:00 AM,2019-07-26T00:00:00,MAIN,MAIN,Open,Open,Open,Open,8-12 hours,8-12 hours,,,,,REPAIR COMPLETED,REPAIR COMPLETED,9/24/2019 12:00:00 AM,2019-09-24T00:00:00,251498,251498,,,OTHER,OTHER,CORROSION,CORROSION,,,,,,,,,,,,,,,20955,20955,124,124,NORTH DR,NORTH DR,25510,25510,1.27,1.27,,,,,,,,,N,N,fbaab3fb-8994-4aa6-b141-054b05e344c0,fbaab3fb-8994-4aa6-b141-054b05e344c0,GIS DATA,GIS DATA,9/24/2019 12:00:00 AM,2019-09-24T00:00:00,540014.5614,540014.5614,4809765.258,4809765.258,False,True,False,False,True,False,,False,False,unmatched_asset,2019-07-26T00:00:00,1,False,1,False
Water_Main_Breaks_-8394745777553033727.csv,2433,10566,10566,136198,136198,8/14/2019 12:00:00 AM,2019-08-14T00:00:00,MAIN,MAIN,Open,Open,Open,Open,8-12 hours,8-12 hours,,,,,REPAIR COMPLETED,REPAIR COMPLETED,9/24/2019 12:00:00 AM,2019-09-24T00:00:00,25920,25920,,,OTHER,OTHER,AGE,AGE,,,,,,,,,,,,,,,6759,6759,19,19,WEBER ST E,WEBER ST E,90446,90446,1.83,1.83,,,,,,,,,N,N,d5af4e35-adfe-401c-a021-f6ccfaf13e9b,d5af4e35-adfe-401c-a021-f6ccfaf13e9b,GIS DATA,GIS DATA,9/24/2019 12:00:00 AM,2019-09-24T00:00:00,541582.6783,541582.6783,4811066.8104,4811066.8104,False,True,False,False,True,False,,False,False,unmatched_asset,2019-08-14T00:00:00,1,False,1,False
Water_Main_Breaks_-8394745777553033727.csv,2434,10567,10567,136199,136199,8/14/2019 12:00:00 AM,2019-08-14T00:00:00,MAIN,MAIN,Open,Open,Open,Open,8-12 hours,8-12 hours,,,,,REPAIR COMPLETED,REPAIR COMPLETED,9/24/2019 12:00:00 AM,2019-09-24T00:00:00,252920,252920,,,OTHER,OTHER,AGE,AGE,,,,,,,,,,,,,,,6759,6759,19,19,WEBER ST E,WEBER ST E,95014,95014,1.83,1.83,,,,,,,,,N,N,7d914b04-941a-42f0-bede-1bbceeb516ab,7d914b04-941a-42f0-bede-1bbceeb516ab,GIS DATA,GIS DATA,9/24/2019 12:00:00 AM,2019-09-24T00:00:00,541584.7132,541584.7132,4811066.4824,4811066.4824,False,True,False,False,True,False,,False,False,unmatched_asset,2019-08-14T00:00:00,1,False,1,False
Water_Main_Breaks_-8394745777553033727.csv,2435,10569,10569,136201,136201,8/24/2019 12:00:00 AM,2019-08-24T00:00:00,MAIN,MAIN,Open,Open,Open,Open,8-12 hours,8-12 hours,,,,,REPAIR COMPLETED,REPAIR COMPLETED,9/24/2019 12:00:00 AM,2019-09-24T00:00:00,253877,253877,,,LONGITUDINAL,LONGITUDINAL,AGE,AGE,,,,,,,,,,,,,,,9872,9872,160,160,BRUCE ST,BRUCE ST,4950,4950,1.524,1.524,,,,,,,,,N,N,1f629d9c-c169-42cc-a2e9-4e5048aaa4b7,1f629d9c-c169-42cc-a2e9-4e5048aaa4b7,GIS DATA,GIS DATA,9/24/2019 12:00:00 AM,2019-09-24T00:00:00,543138.7959,543138.7959,4811803.2077,4811803.2077,False,True,False,False,True,False,,False,False,unmatched_asset,2019-08-24T00:00:00,1,False,1,False
Water_Main_Breaks_-8394745777553033727.csv,2438,10572,10572,136204,136204,8/28/2019 12:00:00 AM,2019-08-28T00:00:00,MAIN,MAIN,Open,Open,Open,Open,8-12 hours,8-12 hours,,,,,REPAIR COMPLETED,REPAIR COMPLETED,9/24/2019 12:00:00 AM,2019-09-24T00:00:00,254061,254061,,,OTHER,OTHER,UNKNOWN,UNKNOWN,,,,,,,,,,,,,,,12115,12115,2880,2880,KING ST E,KING ST E,65390,65390,,,,,150,150,2000,2000,PVC,PVC,N,N,4d557ac0-71ff-4d9d-a8c1-4f1550fe1a51,4d557ac0-71ff-4d9d-a8c1-4f1550fe1a51,GIS DATA,GIS DATA,9/24/2019 12:00:00 AM,2019-09-24T00:00:00,545646.6085,545646.6085,4808709.3836,4808709.3836,False,True,False,False,True,False,,False,False,unmatched_asset,2019-08-28T00:00:00,1,False,1,False
Water_Main_Breaks_-8394745777553033727.csv,2444,10881,10881,136233,136233,10/1/2019 3:23:00 PM,2019-10-01T15:23:00,SERVICE,SERVICE,Open,Open,Open,Open,20-24 hours,20-24 hours,0,0,,,REPAIR COMPLETED,REPAIR COMPLETED,,,259516,259516,,,OTHER,OTHER,UNKNOWN,UNKNOWN,,,,,,,,,,,,,,,40347,40347,482,482,HEARTHWOOD DR,HEARTHWOOD DR,4115199,4115199,,,,,25,25,2001,2001,XXX,XXX,Y,Y,78cbfc41-7d8f-4ec1-ac9b-c9ce48237bf1,78cbfc41-7d8f-4ec1-ac9b-c9ce48237bf1,,,,,544199.9953,544199.9953,4803343.3202,4803343.3202,False,False,False,False,True,False,,False,False,not_main,2019-10-01T00:00:00,1,False,0,False
Water_Main_Breaks_-8394745777553033727.csv,2448,12801,12801,185295,185295,11/15/2019 11:29:46 AM,2019-11-15T11:29:46,MAIN,MAIN,Closed,Closed,Open,Open,4-8 hours,4-8 hours,50-100,50-100,-1280222931,-1280222931,REPAIR COMPLETED,REPAIR COMPLETED,,,261125,261125,,,CIRCUMFERENTIAL,CIRCUMFERENTIAL,AGE,AGE,CLAMP,CLAMP,,,,,,,,,,,CATEGORY 1,CATEGORY 1,12094,12094,113,113,FLORENCE AVE,FLORENCE AVE,14700,14700,,,0,0,,,,,,,N,N,1f521d2e-a390-4cc0-b642-d8b68489292b,1f521d2e-a390-4cc0-b642-d8b68489292b,DAVIDV,DAVIDV,10/25/2021 9:34:19 AM,2021-10-25T09:34:19,545763.4907,545763.4907,4808953.2501,4808953.2501,False,True,False,False,True,False,,False,False,unmatched_asset,2019-11-15T00:00:00,1,False,1,False
Water_Main_Breaks_-8394745777553033727.csv,2455,14721,14721,185836,185836,12/7/2019 2:01:16 PM,2019-12-07T14:01:16,MAIN,MAIN,Closed,Closed,Open,Open,8-12 hours,8-12 hours,50-100,50-100,,,REPAIR COMPLETED,REPAIR COMPLETED,,,263176,263176,,,,,,,,,,,,,,,,,,,,,23041,23041,281,281,THALER AVE,THALER AVE,37620,37620,,,,,,,,,,,N,N,57334c32-536f-4e74-a841-ea3a06497783,57334c32-536f-4e74-a841-ea3a06497783,,,,,546307.737,546307.737,4808922.4783,4808922.4783,False,True,False,False,True,False,,False,False,unmatched_asset,2019-12-07T00:00:00,1,False,1,False
Water_Main_Breaks_-8394745777553033727.csv,2457,15042,15042,192437,192437,11/10/2019 8:26:10 AM,2019-11-10T08:26:10,MAIN,MAIN,Open,Open,Open,Open,4-8 hours,4-8 hours,0-50,0-50,,,REPAIR COMPLETED,REPAIR COMPLETED,,,261125,261125,,,,,,,,,,,,,,,,,,,,,12094,12094,113,113,FLORENCE AVE,FLORENCE AVE,14700,14700,,,,,,,,,,,N,N,5d617101-4bac-4284-a352-3da78abac2b0,5d617101-4bac-4284-a352-3da78abac2b0,DAVIDV,DAVIDV,10/25/2021 9:34:34 AM,2021-10-25T09:34:34,545762.7302,545762.7302,4808952.6374,4808952.6374,False,True,False,False,True,False,,False,False,unmatched_asset,2019-11-10T00:00:00,1,False,1,False
Water_Main_Breaks_-8394745777553033727.csv,2459,15681,15681,192496,192496,12/12/2019 9:04:15 PM,2019-12-12T21:04:15,MAIN,MAIN,Closed,Closed,Open,Open,8-12 hours,8-12 hours,0-50,0-50,,,REPAIR COMPLETED,REPAIR COMPLETED,,,263739,263739,,,,,,,,,,,,,,,,,,,,,12610,12610,54,54,BRIDGE ST W,BRIDGE ST W,4530,4530,,,,,,,,,,,N,N,f3fba87b-a486-4c64-8e79-51cf6da43d19,f3fba87b-a486-4c64-8e79-51cf6da43d19,,,,,541588.8134,541588.8134,4814637.3382,4814637.3382,False,True,False,False,True,False,,False,False,unmatched_asset,2019-12-12T00:00:00,1,False,1,False
Water_Main_Breaks_-8394745777553033727.csv,2471,18881,18881,192856,192856,1/5/2020 5:01:28 PM,2020-01-05T17:01:28,MAIN,MAIN,Closed,Closed,Open,Open,4-8 hours,4-8 hours,0-50,0-50,,,REPAIR COMPLETED,REPAIR COMPLETED,,,268036,268036,,,CIRCUMFERENTIAL,CIRCUMFERENTIAL,AGE,AGE,CLAMP,CLAMP,,,,,,,,,,,CATEGORY 1,CATEGORY 1,23041,23041,246,246,THALER AVE,THALER AVE,37620,37620,,,,,,,,,,,N,N,e4a33543-8fb5-41ed-92f1-cfcb1d84c30a,e4a33543-8fb5-41ed-92f1-cfcb1d84c30a,,,,,546212.9282,546212.9282,4808986.0825,4808986.0825,False,True,False,False,True,False,,False,False,unmatched_asset,2020-01-05T00:00:00,1,False,1,False
Water_Main_Breaks_-8394745777553033727.csv,2473,19841,19841,193076,193076,1/17/2020 10:24:37 AM,2020-01-17T10:24:37,SERVICE,SERVICE,Open,Open,Open,Open,20-24 hours,20-24 hours,0-50,0-50,,,REPAIR COMPLETED,REPAIR COMPLETED,,,269124,269124,,,,,,,,,,,,,,,,,,,,,11399,11399,239,239,MILL ST,MILL ST,4101474,4101474,,,,,,,,,,,N,N,9a713e64-7b60-4fc1-a2a2-be2e0c9a29df,9a713e64-7b60-4fc1-a2a2-be2e0c9a29df,,,,,541509.7265,541509.7265,4809475.0518,4809475.0518,False,False,False,False,True,False,,False,False,not_main,2020-01-17T00:00:00,1,False,0,False
Water_Main_Breaks_-8394745777553033727.csv,2488,22721,22721,193557,193557,2/27/2020 7:42:39 AM,2020-02-27T07:42:39,MAIN,MAIN,Closed,Closed,Open,Open,8-12 hours,8-12 hours,0-50,0-50,,,REPAIR COMPLETED,REPAIR COMPLETED,,,272103,272103,,,CIRCUMFERENTIAL,CIRCUMFERENTIAL,,,CLAMP,CLAMP,,,,,,,,,,,CATEGORY 1,CATEGORY 1,8732,8732,30,30,WESTWOOD CRES,WESTWOOD CRES,42890,42890,,,,,,,,,,,N,N,f8306243-8bcf-47f0-b5a6-431031431e23,f8306243-8bcf-47f0-b5a6-431031431e23,,,,,538137.5543,538137.5543,4810486.4044,4810486.4044,False,True,False,False,True,False,,False,False,unmatched_asset,2020-02-27T00:00:00,1,False,1,False
Water_Main_Breaks_-8394745777553033727.csv,2493,23682,23682,193757,193757,3/9/2020 9:53:30 AM,2020-03-09T09:53:30,SERVICE,SERVICE,Open,Open,Open,Open,4-8 hours,4-8 hours,0-50,0-50,,,REPAIR COMPLETED,REPAIR COMPLETED,6/4/2026 10:53:33 AM,2026-06-04T10:53:33,273185,273185,,,,,,,,,,,,,,,,,,,,,6277,6277,50,50,WESTMOUNT RD W,WESTMOUNT RD W,4736453,4736453,,,,,300,300,2017,2017,PVC,PVC,Y,Y,95cb5811-5f18-4a0b-9c3d-e2ba2570e9a9,95cb5811-5f18-4a0b-9c3d-e2ba2570e9a9,,,,,539559.254,539559.254,4809206.8246,4809206.8246,False,False,False,False,True,False,,False,False,not_main,2020-03-09T00:00:00,1,False,0,False
Water_Main_Breaks_-8394745777553033727.csv,2495,24001,24001,195344,195344,5/15/2020 10:33:19 PM,2020-05-15T22:33:19,SERVICE,SERVICE,Closed,Closed,Partially Closed,Partially Closed,4-8 hours,4-8 hours,0-50,0-50,,,REPAIR COMPLETED,REPAIR COMPLETED,,,276789,276789,,,FITTING/JOINT,FITTING/JOINT,,,OTHER,OTHER,,,,,,,,,,,CATEGORY 1,CATEGORY 1,70647,70647,95,95,TRAILWOOD CRES,TRAILWOOD CRES,4106236,4106236,,,,,25,25,1978,1978,XXX,XXX,Y,Y,debb5e28-3cc9-48bb-bef8-58aa114c93ef,debb5e28-3cc9-48bb-bef8-58aa114c93ef,,,,,536569.3273,536569.3273,4807357.2953,4807357.2953,False,False,False,False,True,False,,False,False,not_main,2020-05-15T00:00:00,1,False,0,False
Water_Main_Breaks_-8394745777553033727.csv,2497,24643,24643,197291,197291,6/3/2020 2:17:15 PM,2020-06-03T14:17:15,MAIN,MAIN,Open,Open,Open,Open,4-8 hours,4-8 hours,0-50,0-50,,,REPAIR COMPLETED,REPAIR COMPLETED,,,277859,277859,,,,,,,,,,,,,,,,,,,,,70030,70030,30,30,BURN PL,BURN PL,5110,5110,,,,,,,,,,,N,N,19fbf297-ba81-4f02-a0bf-9f6534ce696d,19fbf297-ba81-4f02-a0bf-9f6534ce696d,,,,,539838.1317,539838.1317,4809876.582,4809876.582,False,True,False,False,True,False,,False,False,unmatched_asset,2020-06-03T00:00:00,1,False,1,False
Water_Main_Breaks_-8394745777553033727.csv,2498,24669,24669,138494,138494,6/17/2020 8:01:33 AM,2020-06-17T08:01:33,SERVICE,SERVICE,Closed,Closed,Open,Open,8-12 hours,8-12 hours,0-50,0-50,,,REPAIR COMPLETED,REPAIR COMPLETED,,,278848,278848,6/18/2020 8:00:34 PM,2020-06-18T20:00:34,OTHER: WATER SERVICE,OTHER: WATER SERVICE,AGE,AGE,OTHER,OTHER,,,,,,,,,,,CATEGORY 1,CATEGORY 1,8668,8668,39,39,SHADELAND CRES,SHADELAND CRES,4111747,4111747,,,,,13,13,1972,1972,XXX,XXX,Y,Y,fb116480-aa03-4e4f-bd19-c65775690a74,fb116480-aa03-4e4f-bd19-c65775690a74,,,,,537699.0586,537699.0586,4809932.232,4809932.232,False,False,False,False,True,False,,False,False,not_main,2020-06-17T00:00:00,1,False,0,False
Water_Main_Breaks_-8394745777553033727.csv,2507,26882,26882,138956,138956,7/30/2020 4:24:35 PM,2020-07-30T16:24:35,MAIN,MAIN,Closed,Closed,Open,Open,4-8 hours,4-8 hours,0-50,0-50,,,CANCELLED,CANCELLED,,,282415,282415,,,LONGITUDINAL,LONGITUDINAL,,,CUTOUT,CUTOUT,,,,,,,"13843,753","13843,753","13843,540,753,833,866","13843,540,753,833,866",CATEGORY 1,CATEGORY 1,9896,9896,94,94,CAMBRIDGE AVE,CAMBRIDGE AVE,57690,57690,,,,,,,,,,,N,N,b5ab1c28-acdb-41b9-bb0d-4c93d4fd548b,b5ab1c28-acdb-41b9-bb0d-4c93d4fd548b,,,,,543415.6702,543415.6702,4811613.6152,4811613.6152,False,False,False,False,True,False,,False,False,repair_not_completed,2020-07-30T00:00:00,1,False,0,False
Water_Main_Breaks_-8394745777553033727.csv,2509,27521,27521,138994,138994,8/12/2020 2:17:58 PM,2020-08-12T14:17:58,MAIN,MAIN,Closed,Closed,Open,Open,20-24 hours,20-24 hours,0-50,0-50,,,REPAIR COMPLETED,REPAIR COMPLETED,,,283225,283225,,,CORROSION AND LONGITUDINAL,CORROSION AND LONGITUDINAL,,,CUTOUT,CUTOUT,,,,,,,,,,,CATEGORY 2,CATEGORY 2,9884,9884,4,4,CAMBRIDGE AVE,CAMBRIDGE AVE,5250,5250,,,,,,,,,,,N,N,652be4f4-8971-42c0-9ee5-076b99428e8f,652be4f4-8971-42c0-9ee5-076b99428e8f,,,,,543219.4432,543219.4432,4811852.017,4811852.017,False,True,False,False,True,False,,False,False,unmatched_asset,2020-08-12T00:00:00,1,False,1,False
Water_Main_Breaks_-8394745777553033727.csv,2515,29121,29121,139294,139294,10/20/2020 10:29:25 AM,2020-10-20T10:29:25,SERVICE,SERVICE,Partially Closed,Partially Closed,Open,Open,4-8 hours,4-8 hours,0-50,0-50,,,REPAIR COMPLETED,REPAIR COMPLETED,,,288412,288412,,,,,,,,,,,,,,,,,,,,,6578,6578,14,14,YAGER AVE,YAGER AVE,4092185,4092185,,,,,13,13,1963,1963,XXX,XXX,Y,Y,27f808d9-3d17-4878-ad6d-5d4c89865765,27f808d9-3d17-4878-ad6d-5d4c89865765,,,,,540904.9654,540904.9654,4808464.5967,4808464.5967,False,False,False,False,True,False,,False,False,not_main,2020-10-20T00:00:00,1,False,0,False
Water_Main_Breaks_-8394745777553033727.csv,2522,31362,31362,139656,139656,11/20/2020 2:19:47 PM,2020-11-20T14:19:47,MAIN,MAIN,Open,Open,Open,Open,4-8 hours,4-8 hours,0-50,0-50,,,REPAIR COMPLETED,REPAIR COMPLETED,,,291044,291044,,,CIRCUMFERENTIAL,CIRCUMFERENTIAL,CORROSION,CORROSION,CLAMP,CLAMP,,,,,,,,,,,CATEGORY 1,CATEGORY 1,10756,10756,100,100,HANSON AVE,HANSON AVE,18020,18020,,,,,,,,,,,N,N,97d48f03-2a6e-4dd3-b9fe-0a277a5bcced,97d48f03-2a6e-4dd3-b9fe-0a277a5bcced,,,,,542747.6837,542747.6837,4808279.5732,4808279.5732,False,True,False,False,True,False,,False,False,unmatched_asset,2020-11-20T00:00:00,1,False,1,False
Water_Main_Breaks_-8394745777553033727.csv,2540,33923,33923,140234,140234,1/9/2021 9:39:53 AM,2021-01-09T09:39:53,MAIN,MAIN,Closed,Closed,Open,Open,4-8 hours,4-8 hours,0-50,0-50,,,REPAIR COMPLETED,REPAIR COMPLETED,,,297639,297639,,,CORROSION,CORROSION,,,CUTOUT,CUTOUT,,,,,,,,,,,CATEGORY 1,CATEGORY 1,70030,70030,30,30,BURN PL,BURN PL,5110,5110,,,,,,,,,,,N,N,eb12068f-48d1-4f7a-a067-883d6575a578,eb12068f-48d1-4f7a-a067-883d6575a578,,,,,539832.9523,539832.9523,4809876.2206,4809876.2206,False,True,False,False,True,False,,False,False,unmatched_asset,2021-01-09T00:00:00,1,False,1,False
Water_Main_Breaks_-8394745777553033727.csv,2542,33925,33925,140294,140294,1/16/2021 8:30:32 AM,2021-01-16T08:30:32,MAIN,MAIN,Closed,Closed,Open,Open,4-8 hours,4-8 hours,0-50,0-50,,,CANCELLED,CANCELLED,,,298135,298135,,,,,,,,,,,,,,,"632,659","632,659",632,632,,,10427,10427,64,64,BOEHMER ST,BOEHMER ST,3680,3680,,,,,,,,,,,N,N,4ab4f0f3-960e-4a8d-882e-57dbec087fbe,4ab4f0f3-960e-4a8d-882e-57dbec087fbe,,,,,541285.3574,541285.3574,4812908.3472,4812908.3472,False,False,False,False,True,False,,False,False,repair_not_completed,2021-01-16T00:00:00,2,True,0,False
Water_Main_Breaks_-8394745777553033727.csv,2543,33926,33926,140296,140296,1/16/2021 8:31:03 AM,2021-01-16T08:31:03,MAIN,MAIN,Closed,Closed,Open,Open,4-8 hours,4-8 hours,0-50,0-50,,,REPAIR COMPLETED,REPAIR COMPLETED,,,298134,298134,,,,,,,,,,,,,,,,,,,,,10430,10430,58,58,BOEHMER ST,BOEHMER ST,3680,3680,,,0,0,,,,,,,N,N,72a3e429-c580-4d7b-a8a5-ef6e81f20639,72a3e429-c580-4d7b-a8a5-ef6e81f20639,,,,,541285.3522,541285.3522,4812900.2871,4812900.2871,False,True,False,False,True,False,,False,False,unmatched_asset,2021-01-16T00:00:00,2,True,1,False
Water_Main_Breaks_-8394745777553033727.csv,2544,33927,33927,140298,140298,1/16/2021 2:36:54 PM,2021-01-16T14:36:54,MAIN,MAIN,Closed,Closed,Open,Open,4-8 hours,4-8 hours,0-50,0-50,,,CANCELLED,CANCELLED,,,298138,298138,1/16/2021 6:30:05 PM,2021-01-16T18:30:05,CIRCUMFERENTIAL,CIRCUMFERENTIAL,CORROSION,CORROSION,CLAMP,CLAMP,,,,,,,585,585,585,585,CATEGORY 1,CATEGORY 1,10430,10430,58,58,BOEHMER ST,BOEHMER ST,80206,80206,,,0,0,,,,,,,N,N,d897adcd-39a7-413d-915e-df22ee3d77bc,d897adcd-39a7-413d-915e-df22ee3d77bc,,,,,541280.8051,541280.8051,4812898.5908,4812898.5908,False,False,False,False,True,False,,False,False,repair_not_completed,2021-01-16T00:00:00,1,False,0,False
Water_Main_Breaks_-8394745777553033727.csv,2553,35202,35202,140514,140514,2/10/2021 8:36:43 AM,2021-02-10T08:36:43,MAIN,MAIN,Open,Open,Open,Open,4-8 hours,4-8 hours,0-50,0-50,,,REPAIR COMPLETED,REPAIR COMPLETED,,,299413,299413,,,CIRCUMFERENTIAL,CIRCUMFERENTIAL,,,CLAMP,CLAMP,,,,,,,,,,,CATEGORY 1,CATEGORY 1,15837,15837,120,120,ISLINGTON AVE,ISLINGTON AVE,20470,20470,,,2,2,150,150,1955,1955,CI,CI,N,N,654ecd79-5c40-4d1d-adcd-3afbdb4cd3c1,654ecd79-5c40-4d1d-adcd-3afbdb4cd3c1,,,,,543559.8204,543559.8204,4811834.5072,4811834.5072,False,True,False,False,True,False,,False,False,unmatched_asset,2021-02-10T00:00:00,1,False,1,False
Water_Main_Breaks_-8394745777553033727.csv,2556,35841,35841,140654,140654,2/13/2021 8:24:13 AM,2021-02-13T08:24:13,SERVICE,SERVICE,Closed,Closed,Open,Open,4-8 hours,4-8 hours,50-100,50-100,,,REPAIR COMPLETED,REPAIR COMPLETED,,,299638,299638,2/14/2021 4:20:13 AM,2021-02-14T04:20:13,OTHER: WATER SERVICE,OTHER: WATER SERVICE,CORROSION,CORROSION,CUTOUT,CUTOUT,,,,,,,,,,,CATEGORY 1,CATEGORY 1,21006,21006,1273,1273,QUEENS BLVD,QUEENS BLVD,4089933,4089933,,,1,1,0,0,,,XXX,XXX,Y,Y,6965ff43-7e1b-45f1-b67d-65e609cb5803,6965ff43-7e1b-45f1-b67d-65e609cb5803,,,,,539453.4834,539453.4834,4808965.8796,4808965.8796,False,False,False,False,True,False,,False,False,not_main,2021-02-13T00:00:00,1,False,0,False
Water_Main_Breaks_-8394745777553033727.csv,2560,36482,36482,140716,140716,2/17/2021 9:53:29 AM,2021-02-17T09:53:29,MAIN,MAIN,Closed,Closed,Open,Open,20-24 hours,20-24 hours,0-50,0-50,,,CANCELLED,CANCELLED,,,299742,299742,,,,,,,,,,,,,,,,,,,,,0,0,,,,,0,0,,,,,,,,,,,N,N,c3e03c5c-1489-4eb2-88e4-645ea92bdf8c,c3e03c5c-1489-4eb2-88e4-645ea92bdf8c,,,,,556983.0485,556983.0485,4820814.069,4820814.069,False,False,False,False,True,True,,False,False,repair_not_completed,2021-02-17T00:00:00,3,True,0,False
Water_Main_Breaks_-8394745777553033727.csv,2561,36483,36483,140718,140718,2/17/2021 10:03:55 AM,2021-02-17T10:03:55,MAIN,MAIN,Closed,Closed,Open,Open,20-24 hours,20-24 hours,0-50,0-50,,,CANCELLED,CANCELLED,,,299744,299744,,,,,,,,,,,,,,,,,,,,,0,0,,,,,0,0,,,,,,,,,,,N,N,1ceaeaa1-570c-4a84-ab3a-8c0b1568d6af,1ceaeaa1-570c-4a84-ab3a-8c0b1568d6af,,,,,556983.0485,556983.0485,4820814.069,4820814.069,False,False,False,False,True,True,,False,False,repair_not_completed,2021-02-17T00:00:00,3,True,0,False
Water_Main_Breaks_-8394745777553033727.csv,2562,36484,36484,140720,140720,2/17/2021 12:05:32 PM,2021-02-17T12:05:32,MAIN,MAIN,Closed,Closed,Open,Open,20-24 hours,20-24 hours,0-50,0-50,,,CANCELLED,CANCELLED,,,299764,299764,,,,,,,,,,,,,,,,,,,,,0,0,,,,,0,0,,,,,,,,,,,N,N,50bb8e78-1a55-43cb-89ad-08707b9fcde0,50bb8e78-1a55-43cb-89ad-08707b9fcde0,,,,,556983.0485,556983.0485,4820814.069,4820814.069,False,False,False,False,True,True,,False,False,repair_not_completed,2021-02-17T00:00:00,3,True,0,False
Water_Main_Breaks_-8394745777553033727.csv,2575,38081,38081,141074,141074,3/1/2021 11:37:10 AM,2021-03-01T11:37:10,MAIN,MAIN,Open,Open,Open,Open,4-8 hours,4-8 hours,0-50,0-50,,,REPAIR COMPLETED,REPAIR COMPLETED,,,300439,300439,,,,,,,,,,,,,,,,,,,,,11278,11278,240,240,CHAPEL ST,CHAPEL ST,6500,6500,,,,,,,,,,,N,N,d57b71f1-e270-4454-85cf-41d53bd945ac,d57b71f1-e270-4454-85cf-41d53bd945ac,,,,,542748.025,542748.025,4811556.1783,4811556.1783,False,True,False,False,True,False,,False,False,unmatched_asset,2021-03-01T00:00:00,1,False,1,False
Water_Main_Breaks_-8394745777553033727.csv,2576,38082,38082,141134,141134,3/2/2021 11:47:27 AM,2021-03-02T11:47:27,SERVICE,SERVICE,Closed,Closed,Open,Open,4-8 hours,4-8 hours,0-50,0-50,,,REPAIR COMPLETED,REPAIR COMPLETED,,,300534,300534,,,OTHER: WATER SERVICE,OTHER: WATER SERVICE,CORROSION,CORROSION,OTHER,OTHER,,,,,,,,,,,CATEGORY 1,CATEGORY 1,10392,10392,207,207,ARNOLD ST,ARNOLD ST,4129184,4129184,,,,,25,25,1969,1969,XXX,XXX,Y,Y,c8597bb0-0fc7-49e0-9c9d-674e0debf9b8,c8597bb0-0fc7-49e0-9c9d-674e0debf9b8,,,,,541965.9191,541965.9191,4813023.0423,4813023.0423,False,False,False,False,True,False,,False,False,not_main,2021-03-02T00:00:00,1,False,0,False
Water_Main_Breaks_-8394745777553033727.csv,2601,44161,44161,144174,144174,11/30/2021 7:03:53 AM,2021-11-30T07:03:53,MAIN,MAIN,Partially Closed,Partially Closed,Closed,Closed,4-8 hours,4-8 hours,0-50,0-50,,,REPAIR COMPLETED,REPAIR COMPLETED,11/30/2021 6:14:21 PM,2021-11-30T18:14:21,322378,322378,11/30/2021 11:14:11 PM,2021-11-30T23:14:11,CIRCUMFERENTIAL,CIRCUMFERENTIAL,AGE,AGE,,,,,,,,,,,,,CATEGORY 1,CATEGORY 1,10863,10863,836,836,COURTLAND AVE E,COURTLAND AVE E,8420,8420,,,,,,,,,,,N,N,34d059bc-c463-447b-96be-5bc8d981b7e8,34d059bc-c463-447b-96be-5bc8d981b7e8,,,,,543097.1791,543097.1791,4808532.5696,4808532.5696,False,True,False,False,True,False,,False,False,unmatched_asset,2021-11-30T00:00:00,1,False,1,False
Water_Main_Breaks_-8394745777553033727.csv,2605,44483,44483,144254,144254,12/9/2021 7:43:04 AM,2021-12-09T07:43:04,SERVICE,SERVICE,Closed,Closed,Open,Open,4-8 hours,4-8 hours,0-50,0-50,,,CANCELLED,CANCELLED,9/15/2023 7:45:00 AM,2023-09-15T07:45:00,323207,323207,,,OTHER: WATER SERVICE,OTHER: WATER SERVICE,CORROSION,CORROSION,OTHER,OTHER,,,,,,,1539,1539,"1045,1539","1045,1539",,,70012,70012,34,34,SPRINGDALE DR,SPRINGDALE DR,4647883,4647883,,,,,25,25,1973,1973,PVC,PVC,N,N,a42c0c45-1f5d-4484-9ea3-04cf186f353d,a42c0c45-1f5d-4484-9ea3-04cf186f353d,,,,,541122.3733,541122.3733,4814064.532,4814064.532,False,False,False,False,True,False,,False,False,not_main,2021-12-09T00:00:00,1,False,0,False
Water_Main_Breaks_-8394745777553033727.csv,2609,45123,45123,144376,144376,12/26/2021 11:18:23 AM,2021-12-26T11:18:23,SERVICE,SERVICE,Open,Open,Open,Open,4-8 hours,4-8 hours,0-50,0-50,,,REPAIR COMPLETED,REPAIR COMPLETED,12/26/2021 11:18:23 AM,2021-12-26T11:18:23,328180,328180,,,,,,,,,,,,,,,,,,,,,10002,10002,108,108,FIFTH AVE,FIFTH AVE,4769517,4769517,,,,,25,25,,,PVC,PVC,Y,Y,a03129cf-4678-4636-9152-19b09873dbac,a03129cf-4678-4636-9152-19b09873dbac,,,,,544270.2041,544270.2041,4808897.1702,4808897.1702,False,False,False,False,True,False,,False,False,not_main,2021-12-26T00:00:00,1,False,0,False
Water_Main_Breaks_-8394745777553033727.csv,2617,46401,46401,144534,144534,1/5/2022 10:11:27 AM,2022-01-05T10:11:27,MAIN,MAIN,Open,Open,Open,Open,4-8 hours,4-8 hours,0-50,0-50,,,REPAIR COMPLETED,REPAIR COMPLETED,1/6/2022 9:30:19 AM,2022-01-06T09:30:19,328580,328580,,,,,,,,,,,,,,,,,,,,,9912,9912,94,94,CAMBRIDGE AVE,CAMBRIDGE AVE,5230,5230,,,,,,,,,,,N,N,5bf1e33b-a7e3-4482-9aac-39297a59c573,5bf1e33b-a7e3-4482-9aac-39297a59c573,,,,,543444.4584,543444.4584,4811578.4056,4811578.4056,False,True,False,False,True,False,,False,False,unmatched_asset,2022-01-05T00:00:00,1,False,1,False
Water_Main_Breaks_-8394745777553033727.csv,2627,48322,48322,144734,144734,1/21/2022 1:47:14 PM,2022-01-21T13:47:14,SERVICE,SERVICE,Partially Closed,Partially Closed,Open,Open,4-8 hours,4-8 hours,100-150,100-150,,,REPAIR COMPLETED,REPAIR COMPLETED,5/15/2023 4:09:46 PM,2023-05-15T16:09:46,329575,329575,,,,,,,,,,,,,,,"11350,4072","11350,4072","11350,4066,4072","11350,4066,4072",,,6693,6693,61,61,HALLS LANE W,HALLS LANE W,4662265,4662265,,,,,150,150,2013,2013,PE,PE,Y,Y,47d875e4-dfde-448e-9d2d-7c6d6f257faf,47d875e4-dfde-448e-9d2d-7c6d6f257faf,,,,,541129.9738,541129.9738,4810934.0405,4810934.0405,False,False,False,False,True,False,,False,False,not_main,2022-01-21T00:00:00,1,False,0,False
Water_Main_Breaks_-8394745777553033727.csv,2634,49282,49282,144974,144974,1/28/2022 9:40:47 AM,2022-01-28T09:40:47,SERVICE,SERVICE,Open,Open,Open,Open,4-8 hours,4-8 hours,0-50,0-50,,,REPAIR COMPLETED,REPAIR COMPLETED,1/28/2022 3:12:05 PM,2022-01-28T15:12:05,329977,329977,,,CIRCUMFERENTIAL,CIRCUMFERENTIAL,,,CLAMP,CLAMP,,,,,,,,,,,CATEGORY 1,CATEGORY 1,9378,9378,193,193,DUNDAS AVE,DUNDAS AVE,4093108,4093108,,,,,100,100,1977,1977,XXX,XXX,Y,Y,66496689-ccb3-44da-b414-af2b9a4e2a68,66496689-ccb3-44da-b414-af2b9a4e2a68,,,,,542476.3443,542476.3443,4809580.6654,4809580.6654,False,False,False,False,True,False,,False,False,not_main,2022-01-28T00:00:00,1,False,0,False
Water_Main_Breaks_-8394745777553033727.csv,2668,56641,56641,146414,146414,5/16/2022 2:02:14 PM,2022-05-16T14:02:14,SERVICE,SERVICE,Closed,Closed,Open,Open,4-8 hours,4-8 hours,0-50,0-50,,,REPAIR COMPLETED,REPAIR COMPLETED,5/26/2022 6:47:37 AM,2022-05-26T06:47:37,338183,338183,,,,,,,,,,,,,,,,,,,,,8672,8672,210,210,HAZELGLEN DR,HAZELGLEN DR,4111590,4111590,,,,,25,25,1974,1974,XXX,XXX,Y,Y,a055d9b4-6eab-4224-942d-37e7a5e10c8c,a055d9b4-6eab-4224-942d-37e7a5e10c8c,,,,,537983.5544,537983.5544,4809976.0929,4809976.0929,False,False,False,False,True,False,,False,False,not_main,2022-05-16T00:00:00,1,False,0,False
Water_Main_Breaks_-8394745777553033727.csv,2672,58241,58241,146554,146554,5/31/2022 11:59:40 AM,2022-05-31T11:59:40,MAIN,MAIN,Open,Open,Open,Open,8-12 hours,8-12 hours,50-100,50-100,,,REPAIR COMPLETED,REPAIR COMPLETED,6/1/2022 2:46:51 PM,2022-06-01T14:46:51,339980,339980,,,,,,,,,,,,,,,,,,,,,6410,6410,1284,1284,OTTAWA ST S,OTTAWA ST S,58380,58380,,,,,,,,,,,N,N,bedc23e3-2060-47f5-9146-6655363f2abc,bedc23e3-2060-47f5-9146-6655363f2abc,,,,,539609.5647,539609.5647,4807271.9486,4807271.9486,False,True,False,False,True,False,,False,False,unmatched_asset,2022-05-31T00:00:00,1,False,1,False
Water_Main_Breaks_-8394745777553033727.csv,2676,59201,59201,146672,146672,6/9/2022 4:58:06 PM,2022-06-09T16:58:06,SERVICE,SERVICE,Open,Open,Open,Open,4-8 hours,4-8 hours,0-50,0-50,,,REPAIR COMPLETED,REPAIR COMPLETED,6/9/2022 4:58:06 PM,2022-06-09T16:58:06,340934,340934,,,,,,,,,,,,,,,,,,,,,22778,22778,9,9,EVENSTONE AVE,EVENSTONE AVE,4115324,4115324,,,,,25,25,2002,2002,XXX,XXX,Y,Y,bde25fa3-3980-4bc7-aec9-e0ce4b3c6096,bde25fa3-3980-4bc7-aec9-e0ce4b3c6096,,,,,544345.1868,544345.1868,4803403.7474,4803403.7474,False,False,False,False,True,False,,False,False,not_main,2022-06-09T00:00:00,1,False,0,False
Water_Main_Breaks_-8394745777553033727.csv,2680,60161,60161,146934,146934,7/22/2022 3:22:43 PM,2022-07-22T15:22:43,SERVICE,SERVICE,Partially Closed,Partially Closed,Open,Open,4-8 hours,4-8 hours,0-50,0-50,,,REPAIR COMPLETED,REPAIR COMPLETED,7/22/2022 3:22:43 PM,2022-07-22T15:22:43,344804,344804,,,,,,,,,,,,,,,,,,,,,10053,10053,178,178,ROSS AVE,ROSS AVE,4100356,4100356,,,,,13,13,1970,1970,XXX,XXX,Y,Y,4296dfb1-c62a-415c-8e5b-55d67828c473,4296dfb1-c62a-415c-8e5b-55d67828c473,,,,,544229.3306,544229.3306,4809936.8172,4809936.8172,False,False,False,False,True,False,,False,False,not_main,2022-07-22T00:00:00,1,False,0,False
Water_Main_Breaks_-8394745777553033727.csv,2684,61121,61121,146994,146994,8/11/2022 11:45:10 AM,2022-08-11T11:45:10,SERVICE,SERVICE,Open,Open,Open,Open,4-8 hours,4-8 hours,0-50,0-50,,,CANCELLED,CANCELLED,9/21/2023 12:45:00 PM,2023-09-21T12:45:00,346473,346473,,,,,,,,,,,,,,,1875,1875,1875,1875,,,25525,25525,73,73,DUNNIGAN DR,DUNNIGAN DR,4132331,4132331,,,,,0,0,1996,1996,XXX,XXX,N,N,31c3a317-b8f3-42da-a335-f9d9d5c5d388,31c3a317-b8f3-42da-a335-f9d9d5c5d388,,,,,545773.8261,545773.8261,4812646.8866,4812646.8866,False,False,False,False,True,False,,False,False,not_main,2022-08-11T00:00:00,1,False,0,False
Water_Main_Breaks_-8394745777553033727.csv,2685,61122,61122,147014,147014,8/13/2022 3:46:56 PM,2022-08-13T15:46:56,SERVICE,SERVICE,Closed,Closed,Open,Open,4-8 hours,4-8 hours,0-50,0-50,,,REPAIR COMPLETED,REPAIR COMPLETED,8/13/2022 9:49:21 PM,2022-08-13T21:49:21,346653,346653,8/14/2022 12:30:44 AM,2022-08-14T00:30:44,OTHER: WATER SERVICE,OTHER: WATER SERVICE,CORROSION,CORROSION,,,,,,,,,,,,,CATEGORY 1,CATEGORY 1,22158,22158,312,312,MORGAN AVE,MORGAN AVE,4138524,4138524,,,0,0,13,13,1972,1972,XXX,XXX,Y,Y,fe1da76b-2139-4bf8-96d0-0f85f7f16b6f,fe1da76b-2139-4bf8-96d0-0f85f7f16b6f,,,,,546711.2432,546711.2432,4808384.2824,4808384.2824,False,False,False,False,True,False,,False,False,not_main,2022-08-13T00:00:00,1,False,0,False
Water_Main_Breaks_-8394745777553033727.csv,2708,65282,65282,147954,147954,12/24/2022 5:16:33 AM,2022-12-24T05:16:33,SERVICE,SERVICE,Closed,Closed,Closed,Closed,4-8 hours,4-8 hours,0-50,0-50,,,REPAIR COMPLETED,REPAIR COMPLETED,12/25/2022 10:29:06 AM,2022-12-25T10:29:06,361073,361073,,,,,,,,,,,,,,,,,,,,,8937,8937,23,23,WATER ST N,WATER ST N,4086485,4086485,,,,,0,0,1975,1975,XXX,XXX,Y,Y,aa0a40c4-6cdb-4fae-9e30-5fb861d3d62c,aa0a40c4-6cdb-4fae-9e30-5fb861d3d62c,,,,,540926.5353,540926.5353,4811201.0724,4811201.0724,False,False,False,False,True,False,,False,False,not_main,2022-12-24T00:00:00,1,False,0,False
Water_Main_Breaks_-8394745777553033727.csv,2722,69121,69121,148414,148414,2/13/2023 8:27:44 PM,2023-02-13T20:27:44,MAIN,MAIN,Partially Closed,Partially Closed,Open,Open,4-8 hours,4-8 hours,0-50,0-50,,,REPAIR COMPLETED,REPAIR COMPLETED,2/14/2023 2:23:39 PM,2023-02-14T14:23:39,364462,364462,2/14/2023 6:00:58 PM,2023-02-14T18:00:58,CIRCUMFERENTIAL,CIRCUMFERENTIAL,CORROSION,CORROSION,CLAMP,CLAMP,,,,,,,1347,1347,,,CATEGORY 1,CATEGORY 1,8732,8732,62,62,WESTWOOD CRES,WESTWOOD CRES,96020,96020,,,0,0,,,,,,,N,N,7666fc30-aabd-4572-a7ff-60c752cea7c7,7666fc30-aabd-4572-a7ff-60c752cea7c7,,,,,538046.6773,538046.6773,4810474.6245,4810474.6245,False,True,False,False,True,False,,False,False,unmatched_asset,2023-02-13T00:00:00,1,False,1,False
Water_Main_Breaks_-8394745777553033727.csv,2730,70721,70721,149214,149214,4/2/2023 3:23:22 PM,2023-04-02T15:23:22,SERVICE,SERVICE,Open,Open,Open,Open,4-8 hours,4-8 hours,0-50,0-50,,,REPAIR COMPLETED,REPAIR COMPLETED,4/3/2023 2:51:15 AM,2023-04-03T02:51:15,367714,367714,,,CORROSION AND FITTING/JOINT,CORROSION AND FITTING/JOINT,,,CLAMP,CLAMP,,,,,,,,,,,CATEGORY 1,CATEGORY 1,22429,22429,811,811,FAIRWAY CRES,FAIRWAY CRES,4135874,4135874,,,,,25,25,1997,1997,XXX,XXX,Y,Y,2f7922a3-20f0-4049-a702-279a5443d0ff,2f7922a3-20f0-4049-a702-279a5443d0ff,,,,,547121.1363,547121.1363,4809916.1573,4809916.1573,False,False,False,False,True,False,,False,False,not_main,2023-04-02T00:00:00,1,False,0,False
Water_Main_Breaks_-8394745777553033727.csv,2733,71361,71361,149694,149694,5/26/2023 9:20:10 AM,2023-05-26T09:20:10,SERVICE,SERVICE,Open,Open,Open,Open,20-24 hours,20-24 hours,0-50,0-50,,,REPAIR COMPLETED,REPAIR COMPLETED,5/27/2023 2:37:05 PM,2023-05-27T14:37:05,372531,372531,,,,,,,,,,,,,,,,,,,,,6320,6320,25,25,ASPEN AVE,ASPEN AVE,4091403,4091403,,,,,25,25,1974,1974,XXX,XXX,Y,Y,2a41da2b-eaa6-41a6-a841-bea99d97b422,2a41da2b-eaa6-41a6-a841-bea99d97b422,,,,,541000.4017,541000.4017,4809060.1675,4809060.1675,False,False,False,False,True,False,,False,False,not_main,2023-05-26T00:00:00,1,False,0,False
Water_Main_Breaks_-8394745777553033727.csv,2742,73283,73283,150134,150134,9/22/2023 9:54:54 AM,2023-09-22T09:54:54,SERVICE,SERVICE,Open,Open,Open,Open,4-8 hours,4-8 hours,0-50,0-50,,,REPAIR COMPLETED,REPAIR COMPLETED,9/22/2023 9:54:54 AM,2023-09-22T09:54:54,383656,383656,,,,,,,,,,,,,,,,,,,,,15752,15752,728,728,FREDERICK ST,FREDERICK ST,4130671,4130671,,,,,13,13,1969,1969,XXX,XXX,Y,Y,d753a2a5-2c27-49a2-ad15-e2867345a45d,d753a2a5-2c27-49a2-ad15-e2867345a45d,,,,,543517.2081,543517.2081,4812244.0692,4812244.0692,False,False,False,False,True,False,,False,False,not_main,2023-09-22T00:00:00,1,False,0,False
Water_Main_Breaks_-8394745777553033727.csv,2752,73928,73928,150261,150261,8/22/2022 12:00:00 AM,2022-08-22T00:00:00,MAIN,MAIN,,,,,,,,,,,REPAIR COMPLETED,REPAIR COMPLETED,10/11/2023 4:22:29 PM,2023-10-11T16:22:29,347347,347347,,,,,,,,,,,,,,,,,,,,,6719,6719,241,241,HIGHLAND RD E,HIGHLAND RD E,19050,19050,,,,,,,,,,,N,N,597282cf-d61b-472b-b9e1-2c75ccc7b5fa,597282cf-d61b-472b-b9e1-2c75ccc7b5fa,,,,,541148.4329,541148.4329,4809450.8339,4809450.8339,False,True,False,False,True,False,,False,False,unmatched_asset,2022-08-22T00:00:00,1,False,1,False
Water_Main_Breaks_-8394745777553033727.csv,2775,74241,74241,150354,150354,10/27/2023 1:47:23 PM,2023-10-27T13:47:23,SERVICE,SERVICE,Open,Open,Open,Open,4-8 hours,4-8 hours,0-50,0-50,,,CANCELLED,CANCELLED,10/27/2023 2:06:27 PM,2023-10-27T14:06:27,386707,386707,,,,,,,,,,,,,,,3625,3625,3625,3625,,,40282,40282,146,146,PEACH BLOSSOM CRES,PEACH BLOSSOM CRES,4109615,4109615,,,,,25,25,2003,2003,XXX,XXX,N,N,338ba69a-1a7e-4ccc-90e1-a2570836b6ee,338ba69a-1a7e-4ccc-90e1-a2570836b6ee,,,,,538884.5483,538884.5483,4805975.9274,4805975.9274,False,False,False,False,True,False,,False,False,not_main,2023-10-27T00:00:00,1,False,0,False
Water_Main_Breaks_-8394745777553033727.csv,2776,74561,74561,150374,150374,11/5/2023 9:11:27 AM,2023-11-05T09:11:27,SERVICE,SERVICE,Open,Open,Open,Open,4-8 hours,4-8 hours,0-50,0-50,,,REPAIR COMPLETED,REPAIR COMPLETED,11/7/2023 9:37:47 PM,2023-11-07T21:37:47,387378,387378,,,,,,,,,,,,,,,,,,,,,6320,6320,25,25,ASPEN AVE,ASPEN AVE,4091403,4091403,,,,,25,25,1974,1974,XXX,XXX,Y,Y,977b125e-e467-4ecf-a8cc-cb85307b62d0,977b125e-e467-4ecf-a8cc-cb85307b62d0,,,,,540999.4375,540999.4375,4809059.6767,4809059.6767,False,False,False,False,True,False,,False,False,not_main,2023-11-05T00:00:00,1,False,0,False
Water_Main_Breaks_-8394745777553033727.csv,2777,74881,74881,150394,150394,11/7/2023 11:36:24 AM,2023-11-07T11:36:24,SERVICE,SERVICE,Open,Open,Open,Open,4-8 hours,4-8 hours,0-50,0-50,,,REPAIR COMPLETED,REPAIR COMPLETED,11/7/2023 11:36:24 AM,2023-11-07T11:36:24,387622,387622,,,,,,,,,,,,,,,,,,,,,6176,6176,34,34,BONFAIR CRT,BONFAIR CRT,4105702,4105702,,,,,25,25,1972,1972,XXX,XXX,Y,Y,b4c943ae-a6dd-48d5-bf0f-c7acf24799d0,b4c943ae-a6dd-48d5-bf0f-c7acf24799d0,,,,,538741.0307,538741.0307,4808506.4813,4808506.4813,False,False,False,False,True,False,,False,False,not_main,2023-11-07T00:00:00,1,False,0,False
Water_Main_Breaks_-8394745777553033727.csv,2779,75521,75521,150474,150474,11/11/2023 10:41:03 AM,2023-11-11T10:41:03,SERVICE,SERVICE,Open,Open,Open,Open,4-8 hours,4-8 hours,0-50,0-50,,,REPAIR COMPLETED,REPAIR COMPLETED,11/11/2023 10:41:03 AM,2023-11-11T10:41:03,388172,388172,,,,,,,,,,,,,,,,,,,,,9957,9957,277,277,CARSON DR,CARSON DR,4131326,4131326,,,,,25,25,1973,1973,XXX,XXX,Y,Y,57705dcd-4875-4725-aa74-c563b163fb6b,57705dcd-4875-4725-aa74-c563b163fb6b,,,,,544420.7322,544420.7322,4812351.7982,4812351.7982,False,False,False,False,True,False,,False,False,not_main,2023-11-11T00:00:00,1,False,0,False
Water_Main_Breaks_-8394745777553033727.csv,2784,76481,76481,150634,150634,11/28/2023 12:27:30 PM,2023-11-28T12:27:30,SERVICE,SERVICE,Open,Open,Open,Open,4-8 hours,4-8 hours,0-50,0-50,,,REPAIR COMPLETED,REPAIR COMPLETED,12/7/2023 7:53:23 AM,2023-12-07T07:53:23,389102,389102,,,,,,,,,,,,,,,,,,,,,20924,20924,1218,1218,QUEENS BLVD,QUEENS BLVD,4089813,4089813,,,,,13,13,1970,1970,XXX,XXX,Y,Y,22e78a23-f14c-4fa2-b011-0f9628c336ee,22e78a23-f14c-4fa2-b011-0f9628c336ee,,,,,539729.9549,539729.9549,4809114.5211,4809114.5211,False,False,False,False,True,False,,False,False,not_main,2023-11-28T00:00:00,1,False,0,False
Water_Main_Breaks_-8394745777553033727.csv,2786,76801,76801,150674,150674,12/19/2023 6:22:14 PM,2023-12-19T18:22:14,SERVICE,SERVICE,Open,Open,Open,Open,4-8 hours,4-8 hours,0-50,0-50,,,REPAIR COMPLETED,REPAIR COMPLETED,12/20/2023 3:26:31 PM,2023-12-20T15:26:31,394308,394308,,,,,,,,,,,,,,,,,,,,,8937,8937,23,23,WATER ST N,WATER ST N,4086485,4086485,,,,,0,0,1975,1975,XXX,XXX,Y,Y,3965a0d9-3d18-493b-b3cd-8d1c7492a1d4,3965a0d9-3d18-493b-b3cd-8d1c7492a1d4,,,,,540927.8356,540927.8356,4811200.5953,4811200.5953,False,False,False,False,True,False,,False,False,not_main,2023-12-19T00:00:00,1,False,0,False
Water_Main_Breaks_-8394745777553033727.csv,2792,78401,78401,150934,150934,1/15/2024 5:18:45 PM,2024-01-15T17:18:45,SERVICE,SERVICE,Open,Open,Open,Open,4-8 hours,4-8 hours,0-50,0-50,,,REPAIR COMPLETED,REPAIR COMPLETED,1/16/2024 10:52:02 AM,2024-01-16T10:52:02,396093,396093,,,,,,,,,,,,,,,,,,,,,6341,6341,1092,1092,QUEENS BLVD,QUEENS BLVD,4089837,4089837,,,,,13,13,1970,1970,XXX,XXX,Y,Y,50116e2a-17b4-426d-adb9-d6cf814b3cd2,50116e2a-17b4-426d-adb9-d6cf814b3cd2,,,,,540043.0461,540043.0461,4809317.9592,4809317.9592,False,False,False,False,True,False,,False,False,not_main,2024-01-15T00:00:00,1,False,0,False
Water_Main_Breaks_-8394745777553033727.csv,2796,79042,79042,151134,151134,1/23/2024 11:35:36 AM,2024-01-23T11:35:36,MAIN,MAIN,Closed,Closed,Open,Open,4-8 hours,4-8 hours,0-50,0-50,,,REPAIR COMPLETED,REPAIR COMPLETED,1/23/2024 7:56:40 PM,2024-01-23T19:56:40,396598,396598,,,CIRCUMFERENTIAL,CIRCUMFERENTIAL,,,CLAMP,CLAMP,,,,,,,,,,,CATEGORY 1,CATEGORY 1,11348,11348,70,70,OLYMPIC DR,OLYMPIC DR,85412,85412,,,,,,,,,,,N,N,54a6d4f0-3d89-4e98-a12e-fc70e9f31f30,54a6d4f0-3d89-4e98-a12e-fc70e9f31f30,,,,,542007.9459,542007.9459,4809015.6764,4809015.6764,False,True,False,False,True,False,,False,False,unmatched_asset,2024-01-23T00:00:00,1,False,1,False
Water_Main_Breaks_-8394745777553033727.csv,2805,80961,80961,151354,151354,2/8/2024 2:56:36 PM,2024-02-08T14:56:36,SERVICE,SERVICE,Open,Open,Open,Open,4-8 hours,4-8 hours,0-50,0-50,,,REPAIR COMPLETED,REPAIR COMPLETED,2/14/2024 2:18:31 PM,2024-02-14T14:18:31,397878,397878,,,,,,,,,,,,,,,,,,,,,13294,13294,172,172,FIFTH AVE,FIFTH AVE,4094803,4094803,,,,,,,,,,,N,N,30fc0f78-7c89-4dea-9818-bcd0d37587c1,30fc0f78-7c89-4dea-9818-bcd0d37587c1,,,,,544181.4331,544181.4331,4808703.5009,4808703.5009,False,False,False,False,True,False,,False,False,not_main,2024-02-08T00:00:00,1,False,0,False
Water_Main_Breaks_-8394745777553033727.csv,2808,81282,81282,151434,151434,2/15/2024 3:05:32 PM,2024-02-15T15:05:32,MAIN,MAIN,Closed,Closed,Open,Open,4-8 hours,4-8 hours,0-50,0-50,,,REPAIR COMPLETED,REPAIR COMPLETED,2/17/2024 6:26:20 AM,2024-02-17T06:26:20,398450,398450,,,CIRCUMFERENTIAL,CIRCUMFERENTIAL,,,CLAMP,CLAMP,,,,,,,,,,,CATEGORY 1,CATEGORY 1,11495,11495,267,267,CAMERON ST N,CAMERON ST N,85008,85008,,,,,,,,,,,N,N,2da067c2-092d-40f9-8e05-495f57c97ecb,2da067c2-092d-40f9-8e05-495f57c97ecb,,,,,542754.5746,542754.5746,4810999.5037,4810999.5037,False,True,False,False,True,False,,False,False,unmatched_asset,2024-02-15T00:00:00,1,False,1,False
Water_Main_Breaks_-8394745777553033727.csv,2812,82241,82241,151794,151794,4/10/2024 10:15:24 AM,2024-04-10T10:15:24,SERVICE,SERVICE,Open,Open,Open,Open,4-8 hours,4-8 hours,0-50,0-50,,,REPAIR COMPLETED,REPAIR COMPLETED,4/11/2024 8:29:14 PM,2024-04-11T20:29:14,402335,402335,,,,,,,,,,,,,,,,,,,,,10015,10015,815,815,WEBER ST E,WEBER ST E,4094496,4094496,,,,,13,13,1970,1970,XXX,XXX,Y,Y,15b54eec-cc6d-4e52-8441-07fb94beac51,15b54eec-cc6d-4e52-8441-07fb94beac51,,,,,543736.9696,543736.9696,4809646.2491,4809646.2491,False,False,False,False,True,False,,False,False,not_main,2024-04-10T00:00:00,1,False,0,False
Water_Main_Breaks_-8394745777553033727.csv,2815,82881,82881,152074,152074,5/19/2024 6:36:05 PM,2024-05-19T18:36:05,SERVICE,SERVICE,Open,Open,Open,Open,4-8 hours,4-8 hours,0-50,0-50,,,REPAIR COMPLETED,REPAIR COMPLETED,6/14/2024 7:56:37 AM,2024-06-14T07:56:37,406018,406018,,,,,,,OTHER,OTHER,,,,,,,,,,,,,6320,6320,58,58,ASPEN AVE,ASPEN AVE,4091739,4091739,,,,,25,25,1966,1966,XXX,XXX,Y,Y,c1a2d99e-73c4-441f-b499-b9cc57f6c880,c1a2d99e-73c4-441f-b499-b9cc57f6c880,,,,,541050.3771,541050.3771,4808980.3056,4808980.3056,False,False,False,False,True,False,,False,False,not_main,2024-05-19T00:00:00,1,False,0,False
Water_Main_Breaks_-8394745777553033727.csv,2816,83201,83201,152114,152114,5/29/2024 12:34:43 PM,2024-05-29T12:34:43,SERVICE,SERVICE,Open,Open,Open,Open,4-8 hours,4-8 hours,0-50,0-50,,,REPAIR COMPLETED,REPAIR COMPLETED,7/20/2024 1:40:18 PM,2024-07-20T13:40:18,406905,406905,,,,,,,,,,,,,,,,,,,,,1256,1256,88,88,BRYBECK CRES,BRYBECK CRES,4084866,4084866,,,,,50,50,1976,1976,XXX,XXX,Y,Y,ed0ce000-0e34-4e4c-b434-2b770f3a9e60,ed0ce000-0e34-4e4c-b434-2b770f3a9e60,,,,,538961.4841,538961.4841,4810285.2357,4810285.2357,False,False,False,False,True,False,,False,False,not_main,2024-05-29T00:00:00,1,False,0,False
Water_Main_Breaks_-8394745777553033727.csv,2818,83521,83521,152214,152214,6/12/2024 9:24:22 AM,2024-06-12T09:24:22,SERVICE,SERVICE,Partially Closed,Partially Closed,Open,Open,4-8 hours,4-8 hours,0-50,0-50,,,REPAIR COMPLETED,REPAIR COMPLETED,6/13/2024 11:05:32 PM,2024-06-13T23:05:32,408239,408239,,,,,,,,,,,,,,,,,,,,,10393,10393,251,251,ARNOLD ST,ARNOLD ST,4126660,4126660,,,,,150,150,1976,1976,XXX,XXX,Y,Y,e3c2ef28-cbc6-44cf-b723-9f77718028ae,e3c2ef28-cbc6-44cf-b723-9f77718028ae,,,,,542087.078,542087.078,4813087.5058,4813087.5058,False,False,False,False,True,False,,False,False,not_main,2024-06-12T00:00:00,1,False,0,False
Water_Main_Breaks_-8394745777553033727.csv,2824,84801,84801,152474,152474,7/26/2024 10:58:37 AM,2024-07-26T10:58:37,MAIN,MAIN,Open,Open,Open,Open,20-24 hours,20-24 hours,0-50,0-50,,,REPAIR COMPLETED,REPAIR COMPLETED,8/7/2024 7:11:59 AM,2024-08-07T07:11:59,412591,412591,,,,,,,,,,,,,,,,,,,,,11496,11496,,,EAST AVE,EAST AVE,78574,78574,,,,,,,,,,,N,N,93d0f434-dc7c-4742-8927-69e6f8b73839,93d0f434-dc7c-4742-8927-69e6f8b73839,,,,,542782.8341,542782.8341,4810963.3671,4810963.3671,False,True,False,False,True,False,,False,False,unmatched_asset,2024-07-26T00:00:00,1,False,1,False
Water_Main_Breaks_-8394745777553033727.csv,2829,85761,85761,152816,152816,8/20/2024 8:41:39 AM,2024-08-20T08:41:39,SERVICE,SERVICE,Open,Open,Open,Open,4-8 hours,4-8 hours,0-50,0-50,,,REPAIR COMPLETED,REPAIR COMPLETED,8/22/2024 8:25:06 AM,2024-08-22T08:25:06,414626,414626,,,,,,,,,,,,,,,,,,,,,9554,9554,34,34,DUNSMERE CRT,DUNSMERE CRT,4117809,4117809,,,,,25,25,1975,1975,XXX,XXX,Y,Y,dfab5d62-21b3-4b24-a6c2-2d34ea02b259,dfab5d62-21b3-4b24-a6c2-2d34ea02b259,,,,,540569.1091,540569.1091,4807064.6128,4807064.6128,False,False,False,False,True,False,,False,False,not_main,2024-08-20T00:00:00,1,False,0,False
Water_Main_Breaks_-8394745777553033727.csv,2837,87361,87361,153014,153014,9/20/2024 2:09:34 PM,2024-09-20T14:09:34,SERVICE,SERVICE,Open,Open,Open,Open,4-8 hours,4-8 hours,0-50,0-50,,,REPAIR COMPLETED,REPAIR COMPLETED,9/25/2024 12:19:22 PM,2024-09-25T12:19:22,417233,417233,,,,,,,,,,,,,,,,,,,,,10658,10658,54,54,MT HOPE ST,MT HOPE ST,4084688,4084688,,,,,25,25,1967,1967,XXX,XXX,Y,Y,98add841-12a9-4774-9e9b-b9d7aede67cb,98add841-12a9-4774-9e9b-b9d7aede67cb,,,,,539278.1764,539278.1764,4811538.3068,4811538.3068,False,False,False,False,True,False,,False,False,not_main,2024-09-20T00:00:00,1,False,0,False
Water_Main_Breaks_-8394745777553033727.csv,2838,87681,87681,153074,153074,9/25/2024 9:56:01 AM,2024-09-25T09:56:01,MAIN,MAIN,Open,Open,Open,Open,4-8 hours,4-8 hours,0-50,0-50,,,REPAIR COMPLETED,REPAIR COMPLETED,9/30/2024 11:10:43 AM,2024-09-30T11:10:43,417622,417622,,,,,,,,,,,,,,,,,,,,,10169,10169,350,350,EAST AVE,EAST AVE,11060,11060,,,,,300,300,1949,1949,CI,CI,N,N,eea7fb52-9c6b-45bc-a204-22668ca866ce,eea7fb52-9c6b-45bc-a204-22668ca866ce,,,,,542904.3529,542904.3529,4810723.681,4810723.681,False,True,False,False,True,False,,False,False,unmatched_asset,2024-09-25T00:00:00,1,False,1,False
Water_Main_Breaks_-8394745777553033727.csv,2839,87682,87682,153174,153174,10/9/2024 10:18:50 AM,2024-10-09T10:18:50,SERVICE,SERVICE,Open,Open,Open,Open,4-8 hours,4-8 hours,0-50,0-50,,,REPAIR COMPLETED,REPAIR COMPLETED,10/9/2024 10:18:50 AM,2024-10-09T10:18:50,418956,418956,,,,,,,,,,,,,,,,,,,,,6655,6655,42,42,ONTARIO ST N,ONTARIO ST N,4087881,4087881,,,,,25,25,1968,1968,XXX,XXX,Y,Y,f168d665-e0c0-4a25-baa1-ea35ed593ccf,f168d665-e0c0-4a25-baa1-ea35ed593ccf,,,,,541263.7851,541263.7851,4811019.2345,4811019.2345,False,False,False,False,True,False,,False,False,not_main,2024-10-09T00:00:00,1,False,0,False
Water_Main_Breaks_-8394745777553033727.csv,2841,88003,88003,153314,153314,10/19/2024 1:58:36 PM,2024-10-19T13:58:36,SERVICE,SERVICE,Open,Open,Open,Open,4-8 hours,4-8 hours,0-50,0-50,,,REPAIR COMPLETED,REPAIR COMPLETED,10/22/2024 8:47:08 AM,2024-10-22T08:47:08,419864,419864,,,CORROSION,CORROSION,,,CUTOUT,CUTOUT,,,,,,,,,,,CATEGORY 2,CATEGORY 2,1260,1260,564,564,BELMONT AVE W,BELMONT AVE W,4085858,4085858,,,,,0,0,1967,1967,XXX,XXX,Y,Y,5e816a1c-0fd4-4bfb-8b76-57f6cab687b6,5e816a1c-0fd4-4bfb-8b76-57f6cab687b6,,,,,539193.0907,539193.0907,4810891.7909,4810891.7909,False,False,False,False,True,False,,False,False,not_main,2024-10-19T00:00:00,1,False,0,False
Water_Main_Breaks_-8394745777553033727.csv,2844,88641,88641,153614,153614,11/11/2024 2:27:59 PM,2024-11-11T14:27:59,SERVICE,SERVICE,Closed,Closed,Closed,Closed,4-8 hours,4-8 hours,0-50,0-50,,,REPAIR COMPLETED,REPAIR COMPLETED,11/14/2024 7:39:10 AM,2024-11-14T07:39:10,421664,421664,,,,,,,,,,,,,,,,,,,,,13128,13128,4,4,MARKET ST,MARKET ST,4126573,4126573,,,,,13,13,1975,1975,XXX,XXX,Y,Y,7c9487f7-623f-46bd-9aef-1c64d8e905aa,7c9487f7-623f-46bd-9aef-1c64d8e905aa,,,,,542210.2193,542210.2193,4814452.9566,4814452.9566,False,False,False,False,True,False,,False,False,not_main,2024-11-11T00:00:00,1,False,0,False
Water_Main_Breaks_-8394745777553033727.csv,2845,88642,88642,153634,153634,11/12/2024 1:43:06 PM,2024-11-12T13:43:06,SERVICE,SERVICE,Open,Open,Open,Open,4-8 hours,4-8 hours,0-50,0-50,,,REPAIR COMPLETED,REPAIR COMPLETED,11/18/2024 4:32:25 PM,2024-11-18T16:32:25,421762,421762,,,,,,,,,,,,,,,,,,,,,9686,9686,134,134,SOUTHWOOD DR,SOUTHWOOD DR,4116508,4116508,,,,,25,25,1979,1979,XXX,XXX,Y,Y,14353a7d-1624-402f-8b9f-8165b3e413d7,14353a7d-1624-402f-8b9f-8165b3e413d7,,,,,542799.1781,542799.1781,4806303.5698,4806303.5698,False,False,False,False,True,False,,False,False,not_main,2024-11-12T00:00:00,1,False,0,False
Water_Main_Breaks_-8394745777553033727.csv,2847,88644,88644,153674,153674,11/24/2024 5:16:52 PM,2024-11-24T17:16:52,SERVICE,SERVICE,Open,Open,Open,Open,4-8 hours,4-8 hours,0-50,0-50,,,REPAIR COMPLETED,REPAIR COMPLETED,11/27/2024 6:59:45 AM,2024-11-27T06:59:45,422687,422687,,,,,,,,,,,,,,,,,,,,,21017,21017,80,80,OVERLEA DR,OVERLEA DR,4089237,4089237,,,,,13,13,1967,1967,XXX,XXX,Y,Y,b8597b47-3d55-4dd8-8af5-3c537edb6d69,b8597b47-3d55-4dd8-8af5-3c537edb6d69,,,,,539243.4659,539243.4659,4809121.446,4809121.446,False,False,False,False,True,False,,False,False,not_main,2024-11-24T00:00:00,1,False,0,False
Water_Main_Breaks_-8394745777553033727.csv,2862,92177,92177,154094,154094,1/8/2025 6:35:52 PM,2025-01-08T18:35:52,SERVICE,SERVICE,Open,Open,Open,Open,8-12 hours,8-12 hours,0-50,0-50,,,REPAIR COMPLETED,REPAIR COMPLETED,1/9/2025 7:08:50 AM,2025-01-09T07:08:50,428152,428152,,,,,,,,,,,,,,,,,,,,,23063,23063,163,163,FAIRWAY RD N,FAIRWAY RD N,4138851,4138851,,,,,25,25,1969,1969,XXX,XXX,Y,Y,bc485132-8fbe-43d5-b308-42f8cb22bb31,bc485132-8fbe-43d5-b308-42f8cb22bb31,,,,,546155.0292,546155.0292,4809002.1143,4809002.1143,False,False,False,False,True,False,,False,False,not_main,2025-01-08T00:00:00,1,False,0,False
Water_Main_Breaks_-8394745777553033727.csv,2865,93441,93441,154173,154173,1/10/2025 2:55:33 PM,2025-01-10T14:55:33,SERVICE,SERVICE,Closed,Closed,Closed,Closed,20-24 hours,20-24 hours,0-50,0-50,,,REPAIR COMPLETED,REPAIR COMPLETED,1/13/2025 9:18:37 AM,2025-01-13T09:18:37,428321,428321,,,,,,,,,,,,,,,,,,,,,8721,8721,57,57,MOOREGATE CRES,MOOREGATE CRES,4111145,4111145,,,,,200,200,1978,1978,XXX,XXX,Y,Y,c335da6c-b3cf-49f7-83c5-d66e2e58966b,c335da6c-b3cf-49f7-83c5-d66e2e58966b,,,,,538633.6318,538633.6318,4809784.9908,4809784.9908,False,False,False,False,True,False,,False,False,not_main,2025-01-10T00:00:00,1,False,0,False
Water_Main_Breaks_-8394745777553033727.csv,2895,100163,100163,155234,155234,5/8/2025 6:23:02 PM,2025-05-08T18:23:02,SERVICE,SERVICE,Open,Open,Open,Open,4-8 hours,4-8 hours,0-50,0-50,,,REPAIR COMPLETED,REPAIR COMPLETED,5/8/2025 6:23:02 PM,2025-05-08T18:23:02,437112,437112,,,,,,,,,,,,,,,,,,,,,11230,11230,68,68,WOODWARD AVE,WOODWARD AVE,4129737,4129737,,,,,13,13,1968,1968,XXX,XXX,Y,Y,72c965fe-f7b5-4737-8680-a729a0f81968,72c965fe-f7b5-4737-8680-a729a0f81968,,,,,540870.9814,540870.9814,4812558.8022,4812558.8022,False,False,False,False,True,False,,False,False,not_main,2025-05-08T00:00:00,1,False,0,False
Water_Main_Breaks_-8394745777553033727.csv,2899,101122,101122,155433,155433,6/14/2025 4:17:10 PM,2025-06-14T16:17:10,SERVICE,SERVICE,Open,Open,Open,Open,4-8 hours,4-8 hours,0-50,0-50,,,REPAIR COMPLETED,REPAIR COMPLETED,6/14/2025 4:17:10 PM,2025-06-14T16:17:10,440217,440217,,,,,,,,,,,,,,,,,,,,,22706,22706,254,254,DOON VALLEY DR,DOON VALLEY DR,4727650,4727650,,,,,0,0,1969,1969,XXX,XXX,Y,Y,ecf6091b-a7ca-47fd-84af-b5003b57da97,ecf6091b-a7ca-47fd-84af-b5003b57da97,,,,,548032.3165,548032.3165,4804517.3162,4804517.3162,False,False,False,False,True,False,,False,False,not_main,2025-06-14T00:00:00,1,False,0,False
Water_Main_Breaks_-8394745777553033727.csv,2902,101441,101441,155453,155453,6/18/2025 10:48:48 AM,2025-06-18T10:48:48,SERVICE,SERVICE,Open,Open,Open,Open,4-8 hours,4-8 hours,0-50,0-50,,,REPAIR COMPLETED,REPAIR COMPLETED,6/18/2025 10:48:48 AM,2025-06-18T10:48:48,440543,440543,,,,,,,,,,,,,,,,,,,,,40038,40038,16,16,HERBERT ST,HERBERT ST,4100815,4100815,,,,,13,13,1965,1965,XXX,XXX,Y,Y,c9d511d9-7ee3-4990-a38f-2e1259586b31,c9d511d9-7ee3-4990-a38f-2e1259586b31,,,,,539552.2246,539552.2246,4811883.1366,4811883.1366,False,False,False,False,True,False,,False,False,not_main,2025-06-18T00:00:00,1,False,0,False
Water_Main_Breaks_-8394745777553033727.csv,2909,102401,102401,156073,156073,7/27/2025 8:48:58 PM,2025-07-27T20:48:58,SERVICE,SERVICE,Open,Open,Open,Open,4-8 hours,4-8 hours,0-50,0-50,,,REPAIR COMPLETED,REPAIR COMPLETED,7/27/2025 8:48:58 PM,2025-07-27T20:48:58,444020,444020,,,,,,,,,,,,,,,,,,,,,6459,6459,208,208,AVALON PL,AVALON PL,4093030,4093030,,,,,0,0,1958,1958,XXX,XXX,Y,Y,0ba6aa4a-e465-43d4-8891-b677a7949728,0ba6aa4a-e465-43d4-8891-b677a7949728,,,,,540604.235,540604.235,4808129.0891,4808129.0891,False,False,False,False,True,False,,False,False,not_main,2025-07-27T00:00:00,1,False,0,False
Water_Main_Breaks_-8394745777553033727.csv,2910,102721,102721,156093,156093,8/3/2025 11:20:36 AM,2025-08-03T11:20:36,SERVICE,SERVICE,Open,Open,Open,Open,4-8 hours,4-8 hours,0-50,0-50,,,REPAIR COMPLETED,REPAIR COMPLETED,8/3/2025 11:20:36 AM,2025-08-03T11:20:36,444539,444539,,,,,,,,,,,,,,,,,,,,,10714,10714,655,655,FAIRWAY RD S,FAIRWAY RD S,4096308,4096308,,,,,200,200,1973,1973,XXX,XXX,Y,Y,657f56d8-1154-4625-9a59-6cf760d10c0b,657f56d8-1154-4625-9a59-6cf760d10c0b,,,,,544432.5059,544432.5059,4807545.1139,4807545.1139,False,False,False,False,True,False,,False,False,not_main,2025-08-03T00:00:00,1,False,0,False
Water_Main_Breaks_-8394745777553033727.csv,2914,104001,104001,156213,156213,9/1/2025 9:32:08 AM,2025-09-01T09:32:08,SERVICE,SERVICE,Open,Open,Open,Open,4-8 hours,4-8 hours,0-50,0-50,,,REPAIR COMPLETED,REPAIR COMPLETED,9/1/2025 9:32:08 AM,2025-09-01T09:32:08,446915,446915,,,,,,,,,,,,,,,,,,,,,6320,6320,46,46,ASPEN AVE,ASPEN AVE,4091410,4091410,,,,,25,25,1966,1966,XXX,XXX,Y,Y,ec50881f-70e9-442c-bdb9-c9e583d3473f,ec50881f-70e9-442c-bdb9-c9e583d3473f,,,,,541020.4369,541020.4369,4809017.5668,4809017.5668,False,False,False,False,True,False,,False,False,not_main,2025-09-01T00:00:00,1,False,0,False
Water_Main_Breaks_-8394745777553033727.csv,2927,107521,107521,156553,156553,11/27/2025 10:45:58 PM,2025-11-27T22:45:58,SERVICE,SERVICE,Open,Open,Closed,Closed,4-8 hours,4-8 hours,0-50,0-50,,,REPAIR COMPLETED,REPAIR COMPLETED,11/27/2025 10:45:58 PM,2025-11-27T22:45:58,456663,456663,,,,,,,,,,,,,,,,,,,,,15732,15732,945,945,VICTORIA ST N,VICTORIA ST N,4130793,4130793,,,,,0,0,1964,1964,XXX,XXX,Y,Y,4aff5e10-724b-4c79-aa07-133851b70d92,4aff5e10-724b-4c79-aa07-133851b70d92,,,,,543402.0857,543402.0857,4812551.3356,4812551.3356,False,False,False,False,True,False,,False,False,not_main,2025-11-27T00:00:00,1,False,0,False
Water_Main_Breaks_-8394745777553033727.csv,2933,108161,108161,156693,156693,12/8/2025 11:22:34 AM,2025-12-08T11:22:34,SERVICE,SERVICE,Closed,Closed,Closed,Closed,16-20 hours,16-20 hours,0-50,0-50,,,REPAIR COMPLETED,REPAIR COMPLETED,12/8/2025 7:34:09 PM,2025-12-08T19:34:09,457320,457320,,,,,,,,,,,,,,,,,,,,,11738,11738,72,72,HOFFMAN ST,HOFFMAN ST,4092458,4092458,,,,,0,0,1976,1976,XXX,XXX,Y,Y,754cc240-c3a8-4094-9e98-35b0e1d7241c,754cc240-c3a8-4094-9e98-35b0e1d7241c,,,,,541855.8885,541855.8885,4808921.5616,4808921.5616,False,False,False,False,True,False,,False,False,not_main,2025-12-08T00:00:00,1,False,0,False
Water_Main_Breaks_-8394745777553033727.csv,2940,109761,109761,156833,156833,12/14/2025 10:21:03 AM,2025-12-14T10:21:03,SERVICE,SERVICE,Open,Open,Open,Open,16-20 hours,16-20 hours,0-50,0-50,,,REPAIR COMPLETED,REPAIR COMPLETED,12/14/2025 10:21:03 AM,2025-12-14T10:21:03,457704,457704,,,,,,,,,,,,,,,,,,,,,11733,11733,95,95,ONWARD AVE,ONWARD AVE,4098384,4098384,,,,,100,100,2006,2006,XXX,XXX,Y,Y,b56a4b69-e3b1-4b82-ae39-35d0fd207a97,b56a4b69-e3b1-4b82-ae39-35d0fd207a97,,,,,542841.604,542841.604,4810338.9549,4810338.9549,False,False,False,False,True,False,,False,False,not_main,2025-12-14T00:00:00,1,False,0,False
Water_Main_Breaks_-8394745777553033727.csv,2965,114881,114881,157353,157353,1/25/2026 8:49:43 PM,2026-01-25T20:49:43,SERVICE,SERVICE,Open,Open,Open,Open,4-8 hours,4-8 hours,0-50,0-50,,,REPAIR COMPLETED,REPAIR COMPLETED,1/28/2026 9:15:04 AM,2026-01-28T09:15:04,460256,460256,,,,,,,,,,,,,,,,,,,,,20596,20596,118,118,NORTHMANOR CRES,NORTHMANOR CRES,4112556,4112556,,,,,25,25,1993,1993,XXX,XXX,Y,Y,7aef0799-e870-4cda-8c81-612b6ade3e1c,7aef0799-e870-4cda-8c81-612b6ade3e1c,,,,,536369.6868,536369.6868,4809728.8952,4809728.8952,False,False,False,False,True,False,,False,False,not_main,2026-01-25T00:00:00,1,False,0,False
Water_Main_Breaks_-8394745777553033727.csv,2966,115201,115201,157393,157393,1/28/2026 2:13:19 AM,2026-01-28T02:13:19,SERVICE,SERVICE,Closed,Closed,Open,Open,4-8 hours,4-8 hours,0-50,0-50,,,REPAIR COMPLETED,REPAIR COMPLETED,1/30/2026 9:17:29 AM,2026-01-30T09:17:29,460419,460419,,,FITTING/JOINT,FITTING/JOINT,,,OTHER,OTHER,,,,,,,,,,,CATEGORY 1,CATEGORY 1,1297,1297,609,609,DUNBAR RD,DUNBAR RD,4110506,4110506,,,,,13,13,1967,1967,XXX,XXX,Y,Y,58d3db12-d210-45e7-8ef4-76b61071d07c,58d3db12-d210-45e7-8ef4-76b61071d07c,,,,,538802.9649,538802.9649,4810908.9894,4810908.9894,False,False,False,False,True,False,,False,False,not_main,2026-01-28T00:00:00,1,False,0,False
Water_Main_Breaks_-8394745777553033727.csv,2972,116817,116817,157534,157534,2/4/2026 6:24:10 AM,2026-02-04T06:24:10,SERVICE,SERVICE,Open,Open,Open,Open,4-8 hours,4-8 hours,0-50,0-50,,,REPAIR COMPLETED,REPAIR COMPLETED,2/4/2026 5:38:09 PM,2026-02-04T17:38:09,460820,460820,,,,,,,,,,,,,,,,,,,,,6969,6969,156,156,QUEEN ST N,QUEEN ST N,4086645,4086645,,,,,25,25,1970,1970,XXX,XXX,Y,Y,3c2dce35-df5f-4566-8c9c-b83bb41c62df,3c2dce35-df5f-4566-8c9c-b83bb41c62df,,,,,541772.3296,541772.3296,4811662.5555,4811662.5555,False,False,False,False,True,False,,False,False,not_main,2026-02-04T00:00:00,1,False,0,False
Water_Main_Breaks_-8394745777553033727.csv,2991,120961,120961,157973,157973,3/6/2026 4:07:10 PM,2026-03-06T16:07:10,SERVICE,SERVICE,Open,Open,Open,Open,4-8 hours,4-8 hours,0-50,0-50,,,REPAIR COMPLETED,REPAIR COMPLETED,3/6/2026 10:10:44 PM,2026-03-06T22:10:44,462998,462998,,,,,,,,,,,,,,,,,,,,,8752,8752,24,24,EDGEWOOD DR,EDGEWOOD DR,4750317,4750317,,,,,25,25,2017,2017,PE,PE,Y,Y,8b90e276-3c39-4f40-9216-f0515161d8f3,8b90e276-3c39-4f40-9216-f0515161d8f3,,,,,539538.5474,539538.5474,4809984.4832,4809984.4832,False,False,False,False,True,False,,False,False,not_main,2026-03-06T00:00:00,1,False,0,False
Water_Main_Breaks_-8394745777553033727.csv,2998,122561,122561,158353,158353,5/8/2026 9:45:48 AM,2026-05-08T09:45:48,MAIN,MAIN,Closed,Closed,Open,Open,4-8 hours,4-8 hours,0-50,0-50,,,REPAIR COMPLETED,REPAIR COMPLETED,5/8/2026 12:32:16 PM,2026-05-08T12:32:16,468063,468063,,,CIRCUMFERENTIAL,CIRCUMFERENTIAL,,,CLAMP,CLAMP,,,,,,,,,,,CATEGORY 1,CATEGORY 1,9764,9764,460,460,FREDERICK ST,FREDERICK ST,0,0,,,,,,,,,,,N,N,49d77c09-a150-4687-a2f5-15d89fddb8d7,49d77c09-a150-4687-a2f5-15d89fddb8d7,,,,,542708.1332,542708.1332,4811887.2183,4811887.2183,False,True,False,False,True,True,,False,False,unmatched_asset,2026-05-08T00:00:00,1,False,1,False
Water_Main_Breaks_-8394745777553033727.csv,3003,123521,123521,158533,158533,6/2/2026 10:08:03 AM,2026-06-02T10:08:03,SERVICE,SERVICE,Open,Open,Open,Open,4-8 hours,4-8 hours,0-50,0-50,,,REPAIR COMPLETED,REPAIR COMPLETED,6/2/2026 10:08:03 AM,2026-06-02T10:08:03,469872,469872,,,,,,,,,,,,,,,,,,,,,13112,13112,6,6,BRIDGE ST E,BRIDGE ST E,4643380,4643380,,,,,50,50,2010,2010,PVC,PVC,Y,Y,20afab86-be03-4b98-abcc-c2698ae38ada,20afab86-be03-4b98-abcc-c2698ae38ada,,,,,542023.9995,542023.9995,4814387.8768,4814387.8768,False,False,False,False,True,False,,False,False,not_main,2026-06-02T00:00:00,1,False,0,False
Water_Main_Breaks_-8394745777553033727.csv,3009,124801,124801,158835,158835,7/20/2026 10:38:08 AM,2026-07-20T10:38:08,SERVICE,SERVICE,Open,Open,Open,Open,4-8 hours,4-8 hours,0-50,0-50,,,REPAIR COMPLETED,REPAIR COMPLETED,7/23/2026 2:36:11 PM,2026-07-23T14:36:11,474326,474326,,,,,,,,,,,,,,,,,,,,,21762,21762,45,45,BIEHN DR,BIEHN DR,4123192,4123192,,,,,25,25,1994,1994,XXX,XXX,Y,Y,2e640737-93f7-4ac9-acdf-6b55ed5b9ba2,2e640737-93f7-4ac9-acdf-6b55ed5b9ba2,,,,,544092.743,544092.743,4804970.6948,4804970.6948,False,False,False,False,True,False,,False,False,not_main,2026-07-20T00:00:00,1,False,0,False
Water_Main_Breaks_-8394745777553033727.csv,3019,127681,127681,159193,159193,9/2/2026 10:23:12 AM,2026-09-02T10:23:12,SERVICE,SERVICE,Open,Open,Open,Open,8-12 hours,8-12 hours,0-50,0-50,,,REPAIR COMPLETED,REPAIR COMPLETED,9/2/2026 10:23:12 AM,2026-09-02T10:23:12,478492,478492,,,,,,,,,,,,,,,,,,,,,11168,11168,351,351,MARGARET AVE,MARGARET AVE,4128853,4128853,,,,,50,50,1975,1975,XXX,XXX,Y,Y,6959d5c1-f0e3-4874-90be-8a3c29cdcef7,6959d5c1-f0e3-4874-90be-8a3c29cdcef7,,,,,540748.9139,540748.9139,4812579.2275,4812579.2275,False,False,False,False,True,False,,False,False,not_main,2026-09-02T00:00:00,1,False,0,False
